# 3D point list with one line of data per point:
#   POINT3D_ID, X, Y, Z, R, G, B, ERROR, TRACK[] as (IMAGE_ID, POINT2D_IDX)
# Number of points: 3039, mean track length: 3.453767686739059
1 -0.92683122248765026 -1.2911032330413701 7.9691695898423118 0 0 0 0.69682307353409645 3 606 6 1587 7 1641 5 888
2 1.9460861660270494 -0.98732718977828882 7.1996081175149422 0 0 0 0.33261623038217247 3 583 6 1741 7 5072
3 1.2375859861339864 -0.91347250271822833 7.2833663312308037 0 0 0 0.44191285264820684 3 619 6 1784 7 5123
4 -1.8415815101841559 0.71935756602820111 7.2958304120733972 0 0 0 0.55471350102833206 3 1253 6 2625 8 3070
5 2.3166866478112826 0.69733195495985068 6.1278664555700466 0 0 0 0.65095679640953197 3 1251 6 2764 7 2725
6 2.6871443003182582 0.72940849499059479 6.4896893054385307 0 0 0 0.52440382525787921 3 1234 6 2773 8 1985
7 2.8350766105071323 1.1323397207725989 6.3259195253916083 0 0 0 0.59998146196321767 3 1557 6 3060 7 2946
8 2.8411222179773663 1.174185448298241 6.3307945581645795 0 0 0 1.2539121593886473 3 1594 6 3084 7 2965 4 2028
9 1.0908195599995347 1.6993074129004755 6.1770924094215252 0 0 0 2.7895244507902617 3 1863 6 3428 7 3199 1 9201
10 1.9191833691070339 -4.5583824391002734 8.3163581107661457 0 0 0 0.35941771261443989 3 33 6 4287 7 3849 8 73
11 1.2096984747765582 -4.6706945289414845 8.482971421915309 0 0 0 0.23589848019232504 3 42 6 4291 8 43
12 1.4632884097033596 -4.4650039620334958 8.4186916353957049 0 0 0 0.24807515781556688 3 54 6 4325 8 108
13 1.3686418414224353 -4.4004225862073998 8.4113554622301372 0 0 0 0.58525964852923529 3 61 6 4336 7 3922 8 118
14 1.0359010617499613 -4.2754316518086473 8.2175893877393147 0 0 0 0.18212195217030766 3 70 6 4342 8 117
15 2.2938082857166524 -3.0912080782430542 7.5428513495121114 0 0 0 0.34031527036914827 3 153 6 4580 7 4190
16 2.3147259614587927 -2.6963513143431581 7.316093117952069 0 0 0 0.37137346452205272 3 196 6 4688 8 401
17 2.2817359483094295 -2.6454469162606764 7.3308404931237847 0 0 0 0.35973222866909504 3 207 6 4707 7 4336 8 425
18 2.690016686974531 -2.6231438124051198 7.4568124776738332 0 0 0 0.098194794157421716 3 209 6 4727 7 4348 8 471
19 2.690016686974531 -2.6231438124051198 7.4568124776738332 0 0 0 0.098194794157421716 3 210 6 4728 7 4349 8 472
20 2.4354356693396557 -2.5305642817836169 7.2753654476894569 0 0 0 0.29820792985759165 3 215 6 4738 8 476
21 1.8763645110162137 -2.5749041292284565 7.5702591903484828 0 0 0 0.34742173761791284 3 257 6 4765 7 4473 8 468
22 1.8763645110162137 -2.5749041292284565 7.5702591903484828 0 0 0 0.34742173761791284 3 258 6 4766 7 4474 8 469
23 1.8483146661412775 -2.5670705704351002 7.5807914318077403 0 0 0 0.20958495498506094 3 261 6 4771 7 4481
24 1.6017381805713984 -2.571845056305206 7.6367107472739297 0 0 0 0.46313418662141992 3 276 6 4779 7 4500 8 464
25 1.6018550464143231 -2.5711027427309747 7.6367262023090055 0 0 0 0.52451759600144465 3 277 6 4780 8 465
26 1.6698153053831046 -2.5563624754472376 7.6252197630089755 0 0 0 0.33942884548104801 3 278 6 4786 7 4504 8 484
27 1.7032937029880912 -2.5536355943562907 7.6155042037736935 0 0 0 0.51297826779791245 3 274 6 4787 7 4502 8 486
29 0.7116189019218605 -2.4648455857595062 7.8631044058274044 0 0 0 0.43011613087195044 3 335 6 4880 7 4618 8 504
30 2.5762827117435076 -1.7442393351084173 7.1868984078478046 0 0 0 0.33382131842911128 3 395 6 5144 7 4770 8 788
31 2.6673910323328878 -1.7142868912394877 7.1740072420330163 0 0 0 0.20580036771158128 3 404 6 5155 7 4781 8 801
32 2.6839370686907258 -1.6830949692628079 7.197769427917355 0 0 0 0.10676889962177699 3 2476 6 5172 7 7159
33 2.5377039054064356 -1.6734818660437505 7.2121199280474251 0 0 0 0.15445964564122455 3 421 6 5178 8 818
34 2.0820113270681571 -1.6644841881435848 7.2677106820566131 0 0 0 0.18583005823412022 3 440 6 5185 7 4822 8 805
35 2.6155102469003282 -1.516949419925121 7.1567867021916749 0 0 0 0.0695207947760349 3 461 6 5211 7 4849
36 1.6120248265842394 -1.4597146985959688 7.3236057224845652 0 0 0 0.98211264963284084 3 504 6 5231 7 4904 8 895 10 3590 1 4153
37 1.7147062044330881 -1.4145474476661015 7.3180134880929986 0 0 0 0.1334091172758502 3 511 6 5273 7 4918 8 930
38 1.6464522357582654 -1.4044191085206181 7.3229074566316132 0 0 0 0.17879733138400666 3 512 6 5276 7 4922
39 0.25278934200194514 -1.440752891924006 7.6819109826853467 0 0 0 0.54716752272184277 3 548 6 5287 7 4974
40 1.6027332996970705 -1.3662793890371394 7.3440574802704761 0 0 0 0.1991449210864765 3 525 6 5292 8 954
41 2.0544956195470139 -1.3142660089672671 7.1775962681738434 0 0 0 0.28670998737374759 3 2534 6 5298 7 7254 8 982
42 -0.93667340785532383 -1.3915808084333527 7.9736980656045171 0 0 0 0.2338192469717387 3 578 6 5323 8 861
43 1.6923732816089185 -1.3000987481880324 7.3651907169223003 0 0 0 0.2451001755214898 3 537 6 5333 7 4968
44 1.6923732816089185 -1.3000987481880324 7.3651907169223003 0 0 0 0.2451001755214898 3 538 6 5334 7 4969
45 1.7588991317898344 -1.2975545350921591 7.3477481866477659 0 0 0 0.28649812677055703 3 533 6 5335 7 4963 8 992
46 2.1280140587332204 -1.2005303033957651 7.1275047905529787 0 0 0 0.34455574673934569 3 539 6 5394 7 4986 8 1043
47 -0.86268428592357449 -1.2950983710109676 7.9511783636234181 0 0 0 0.73668575358155353 3 599 6 5398 7 5044 8 904 5 889
48 0.31055654234240143 -1.1903234209138418 7.7976912568956962 0 0 0 0.30329833920736993 3 596 6 5434 7 5053 8 1005
49 0.080124232597445805 -1.1433516644289043 7.6894255913468479 0 0 0 2.2513593633217805 3 2609 6 5447 7 5083
50 0.080124232597445805 -1.1433516644289043 7.6894255913468479 0 0 0 2.2513593633217805 3 2610 6 5448 7 5084
51 0.23937795736244141 -1.1690493474411712 7.7993272233245508 0 0 0 0.27445893570694635 3 601 6 5449 7 1657 8 1012
52 0.23937795736244141 -1.1690493474411712 7.7993272233245508 0 0 0 0.27445893570694635 3 602 6 5450 7 1658 8 1013
53 1.34180699805416 -1.0789523902076463 7.3262220319406124 0 0 0 0.37074967165662248 3 580 6 5461 7 5048
54 -0.34092199062080297 -1.0975706302667838 7.6268912666325797 0 0 0 0.5270558746459898 3 2625 6 5469 7 7343 8 2473
55 -1.2726368882334347 -1.0638445648660331 8.0112296117789992 0 0 0 0.36963916398863994 3 648 6 5509 7 5157 8 1004
56 2.0574199633819559 -0.96152787888911406 7.1876508902823222 0 0 0 0.56513196851717695 3 588 6 5532 7 1674 8 1126
57 0.36532276082629334 -0.95459918093270724 7.7327539998051238 0 0 0 0.39179608748443639 3 635 6 5563 7 5150 8 2568
58 0.46246193952044823 -0.95190479976479492 7.6942796187040239 0 0 0 0.41743674452512902 3 630 6 5564 7 5146 8 1093
59 0.46246193952044823 -0.95190479976479492 7.6942796187040239 0 0 0 0.41743674452512902 3 631 6 5565 7 5147 8 1094
60 -1.0388439839789119 -0.91937231724249013 7.9433478869814067 0 0 0 0.48925131002535344 3 693 6 5579 7 5201 8 1063
61 0.61284405867284542 -0.90118151545921554 7.6414903207458869 0 0 0 0.45194387486333193 3 639 6 5584 7 5169 8 2591
62 -1.5085350554327974 -0.86681678461104605 7.9931582984306111 0 0 0 0.37548207876460943 3 725 6 5605 7 5227 8 1064
63 -0.03858675957465868 -0.8732283839158157 7.7954281083250274 0 0 0 0.18788803596968262 3 679 6 5607 8 2586
64 0.4305648323735265 -0.82373481246981028 7.6648990237374779 0 0 0 0.45462812220283927 3 680 6 5619 7 5198 8 2617
65 -1.6924748974252171 -0.73612457241547036 7.8101757936135616 0 0 0 0.35561652725882803 3 760 6 5639 7 5263 8 1097
66 2.8015750467504232 -0.71783038211880335 6.8528900028958235 0 0 0 0.33646776670935169 3 621 6 5642 7 5163 8 1249
67 0.048471148253148036 -0.74198854558375726 7.7596774492414422 0 0 0 0.33917663644269974 3 721 6 5653 7 5239
68 0.63047546388237841 -0.65386786008503262 7.5577949970358187 0 0 0 0.83430871717303423 3 733 6 5674 7 5248 8 1201 4 3873
69 1.152913601021639 -0.54115599647061718 6.9405785962562696 0 0 0 0.60705035167465415 3 744 6 5693 7 5270 8 1247
71 1.1658268366832492 -0.43130941638454712 6.9042280957591524 0 0 0 0.51579738495158434 3 2728 6 5715 7 5307 8 1291
72 2.3850983361300324 -0.3657745030268415 6.5085226691174389 0 0 0 0.26664152750865561 3 759 6 5746 8 1398
73 1.7561469031145129 -0.17165367250053135 6.6095082610787816 0 0 0 0.36703615092142911 3 862 6 5875 8 1448
74 2.3401262278264343 -0.089405878818023865 6.379445136559843 0 0 0 0.34652363050922874 3 869 6 5927 7 5461
75 2.6741929377649214 0.16633921292329293 6.6311805196130926 0 0 0 0.50969489915686494 3 2880 6 6059 7 5609
76 0.96642353641545042 0.32598858054873908 6.6096682895498651 0 0 0 0.2444148033060014 3 1054 6 6110 7 5745
77 0.72922854974578688 0.36231160114137251 6.7156361585701587 0 0 0 0.31686733823792163 3 1074 6 6124 7 5760
78 -0.93178471753532599 0.45649072472888241 7.1862028475657054 0 0 0 0.39465994698493406 3 1133 6 6135 7 5788 8 3015
79 -0.99069446639987058 0.52252386413319196 7.1658055273781276 0 0 0 0.26516032664696781 3 1152 6 6151 7 2585
80 1.3001297060544985 0.41155967304266305 6.5684987678897695 0 0 0 0.47595011588218528 3 1089 6 6153 7 2528 8 1685 10 7422 9 7036 4 4200 5 1860
81 0.21711701712112277 0.47514527671893098 6.8310625046331772 0 0 0 0.32418797080299694 3 1134 6 6156 8 3066
82 -0.93996048120256193 0.53880579136237872 7.1600028068006916 0 0 0 0.33060990070713242 3 1157 6 6157 7 5820 8 3041
83 0.31582664410749811 0.52821865663782863 6.8624692518206247 0 0 0 0.30570022718973233 3 1148 6 6176 7 2588 8 3084
84 -0.73007727794752042 0.60549347488774841 7.089460955597974 0 0 0 0.81229722211244382 3 1187 6 6182 7 2627 8 3074 1 8783 10 8458 5 1879
85 2.274388802816254 0.43776298456624813 6.2217786137753963 0 0 0 0.39647157737741362 3 1092 6 6183 7 5783 8 3147
86 -0.95620841301120418 0.62335748142560632 7.1456816423293681 0 0 0 1.3385617823943519 3 1196 6 6187 7 5838 1 7219 5 1880
87 0.26188212254789556 0.60809975034321817 6.8852138108527354 0 0 0 0.94064885221708627 3 1184 6 6197 7 2626 8 1731
88 0.093061047883523026 0.62503390230914246 6.876622012956167 0 0 0 0.32634721621449148 3 1197 6 6199 7 5842 8 1728
89 -0.71929368600240873 0.69670819196233014 7.064828924417152 0 0 0 0.88867777589354502 3 1231 6 6210 7 5867 8 1714 1 8826 10 8484 4 6232 5 5723
90 -1.8499990175732552 0.76042091408113455 7.2743077938892347 0 0 0 0.34775007646319672 3 1280 6 6213 8 1674
91 -1.8499990175732552 0.76042091408113399 7.2743077938892347 0 0 0 0.34775007646324391 3 1281 6 6214 8 1675
92 -1.215802279990043 0.77329679190694511 7.171097463439799 0 0 0 1.3603175051965444 3 1284 6 6222 8 1722 10 7476 1 7269
93 2.7493193365409461 0.63109802932289683 6.4848846794433346 0 0 0 0.46148225709006396 3 1174 6 6262 7 2643 8 1933
94 2.4263389227981622 0.67112363121446605 6.1195878277631302 0 0 0 0.46532493093199273 3 1219 6 6290 8 1954
95 0.26242247107557592 0.89749308216671697 7.0170094869174831 0 0 0 0.1492886318247767 3 1360 6 6305 7 5951 8 3199
96 0.22328753198770707 0.93353692990387804 7.0252709715694639 0 0 0 0.15168695303335472 3 1385 6 6321 7 5964 8 3202
97 -1.1993852352262504 1.0451335043814793 7.2758623017577557 0 0 0 0.51569682018392793 3 1443 6 6336 7 5998 8 3188
98 -1.4581766380513268 1.0971022519831182 7.1155203537018874 0 0 0 1.3258476159595978 3 1491 6 6362 8 1918 10 7628
99 1.3517348640349527 0.92367583550026033 6.4837227946709985 0 0 0 0.53196674130606036 3 3150 6 6368 7 5991
100 1.3291012767141075 0.98601375194721597 6.4720194881351958 0 0 0 0.44924607960374813 3 3179 6 6394 7 7959
101 2.4155665726654156 0.88833581003541695 6.0351346125765843 0 0 0 0.79972000739770976 3 1421 6 6407 7 2832
102 2.8199913563694383 0.9615235301505719 6.3791267345896339 0 0 0 0.51884265278138242 3 1429 6 6428 7 2843
103 1.4747568024999529 1.1354397081177019 6.5886576834288997 0 0 0 0.14590478909720961 3 3246 6 6467 7 6062
104 1.1099081822896653 1.1578099551908829 6.3355199513284584 0 0 0 0.68975924099832564 3 1592 6 6484 7 6083
105 -1.8037399393866453 1.8031403270741644 6.9452729219255769 0 0 0 0.95448617968242788 3 1814 6 6657 2 2609
106 2.0627716148294795 -4.6526779084100047 8.3128391439487785 0 0 0 0.52107059427664837 3 20 6 7296 7 6685
107 2.0668079717634691 -4.5088022003453077 8.2541043339647509 0 0 0 0.44593436592073848 3 29 6 7313 8 80
108 1.557071933291309 -4.52238761805864 8.3700332360185445 0 0 0 0.27857346437403097 3 44 6 7326 8 2029
109 1.557071933291309 -4.52238761805864 8.3700332360185445 0 0 0 0.27857346437403097 3 45 6 7327 8 2030
110 1.3449292941142537 -4.4932112869705367 8.4073550021551711 0 0 0 0.33419455431498918 3 53 6 7333 7 8539
111 1.8876860468355181 -4.3911905176109345 8.3577182565825474 0 0 0 0.36394010946445343 3 2242 6 7337 7 8538 8 2040
112 2.3119404424728258 -2.6530117967716129 7.3276648143765382 0 0 0 0.26958681090341818 3 2344 6 7547 7 6949 8 2204
113 2.573859201742315 -2.6206884186315484 7.4790435260939745 0 0 0 0.1967828710901034 3 2351 6 7575 7 6957 8 2220
114 2.6042200653721945 -2.4844434701778684 7.477697227940431 0 0 0 0.13580629528168758 3 2362 6 7616 7 6990 8 2252
115 1.0693471963038701 -2.5375306918531657 7.6226707300037777 0 0 0 0.44309127076953814 3 2394 6 7619 7 7030 8 2217
116 2.2510711301096307 -2.4157626336679554 7.2874155450985247 0 0 0 0.51307947316122993 3 2369 6 7620 7 7001 8 533
117 1.3215343924506253 -2.4581221453608242 7.7146499343040995 0 0 0 0.40427534676636179 3 2402 6 7654 7 7044 8 2240
118 2.0409419888272038 -2.3777741549294298 7.5193502708105031 0 0 0 0.36590187123553813 3 2393 6 7657 7 7038 8 2275
119 1.2857567849933573 -2.4207260057782172 7.6846742578359883 0 0 0 0.59455966475059796 3 2409 6 7659 7 8757 8 2246
120 0.58890485939808357 -2.4353526417852658 7.8964346767649261 0 0 0 0.27659779503286192 3 349 6 7669 7 4640
121 -0.3284030206662758 -2.377073485161568 8.076100650718443 0 0 0 0.30302195527894604 3 2457 6 7710 7 7094 8 2241
122 -0.1642329741821528 -2.307510651666222 8.0416099524115143 0 0 0 0.42215337227997385 3 2462 6 7723 7 7106 8 2267
123 0.10105116254406303 -2.2538208001494029 7.9919415603312913 0 0 0 0.15945258857714464 3 2464 6 7735 8 2289
124 1.1487526156557279 -1.6164247571554733 7.3478313513160733 0 0 0 0.29303099505050556 3 2503 6 7851 7 7215 8 2372
125 1.4419998860223948 -1.6096754293135291 7.3997540980826182 0 0 0 0.1016228352292541 3 487 6 7859 8 2382
126 2.3964373867282656 -1.3807001550823703 6.9484036305552976 0 0 0 0.36482582962488985 3 2507 6 7879 8 957
127 0.57430786160744418 -1.4360068306908012 7.5816583066368688 0 0 0 0.64674868317942324 3 2545 6 7892 7 7261 1 6437
128 0.12190270692107137 -1.400948140034153 7.6872516591163738 0 0 0 0.34894202672257141 3 2558 6 7904 7 7275 8 2407
129 -1.070350811868771 -1.3037827883465734 7.9881350864892786 0 0 0 0.45536338427799389 3 607 6 7940 7 7315 8 2410
130 1.609951190130914 -1.2223779123624674 7.3606428237424142 0 0 0 0.2979294465781922 3 2556 6 7945 7 7282 8 2496
131 -0.1274849754991256 -1.2481155090020475 7.7316603141644009 0 0 0 0.55501773584682701 3 2586 6 7951 7 7307
132 0.21799646902686273 -1.2153009120607752 7.778054256002199 0 0 0 0.30270000903335337 3 590 6 7962 7 5042 8 2455
133 0.21799646902686273 -1.2153009120607752 7.778054256002199 0 0 0 0.30270000903335337 3 591 6 7963 7 5043 8 2456
134 1.6315160392619854 -1.1315854155444536 7.3486639961239586 0 0 0 0.36628336461318273 3 2570 6 7973 8 2525
135 1.6317032942294247 -1.1299348190658383 7.3482808965266262 0 0 0 0.45940525678475175 3 2571 6 7974 7 7300 8 2526
136 0.10610128626543683 -1.1605677417940872 7.7851827125787416 0 0 0 0.23102610031208903 3 2611 6 7983 7 7324 8 3618
137 0.10610128626543683 -1.1605677417940872 7.7851827125787416 0 0 0 0.23102610031208903 3 2612 6 7984 7 7325 8 3619
138 0.27960232246896249 -1.1636966437225662 7.7930949200296435 0 0 0 0.2991638383234258 3 2603 6 7985 7 7320 8 2490
139 0.27960232246896249 -1.1636966437225662 7.7930949200296435 0 0 0 0.2991638383234258 3 2604 6 7986 7 7321 8 2491
140 0.19225098725988371 -1.1497569937812024 7.809128911564561 0 0 0 0.30297688422290786 3 2615 6 7988 7 7330 8 2494
141 1.6353013334080051 -1.0540105678389018 7.2970217824456185 0 0 0 0.30126415143024016 3 4063 6 7995 8 2558
142 0.083785507018970903 -1.0804014689234629 7.8099515820490852 0 0 0 0.17162815861269329 3 2624 6 7999 7 7345 8 3649
143 0.11303053619061937 -1.0779766564860371 7.8142677225411132 0 0 0 0.2380777479249214 3 618 6 8000 7 5104 8 2513
144 -0.34628895277938171 -1.0246915933230998 7.5668609152443098 0 0 0 0.43723558011119934 3 4087 6 8006 7 8974 8 3638
146 -0.46535864580371067 -0.96704308193203403 7.5420887894297595 0 0 0 0.81956770966213843 3 2651 6 8026 7 7376 8 2517 1 6551 10 6809 2 1238
147 -0.44349936486941771 -0.93613573529070193 7.5203839609403689 0 0 0 0.63705953044064378 3 654 6 8039 7 5178 8 2523 1 6570
148 -0.44349936486941771 -0.93613573529070193 7.5203839609403689 0 0 0 0.63705953044064378 3 655 6 8040 7 5179 8 2524 1 6571
149 -0.36035382912446967 -0.93446026154066031 7.4857132297072164 0 0 0 0.31274743643533259 3 2655 6 8042 7 7383 8 3665
150 1.2814613549598632 -0.92916658047388889 7.299052024874225 0 0 0 0.5024837262063826 3 616 6 8050 7 5116 8 2590
151 -1.193298928023325 -0.96174423305980006 8.0156901949599444 0 0 0 0.42221643922501184 3 2672 6 8058 7 7403 8 2516
152 -1.1788875589371646 -0.92569322283131228 7.9935005674385549 0 0 0 0.43655048905770044 3 2679 6 8080 7 7413 8 2531
153 -0.38562536291926647 -0.84914340263909771 7.4592276878927928 0 0 0 0.44740736638769879 3 2673 6 8089 7 7411 8 3679
154 0.65649922902490787 -0.864873240534481 7.6281205919714887 0 0 0 0.56244307172734764 3 647 6 8096 7 5186 8 2604
155 0.19070829510749288 -0.86374254143456231 7.7238288167677123 0 0 0 0.1518663098737103 3 2663 6 8099 7 7405
156 0.17874325662366897 -0.83382767658361279 7.7366626957889624 0 0 0 0.31815019537711686 3 2668 6 8110 7 7414 8 2603
157 1.4953193804621991 -0.81060498168114969 7.3967365696331928 0 0 0 0.43205036233471789 3 4094 6 8115 7 7392
158 2.5737783571021899 -0.7153904577846053 6.843592817957779 0 0 0 0.36227565995151806 3 2632 6 8128 7 7382
159 0.49753918273315156 -0.7561020479917252 7.6271943303512728 0 0 0 0.4065266145914852 3 2682 6 8129 7 7424 8 2645
160 -1.1349329807185617 -0.73205284347912747 7.8813157747089937 0 0 0 0.50425727991019442 3 750 6 8139 8 2597
161 -1.6711877829951927 -0.69386687900941635 7.8944113672554987 0 0 0 1.2174702714598122 3 4154 6 8151 8 3683 10 6900 1 6663
162 0.68059700358518371 -0.64658514832625469 7.5681307232454031 0 0 0 0.55380144504406958 3 2700 6 8170 7 7448 8 2665
163 2.5986501827279267 -0.62511554463944474 6.8951461851949469 0 0 0 0.10456287892633119 3 2656 6 8171 8 2718
164 -1.6002290152922629 -0.588741764938012 7.9347457230599607 0 0 0 0.33807696493614781 3 2755 6 8182 7 7505 8 3705
165 0.66479425683122817 -0.56727213495609952 7.5412239403146968 0 0 0 0.64831937739294054 3 2714 6 8190 7 7467 8 2679
166 0.62806896954385871 -0.55378710967539846 7.5496678469246499 0 0 0 0.73016317852972856 3 2716 6 8194 7 7471 8 2687
167 0.56669387717389896 -0.51882341874208726 7.543790412987236 0 0 0 0.91707611633474184 3 2724 6 8200 7 7482 8 3739
168 0.5656227462717508 -0.51794372870624694 7.5470663296775378 0 0 0 0.86582637398087214 3 2725 6 8201 7 7483
169 1.1352032972012054 -0.44553598689489804 6.9172547573172221 0 0 0 0.4238804471302039 3 776 6 8211 7 5298 8 1286
170 -0.43439560487696105 -0.42928796261166152 7.3294863098869758 0 0 0 0.85267360593698005 3 829 6 8213 7 7540 8 2682 1 6803 10 7014 2 1455
171 2.4176916319421649 -0.42931024204456586 6.5050515076493109 0 0 0 0.40851452952613598 3 4139 6 8220 7 7469 8 2758
172 2.6464964732847589 -0.40061441338652976 6.8059183046682685 0 0 0 0.4996522718102851 3 2711 6 8246 7 7474 8 2805
173 1.3432618154111888 -0.25054641970841041 7.0080404063328272 0 0 0 0.73394408889262752 3 851 6 8296 7 5404 8 2812
174 2.3521062783716573 -0.2154456785781029 6.4039874860832322 0 0 0 0.26304051301260573 3 2767 6 8315 7 7573 8 2850
175 2.6692339536698375 -0.12792077481130701 6.717196661760136 0 0 0 0.47292460907808709 3 859 6 8358 7 5437 8 1530
176 0.35804389684162691 0.40019308628430866 6.7919786146008168 0 0 0 0.3616256549696592 3 2959 6 8539 8 3046
177 2.7982131787476821 0.3064538687406046 6.5681894038924682 0 0 0 0.39484145309630869 3 2918 6 8541 8 3109
178 1.3580967893799729 0.4053308326363585 6.5530997845756609 0 0 0 0.55769390911391514 3 1086 6 8549 8 3086 10 7421 9 7037 4 6211
179 -1.8127307819099312 0.57556106659076522 7.3118929784656439 0 0 0 0.31135822348433889 3 3006 6 8551 8 3992
180 2.0979118603314273 0.41571727138379322 6.3384930606773979 0 0 0 0.39134804554747538 3 2957 6 8563 7 7818 8 3124 2 1892
181 1.2528667814283336 0.47995985596551444 6.5745757155249231 0 0 0 0.25929543365603136 3 1131 6 8569 7 5801 8 3112
182 -0.075600792387251245 0.57848927918115989 6.8962638201236643 0 0 0 0.61830988363695272 3 1172 6 8574 7 5834 8 3088 1 8794 10 8466 9 8578 4 6217 5 5701
183 0.37618051213370146 0.5572749682911482 6.8389910166358288 0 0 0 0.58887354013475102 3 2997 6 8575 7 9254 8 3097
184 1.6101678442937077 0.48213312019041576 6.4895096666637393 0 0 0 0.74012595425148464 3 2970 6 8576 7 5803 8 3126
185 0.62693173496145094 0.54803781645536187 6.7163058706455434 0 0 0 0.54806952498868755 3 1159 6 8579 8 3110 1 8811 10 8471 9 8583 4 6221 5 5712 2 1964
186 -0.19654199192606725 0.62800383955745742 6.9178714167988531 0 0 0 0.52503513116465039 3 1199 6 8586 7 7864 8 4037 1 8814 10 9243 2 2007
187 -1.278312100143173 0.70344790659158052 7.1892701039320333 0 0 0 1.1618691226872211 3 1241 6 8599 7 5868 1 8805
188 1.0211224809052415 0.63656581623269104 6.5225599864320003 0 0 0 0.31166043691321083 3 3024 6 8614 7 7877
189 -0.32786718143917976 0.73024889516386848 6.9145670701994888 0 0 0 0.27123173008409368 3 1265 6 8617 7 7897 8 4067
190 0.050324803229928328 0.7600638349517308 6.9060293842297451 0 0 0 0.36234618025708526 3 3060 6 8629 8 3159
191 1.5475299169712429 0.66704182515159582 6.5165366290522186 0 0 0 0.41210681767755303 3 4361 6 8631 7 7884
192 -0.8435519312743428 0.8224556622825272 7.0463654484189089 0 0 0 1.0787867197230243 3 1320 6 8634 8 3143 1 8852 10 8522
193 -0.8435519312743428 0.8224556622825272 7.0463654484189089 0 0 0 1.0787867197230243 3 1321 6 8635 8 3144 1 8853 10 8523
194 0.25453366211969164 0.78846029185193722 6.9603595776194904 0 0 0 0.16513588785943153 3 3068 6 8640 7 7906
195 -1.7821914741615301 0.92009468944019401 7.212143893043069 0 0 0 0.29882065052430884 3 1380 6 8647 8 4072 2 2140
196 -0.13635930404980054 0.8564103257437794 6.8863558438882331 0 0 0 0.27543081192067403 3 3108 6 8657 7 9305
197 -1.4476041118784515 0.94404451415232515 7.1502946577071578 0 0 0 1.2225351765459735 3 1402 6 8660 7 5968 10 8554
198 -1.1243162704922463 0.98597356358635679 7.2737910388264337 0 0 0 0.52369647725178869 3 3145 6 8670 7 7933 8 4109
199 -1.169982636115581 1.023249804821619 7.2690180715373707 0 0 0 0.44508948814143301 3 3159 6 8677 7 7941 8 3186
200 0.17402279426395123 0.9381087480343786 7.0065977862850195 0 0 0 0.21862067689097686 3 3127 6 8678 7 5967 8 3201
201 -1.2447084048130521 1.0918288616511183 7.2670664435976446 0 0 0 0.46195885933380326 3 1474 6 8705 7 7962 8 3200
202 1.3681153387454108 0.89521740273237893 6.4898292003636824 0 0 0 0.25601029751163701 3 3134 6 8708 7 7934
203 0.024770851865553778 1.0341592064298124 6.965645208913366 0 0 0 0.17683965846187069 3 3176 6 8710 7 7952 8 4166
204 2.3452076236389159 0.88585267676529755 6.0574178778734051 0 0 0 0.69030767708739227 3 3152 6 8740 7 7945
205 0.032522485620718536 1.1673422864572274 6.9758299225663514 0 0 0 0.12072639846574962 3 3234 6 8750 7 8001
206 0.032522485620718536 1.1673422864572274 6.9758299225663514 0 0 0 0.12072639846574962 3 3235 6 8751 7 8002
207 -1.2907651025156208 1.2957405353877371 7.3102208271607392 0 0 0 0.19191393092156739 3 3268 6 8754 7 8026
208 -1.4163106667159846 1.4240060440168414 7.2564911707944662 0 0 0 0.35385484253047111 3 3332 6 8796 7 8060
209 1.2846582456953173 1.2023088646946138 6.4240595337518078 0 0 0 0.26407765916331738 3 4548 6 8808 7 8044
210 -0.016933409749262735 1.3702164373383539 6.923910947683753 0 0 0 0.17442959378418801 3 3337 6 8811 7 8067
211 2.7139365687869463 1.165113815612653 6.3568760906244623 0 0 0 0.47959376986900004 3 1586 6 8823 7 6086
212 0.045495359689733027 1.4479258647523006 6.9485095170133295 0 0 0 0.16318289542141431 3 4596 6 8838 7 8100
213 1.2031217326341337 1.294890414881843 6.3398884315110928 0 0 0 0.68849777855592686 3 4588 6 8852 7 8087
214 -0.34064516429868957 1.4928545460818112 6.6595049706339351 0 0 0 0.42496389143281094 3 3408 6 8871 7 8136
215 0.051853502909346642 1.5270536028784887 6.9265477366996873 0 0 0 0.14691675552001629 3 3395 6 8873 7 8124
216 -0.1651124395864052 1.5464572475404961 6.8221858230598436 0 0 0 0.23703065988027872 3 3416 6 8880 7 6172
217 0.080826350703801467 1.5972023221046208 6.9457066727469128 0 0 0 0.2799337361733687 3 3423 6 8901 7 8158
218 0.080826350703801467 1.5972023221046208 6.9457066727469128 0 0 0 0.2799337361733687 3 3424 6 8902 7 8159
219 2.4308002133019926 1.2661567386273898 5.9563461733323004 0 0 0 0.26039960897095438 3 4600 6 8903 7 8113
220 -0.4314737184817159 1.5689747602847768 6.6412632865116059 0 0 0 2.1093869890356682 3 3432 6 8913 7 8169 1 10739
221 -0.42480536064618474 1.5951569347370367 6.6206179427510055 0 0 0 1.8216829496671467 3 3446 6 8919 7 6205 1 10049
222 -1.7376832752982394 1.8339930601471468 6.8954299676441071 0 0 0 0.52554393394296917 3 1834 6 8940
223 1.0527436485748214 1.6858281217800648 6.1885760452593654 0 0 0 2.1815258118088297 3 3490 6 8974 1 10101
224 1.1203775016462165 1.713780731037398 6.1607595659211745 0 0 0 2.8988951581925342 3 1871 6 8983 7 8233 1 10115
225 1.1144848120987081 1.7111384572243564 6.183980024334935 0 0 0 0.70751184116711541 3 1872 6 8984
226 2.117606003511749 -4.7489306502319417 8.3050331745857076 0 0 0 0.46711133631958174 3 3707 6 9339 8 3289
227 -0.35783191785215257 -3.5175084735720898 8.5224879317018321 0 0 0 0.53212053129933079 3 3808 6 9429 7 8660 8 3367
228 -0.35683972757090548 -3.3884178009329053 8.4842383199505793 0 0 0 0.46568736207622269 3 3817 6 9441 7 8670 8 3380
229 -0.35365140281822133 -3.3017682124451571 8.45603595456598 0 0 0 0.44378829012686494 3 3822 6 9449 7 8686 8 3384
230 -0.35249216148852003 -3.2196199100120868 8.4341236096995793 0 0 0 0.42988704897448921 3 3833 6 9460 7 8695 8 3392
231 -0.34665766556550853 -2.9802337849165967 8.3580392596021156 0 0 0 0.3652185752793391 3 3868 6 9481 7 8725 8 3407
232 2.6419722639096959 -2.4588743356626819 7.4421072072701699 0 0 0 0.17957733410036614 3 3829 6 9508 7 8710 8 3463
233 2.0333228709412157 -2.4637147615423021 7.5265043751105702 0 0 0 0.38622672182944684 3 2378 6 9514 7 8732 8 3460
234 2.3115107904799981 -2.3304896464476363 7.2669107385945058 0 0 0 0.34309603848509268 3 2379 6 9521 7 7021 8 3466
235 1.1098489062830286 -1.4771093890151215 7.3116987923411028 0 0 0 0.80404785213453311 3 2529 6 9650 7 7238 8 2398 1 6418 5 5005 10 5323 2 995
236 1.1087460706256529 -1.478807098102553 7.3288387551858332 0 0 0 0.23983866730027967 3 2530 6 9651 7 7239 8 2399
237 1.1063325449569652 -1.3992428933710845 7.3001551580944879 0 0 0 0.40536775979240869 3 4022 6 9659 7 8897 8 3581
238 1.0382739765977667 -1.3515964382601009 7.300778908959483 0 0 0 0.31320704209589662 3 2542 6 9663 8 3590
239 -0.38410166109975219 -1.3430128490673554 7.6484076994858796 0 0 0 0.4028889294028356 3 2574 6 9676 7 7292 8 3575
240 0.8105751186098995 -1.3280002821325059 7.5355517296113028 0 0 0 0.39176991857227195 3 4040 6 9679 7 8922 8 3599
241 0.36526455215598719 -1.3248364711263547 7.6926499733691802 0 0 0 0.42825184799155247 3 4052 6 9686 7 8936 8 3594
242 0.21238879165392258 -1.2938462218839111 7.7249746684724077 0 0 0 0.23762305520556476 3 4057 6 9699 7 8944 8 3602
243 1.7171837408601509 -1.2346145541994615 7.3688768959374498 0 0 0 0.22576566312521357 3 2551 6 9704 7 7278 8 3632
244 1.7171837408601509 -1.2346145541994615 7.3688768959374498 0 0 0 0.22576566312521357 3 2552 6 9705 7 7279 8 3633
245 1.6323631609800811 -1.1967324749146762 7.3719876574514842 0 0 0 0.39042141668846131 3 4042 6 9710 7 8937 8 3645
246 1.5966175244986291 -1.1870859658133173 7.3590258274715836 0 0 0 0.56103574363134345 3 4047 6 9711 7 8941 8 3644
247 0.39970199544472795 -1.1885524515532182 7.7705559084131979 0 0 0 0.3409816553286168 3 2591 6 9719 7 8954 8 3620
248 0.39970199544472795 -1.1885524515532182 7.7705559084131979 0 0 0 0.3409816553286168 3 2592 6 9720 7 8955 8 3621
249 1.8620973101135654 -1.0844260043207079 7.2645153011727137 0 0 0 0.34183097948562047 3 4054 6 9729 7 8948 8 3673
250 1.3570786396980328 -0.9927247450568546 7.3264220724099189 0 0 0 0.80179071817143743 3 4070 6 9743 7 8960 8 3680 2 3740
251 -1.1938980006395001 -1.0046900989125911 8.0081955229665329 0 0 0 0.25240913299340179 3 4108 6 9747 7 8990
252 -1.2244615013045517 -0.94507010493178401 8.0016050718630769 0 0 0 0.49744170193113235 3 4123 6 9754 7 9001 8 3661
253 -1.734933335971772 -0.8899709829491359 7.858890068317077 0 0 0 0.33157606396641104 3 2693 6 9756 7 7423 8 3652
254 -1.2237408574925694 -0.87967574591431552 7.9808234366076691 0 0 0 0.39827337900312176 3 4133 6 9759 7 9013 8 3669
255 -0.29436327742643481 -0.73843870456635141 7.5980831660751837 0 0 0 0.20472339116416885 3 2696 6 9770 7 7439 8 3692
256 -0.29436327742643481 -0.73843870456635141 7.5980831660751837 0 0 0 0.20472339116416885 3 2697 6 9771 7 7440 8 3693
257 0.31341307564050536 -0.73878717519645787 7.6602074408471852 0 0 0 0.34471105082526765 3 4130 6 9782 7 9022 8 4481
258 0.31080982169569665 -0.7370481470193434 7.6715700576146855 0 0 0 0.61723238052113472 3 4131 6 9783 7 9023 9 8234
259 0.49680251608257997 -0.71048327942142497 7.6220590512604884 0 0 0 0.48853047737301958 3 4134 6 9790 7 9025 8 3714 2 3808
260 0.49668511986253316 -0.71002283944606481 7.6232971097085009 0 0 0 0.44413202126847484 6 9791 7 9026
261 -0.46112267472105595 -0.64488507931873285 7.3851929542391908 0 0 0 0.44537982862748943 3 2713 6 9797 7 7460 8 3704 2 3834
262 0.51149305725596972 -0.45799205163338663 7.5363980148796923 0 0 0 0.26982157240848076 3 2745 6 9836 8 3746
263 1.0835927300554267 -0.41634599014351292 6.9147182752535663 0 0 0 0.52191150600852598 3 2735 6 9837 7 7507 8 3758
264 -1.6828856140200799 -0.19482745973082558 7.6140473008381235 0 0 0 0.054214546735009729 3 2844 6 9903 8 3754
265 2.1658031654054 -0.13679302390983375 6.4732434093115705 0 0 0 0.27606851612331024 3 2791 6 9929 7 7598 8 3925
266 2.6066147660499155 -0.14233880308470578 6.7335837182808103 0 0 0 0.34834737345155825 3 5176 6 9936 7 9084 8 3937
268 -0.9105423235520439 0.14104884878985463 7.2676476881161172 0 0 0 0.32822986230426154 3 4275 6 10022 7 9179 8 4567
269 1.7375572710118328 0.14434469486993495 6.5458509397330253 0 0 0 0.37223197308358441 3 4260 6 10048 7 9165
270 2.7395102903852591 0.20245192552979338 6.599893861711517 0 0 0 0.63545304985986284 3 2891 6 10068 7 7748 7 9174 8 4011 2 1749
271 2.7842910535931091 0.28178794643729232 6.5824390948389278 0 0 0 0.45120331060401053 3 2906 6 10086 7 7775 8 4031 5 5672 4 6203
273 1.3362099352762289 0.43273055131355365 6.5549240914207143 0 0 0 0.49893138497717493 3 4312 6 10097 7 7822 9 8573 5 7880
274 0.2578678621456385 0.4978857284963501 6.8411338806099078 0 0 0 0.38652932099973714 3 4330 6 10099 7 9242 8 4014
275 0.81630683655001279 0.47117471339279776 6.681277608771639 0 0 0 0.76138484804451423 3 4325 6 10101 7 9234 8 4692 1 9812 10 9228 9 9576 4 8893 5 7877 2 4185
276 0.45146938876903064 0.49214545025804407 6.7788984397525374 0 0 0 0.48213571132215655 3 2979 6 10102 7 7832 8 4022 1 8779 10 9224 9 8567 5 5680 2 1920
277 -0.14098272314187393 0.55050950926512132 6.9192543009439849 0 0 0 0.79312636622567612 3 2995 6 10107 7 7842 1 9810 10 9226 9 9575 4 7757
278 -1.0692102893556281 0.60488083839132367 7.1814785449891536 0 0 0 0.30505217404692975 3 4347 6 10108 7 9256 10 9748
279 0.65806662079497891 0.57361495694468723 6.6954718612035871 0 0 0 0.91030111406849801 3 4335 6 10121 8 4055 1 8823
280 -1.5225366979667185 0.7219558800651682 7.2448789405705973 0 0 0 0.95784018321301656 3 3042 6 10128 8 4019 10 9242 2 2045
281 0.19315450365982673 0.63738003489731432 6.8711896972065345 0 0 0 0.38552403140888014 3 4353 6 10130 8 4059
282 0.19315450365982673 0.63738003489731432 6.8711896972065345 0 0 0 0.38552403140888014 3 4354 6 10131 8 4060
283 1.3355412798263118 0.58902882095341857 6.5157861264133885 0 0 0 0.6414985882528661 3 3002 6 10138 7 9257 8 4090 9 8617 4 7777 5 5736 2 2002
284 0.81146848693635887 0.63202213887434422 6.6474570443663739 0 0 0 0.36875374317369147 3 3016 6 10140 7 7871 8 4080
285 -0.031444752551785561 0.6904351035441294 6.8991856455885712 0 0 0 0.76508924987631233 3 5327 6 10142 7 10344 8 4066
286 1.2853314907986841 0.62826294377595648 6.5125025087849258 0 0 0 0.59815048797285708 3 4355 6 10145 7 9267 8 4096 4 7779 5 5745 9 8621
287 -0.28902057897718891 0.77483908455369321 6.8999866717525942 0 0 0 0.93470497910291461 3 3073 6 10157 7 7905 8 4082 9 8624
288 0.28826326305335992 0.85027297693615289 7.0034860614501104 0 0 0 0.28550537351976996 3 4416 6 10174 7 9299 8 4112
289 2.7009374311073922 0.70756705650858864 6.4856673703246823 0 0 0 0.4274732173674356 3 4364 6 10179 7 7892
290 0.13646072624380054 0.90051148333968611 6.9759188884119201 0 0 0 0.16243141686738807 3 4427 6 10186 7 9310 8 4120
291 -1.2232514810641031 1.0250454289674635 7.2563325623303019 0 0 0 0.40982155479354987 3 4449 6 10192 7 9334 8 4771
292 -1.2232514810641031 1.0250454289674635 7.2563325623303019 0 0 0 0.40982155479354987 3 4450 6 10193 7 9335 8 4772
293 1.7081212618101085 0.84178950296678667 6.6971144942487761 0 0 0 0.80880499868806355 3 5355 6 10195 7 9300 8 4819
294 1.3924453197088227 0.85108951464371396 6.4980176972213055 0 0 0 0.087103217880071346 3 4424 6 10197 8 4169
295 -1.1680263247393761 1.0570519532336642 7.2836274357050508 0 0 0 0.47142175064264186 3 4455 6 10198 7 9340 8 4781
296 -1.7471917129450008 1.1668812916833891 7.1409658483720824 0 0 0 0.24643521296948498 3 3223 6 10220 8 4795
297 -0.031015696377568781 1.1634201231987038 6.9361613637819026 0 0 0 0.16824704374557989 3 4505 6 10245 7 9374
298 0.061663054525139073 1.1692837466441905 6.9799254577619845 0 0 0 0.48612727585779492 3 3236 6 10246 7 8003 2 4444
299 0.40650636554194342 1.1654499852905911 7.006932765110192 0 0 0 0.26371899749291267 3 4499 6 10248 7 7997
300 -0.28994484464197079 1.1762683750311986 6.7933832817743331 0 0 0 0.72170404829707435 3 4515 6 10253 7 9388 2 4473 1 9921
301 0.019616428597257565 1.1999686653143209 6.9565359190181209 0 0 0 0.34525738011763613 3 5437 6 10256 7 9384
302 0.019616428597257565 1.1999686653143209 6.9565359190181209 0 0 0 0.34525738011763613 3 5438 6 10257 7 9385
303 1.7943088927611655 1.0770872263985654 6.5964097688407382 0 0 0 0.27107359001472403 3 4489 6 10262 7 9367
304 0.078966064435375544 1.2339043760593378 7.0076102829731468 0 0 0 0.25076753673923546 3 4522 6 10263 7 9391
305 -1.3233956542005485 1.3562066450978971 7.2998436882297408 0 0 0 0.19496812422211593 3 3299 6 10268 7 8042
306 0.10639404655463468 1.359147651155407 7.0271602873952492 0 0 0 0.16913716574536464 3 5487 6 10293 7 9423
307 1.5071266546532285 1.2198682996036792 6.6193931126161578 0 0 0 0.32364434951815285 3 5458 6 10296 7 10436
308 -0.139462537440707 1.3471612047475909 6.8472966504670252 0 0 0 0.096014563651244958 3 4574 6 10297 7 9425
309 -0.076008773762267584 1.3564756738798689 6.8899954973385888 0 0 0 0.11142065440228159 3 4576 6 10299 7 9428
310 -0.076008773762267584 1.3564756738798689 6.8899954973385888 0 0 0 0.11142065440228159 3 4577 6 10300 7 9429
311 2.8256586587569439 1.1522957461458236 6.337496347390231 0 0 0 1.0688434481773483 3 4523 6 10306 7 8035 4 6421 5 5964
312 2.8250475838625726 1.1535976805745343 6.3302959194342581 0 0 0 0.55745961852833759 3 4524 6 10307 7 8036
313 -1.4361255564158482 1.549200312175613 7.2263093462396766 0 0 0 0.41462796070671798 3 4604 6 10308 7 9456
314 -0.28187894315617101 1.4349627060432171 6.7491093107186977 0 0 0 0.34888365087438333 3 4599 6 10316 7 9454
315 1.9551636384542905 1.2763101574696478 6.5126079522841618 0 0 0 0.21871466895651151 3 4567 6 10319 7 8061
316 -1.2531409414122803 1.58132178654779 7.264603914818764 0 0 0 0.27395116020521987 3 3386 6 10320 7 8119
317 2.7652040577810038 1.2178918280326763 6.322478743976256 0 0 0 0.57603653934168875 3 3311 6 10327 7 8057
318 1.6390508472051364 1.4046947714958122 6.5571519757890293 0 0 0 0.1571650887282415 3 4607 6 10360 7 9458 3 5520
319 -1.7883563429508578 1.7750809565564827 6.9521842216475607 0 0 0 1.1070968031740598 3 3465 6 10395 2 4746
320 0.20186618416355157 1.9312688829199569 6.9168719217335202 0 0 0 0.47245719812961423 3 4718 6 10432 7 9546
321 1.4425175549503724 -4.2730524454596823 8.4772008187746497 0 0 0 0.40385798212900426 3 4907 6 10758 7 10756 8 4233
322 2.0171915078955469 -2.7094874405142515 7.5600800431830191 0 0 0 0.48378331924687723 3 3814 6 10823 7 9928 8 4303
323 2.2939074908911103 -2.4354367392563954 7.2922208982773631 0 0 0 0.38604125218945884 3 3834 6 10849 7 8716 8 3455
324 2.611175684663475 -2.4344500205399138 7.4433428814978821 0 0 0 0.09287681957575461 3 4986 6 10860 7 9950
325 2.5482641242130084 -2.4207780406249046 7.4302333429338017 0 0 0 0.14184349894099652 3 4988 6 10862 7 10849
326 2.541570277291552 -2.3334490778615908 7.4373265077205577 0 0 0 0.22079789300295871 3 4996 6 10874 7 9956 8 4362
328 1.2884672996636859 -1.4805504237548346 7.4402444992217474 0 0 0 0.43829552513644193 3 5075 6 10973 7 8883 8 3577
329 0.066785280015306314 -1.3985130130098269 7.7372318591220726 0 0 0 0.46561140113572591 3 4048 7 8924 8 4418 6 10981 9 9280 4 8635 5 9143 2 5492
330 1.4548430630925966 -1.3276618943322929 7.3778777621753084 0 0 0 0.90370602549017465 3 5082 6 10985 7 10080
331 1.997174136638868 -1.2650350082989181 7.2441569575568003 0 0 0 0.40456743690159191 3 5081 6 10990 7 10081
332 -0.2558439982006242 -1.3085374390248996 7.7912855737013889 0 0 0 0.1602606079469194 3 5103 6 10993 7 10102 8 4998
333 1.5548655218539946 -1.2429108918968068 7.3458777397931918 0 0 0 0.65375748527117539 3 5087 6 10994 7 10089 8 4437
334 1.559552982884248 -1.2347076286266154 7.3119636226305849 0 0 0 0.82891305235497192 3 5088 6 10995 7 10090 8 4438 10 8902 9 9332 1 9526 1 8324 4 8670 5 9192
335 0.46333442327920449 -1.1833736195192188 7.7692981814028812 0 0 0 0.49806763812205834 3 4066 6 11011 7 8957 8 4441
336 1.0742459130357054 -1.0212780034664182 7.1431713206436296 0 0 0 0.48904476869436031 3 5107 6 11023 7 10109 8 4458 2 5527
337 -1.519924896924878 -1.0450793862840435 8.0625614529580325 0 0 0 0.38076076262120001 3 4106 6 11029 7 8987 8 4435
338 0.51343278130331493 -0.9391255747545556 7.1421352939264562 0 0 0 2.0485620237670892 6 11031 7 8979
339 0.46659574576752938 -0.97758308861624432 7.6975288884872679 0 0 0 0.38242347854269926 3 5115 6 11035 7 10118 8 5026 2 5546
340 0.46505951381220095 -0.97759563429142271 7.7016490861999163 0 0 0 0.2012325412117941 3 5116 6 11036 7 10119
341 0.58219700473539726 -0.92250370128103676 7.6624940122830951 0 0 0 0.4638025661514259 3 5117 6 11046 7 10124 8 4467
342 -1.7255929889707975 -0.77607530126475743 7.8139366876800231 0 0 0 0.35013602700091689 3 5143 6 11055 7 10152 8 5025
343 1.4068852161439178 -0.70082003417647909 7.3303614914690716 0 0 0 0.65964188032590232 3 5128 6 11061 7 10141 8 4489
344 1.4068852161439178 -0.70082003417647909 7.3303614914690716 0 0 0 0.65964188032590232 3 5129 6 11062 7 10142 8 4490
345 -1.6451317821520608 -0.6472623808610154 7.9148096098431777 0 0 0 0.39546385494351477 3 5151 6 11065 7 10169 8 4473
346 -1.6085746410065864 -0.53359906705761773 7.9221638555393756 0 0 0 0.37000229098666326 3 4177 6 11080 7 9062 8 4484
347 1.1037514771718573 -0.46627597696624801 6.9283885938947103 0 0 0 0.57924154245099979 3 4150 6 11094 7 9053 8 4505
348 -0.14640889060619067 -0.43017246397425157 7.5748105882082655 0 0 0 0.23255204874788143 3 4174 6 11106 7 9066 8 4502
349 -1.7570377780388717 -0.31915917448342745 7.6408519994486337 0 0 0 0.11110821177853926 3 4201 6 11117 8 4496
350 0.22451471341653298 0.014561551077045643 6.9695944084317842 0 0 0 0.34038695344891445 3 5218 6 11177 7 10236 8 5095
352 2.7779467362179164 0.19851895521324758 6.5909674641268623 0 0 0 0.52802424484549282 3 5230 6 11239 7 10259 8 4681 2 5793
353 0.18327011118971456 0.48564237569532764 6.8545798719843605 0 0 0 0.64336634674092619 3 4327 6 11255 7 9238 8 4680 1 10560 10 9743 9 10319 4 8886 5 9472 2 5894
354 1.1507810656599911 0.43398898878802333 6.5426391907317765 0 0 0 0.3012985850619273 3 4314 6 11256 7 10307 8 4699
355 -0.35801083201814621 0.53337216009824995 6.9902693552557622 0 0 0 0.35536771894302011 3 5296 6 11257 7 10324 8 4677
356 0.22161325042299648 0.51002231927516384 6.8585743670289618 0 0 0 0.27136177591980881 3 5292 6 11260 7 10319 8 4686
357 0.22161325042299648 0.51002231927516384 6.8585743670289618 0 0 0 0.27136177591980881 3 5293 6 11261 7 10320 8 4687
358 1.1272208360171976 0.46923956558942648 6.5478662497986528 0 0 0 0.32648756877370855 3 4324 6 11262 7 9235 8 4703
359 1.1735300633444892 0.47414189131131251 6.5539035971057116 0 0 0 0.25923466668145756 3 6101 6 11263 8 4706
360 -0.28862646276288795 0.55987872603315003 6.9575013678996047 0 0 0 0.7117061660882209 3 4333 6 11265 7 9253 8 4683 9 9574 4 8890
361 0.059036933469361563 0.61739420968215575 6.8626744377689404 0 0 0 0.44967865595336143 3 5311 6 11276 7 10338 2 5934
362 0.43535605430500229 0.61244354916679344 6.8081870918691649 0 0 0 0.51614270924877159 3 4348 6 11278 7 7862 8 4714
363 -1.7127152006123127 0.77045010137751602 7.2982912046465129 0 0 0 0.36575890892882595 3 5341 6 11285 8 4693
364 0.12968917003396638 0.68491767566205952 6.8957990461442495 0 0 0 0.42380597802363051 3 5324 6 11287 7 10343 8 4721
365 1.7114584047616221 0.59734563076800651 6.5072338529723455 0 0 0 0.26025616308929628 3 6125 6 11289 7 10335
366 0.29447053745656981 0.69547169111918228 6.9279775414029725 0 0 0 0.23846345663369756 3 5326 6 11293 7 10345 8 4732
367 -1.0255460037917041 0.83046214352589276 7.1581484962083124 0 0 0 0.32727319561836327 3 4413 6 11305 8 4726
368 -0.76583396424789807 0.81757439223721839 7.0471260678233527 0 0 0 0.67174907260800432 3 4410 6 11308 7 9291 8 4731 10 9778 4 8912 5 9519 2 5974
369 -1.168480904320617 0.85411253429362954 7.189736643788021 0 0 0 0.47775159753365182 3 5358 6 11312 7 10370 8 4725
370 -1.800598376603159 0.89014744977225113 7.2225812544353092 0 0 0 0.21914910240805816 3 4426 6 11313 8 4717
371 -1.7076122649814558 0.90815310985662934 7.2748922929102147 0 0 0 0.16969703421491797 3 5367 6 11316 8 4724
372 -1.2107943010889204 0.88334443473608282 7.2013240545532522 0 0 0 0.45710761142361211 3 5362 6 11317 7 9304 8 4737
373 -1.2868122205134687 0.93784428587329094 7.2213430599710611 0 0 0 0.32479071485174671 3 5371 6 11327 7 10376 8 4753
374 0.34579432239773389 0.92781285325455476 7.0809381904091913 0 0 0 0.56806787355580057 3 5369 6 11339 7 10373
375 2.3442591638090349 0.74979805758885643 6.1144457749371472 0 0 0 0.59718776113004657 3 5346 6 11341 7 10366
376 -0.015141079935621589 0.98878202742183852 6.933043411514717 0 0 0 0.29059216008704525 3 5383 6 11350 7 10381
377 0.17795075274376426 1.0317137494601307 7.0389069982833243 0 0 0 0.34069221160391255 3 5387 6 11361 8 4815
378 0.17795075274376426 1.0317137494601307 7.0389069982833243 0 0 0 0.34069221160391255 3 5388 6 11362 8 4816
379 -1.1991016024833934 1.1754362663840201 7.3169519803978584 0 0 0 0.53624782221401679 3 5408 6 11368 7 10390 8 5223
380 -0.13840505646679016 1.0683557182251644 6.8794559420283621 0 0 0 0.17494470689831512 3 5393 6 11369 7 10386
381 -0.013236350727821582 1.1055061689662231 6.9355074071725689 0 0 0 0.59313095783582992 3 5404 6 11378 7 10389
382 0.45824876755081384 1.1117860351888662 7.0162012197647696 0 0 0 0.28804687460990613 3 6174 6 11386 7 11180
383 -0.10396055690826998 1.1810362580042402 6.8991411895390673 0 0 0 0.30836635131251272 3 5426 6 11400 7 10408
384 2.7497590353203742 0.98837031466753522 6.3877212374755894 0 0 0 0.90794969566605765 3 4462 6 11409 7 9354
385 -0.26623495593668778 1.212316745136935 6.8167238469382294 0 0 0 0.13296133990051739 3 5451 6 11412 7 10425
386 -0.26076926489936536 1.2054561094979674 6.8016593116185726 0 0 0 1.1105220408668095 3 5452 6 11413 7 10426 1 10677
387 -1.2299774502164971 1.351964762212593 7.3618975335581398 0 0 0 0.058682828140137262 3 6208 6 11419 7 11210
388 1.2027005330522673 1.1073371177655977 6.3944193815230816 0 0 0 0.77253522923828655 3 5428 6 11426 7 9383 2 4460
389 1.4602833735703926 1.1321425644259293 6.5716340902112211 0 0 0 0.31960551971912132 3 6190 6 11428 7 10405
390 -0.19529465491648704 1.2730119362386616 6.8336751231442845 0 0 0 0.4296539530303724 3 5466 6 11430 7 10440
391 -0.30285376124177565 1.2709394639847134 6.7693491473601766 0 0 0 1.5650100660901285 3 5474 6 11437 7 10448 1 10691 2 6153
392 -1.2738976791210179 1.4111748861381808 7.318449854279681 0 0 0 0.20269139957879709 3 4563 6 11439 7 9421
393 -0.13001981425345183 1.2866612024748549 6.8548203531043193 0 0 0 0.75305676318158099 3 5470 6 11440 7 10447
394 0.051226812934489739 1.3245605954433419 6.9924579186673421 0 0 0 0.069512696239151558 3 5477 6 11444 7 9415
395 2.6677046855831437 1.1084956897040434 6.3753307594431092 0 0 0 0.23367155849888799 3 5418 6 11447 7 10414
396 -0.27476567531579565 1.3436280636429996 6.7768040825883284 0 0 0 0.63656639071582932 3 5493 6 11450 7 10458 2 6180 1 10700
397 -1.3730758768872069 1.491533262943443 7.2716462893902767 0 0 0 0.37884597480774601 3 5500 6 11451 7 10465
398 -1.3730758768872069 1.491533262943443 7.2716462893902767 0 0 0 0.37884597480774601 3 5501 6 11452 7 10466
399 -0.2418440580421827 1.3679682077615225 6.7952568735392278 0 0 0 0.26701360926008549 3 5495 6 11453 7 10462
400 -0.27461988110015767 1.4026408359653013 6.7607507927204145 0 0 0 0.53589802901951333 3 5504 6 11458 7 10475
401 -0.014408500488488216 1.4323473096550809 6.9115162926067741 0 0 0 0.18428936372013424 3 5505 6 11466 7 9444
402 -0.24647938832586444 1.439508757167278 6.7825658603751835 0 0 0 0.15371911882073117 3 5514 6 11471 7 10485
403 -0.24647938832586444 1.439508757167278 6.7825658603751835 0 0 0 0.15371911882073117 3 5515 6 11472 7 10486
404 -1.3247501361304228 1.9031871172918744 7.1472390138774244 0 0 0 0.77840779864384191 3 5602 6 11521 7 9524
405 -1.3941074567233873 1.9063911866940628 7.1187753100700553 0 0 0 0.98422908067831005 3 5605 6 11524 7 10532 2 6336
406 -1.3837211740851327 1.9523763995464181 7.088428906957966 0 0 0 0.58417747213010207 3 5613 6 11534 7 10538
407 1.1584301936197774 1.7023903098290876 6.1831152313771343 0 0 0 0.59362708372463657 3 5622 6 11554 7 9543
408 1.9134959421171496 -4.8879947826334869 8.5139325189158352 0 0 0 1.0831722130004129 3 4891 6 11759 8 4843
409 1.8901669002702481 -4.5140784745286968 8.3094129941308328 0 0 0 0.49903212148853315 3 5796 6 11767 7 10744 8 4853
410 2.013726184446798 -4.4939749720462414 8.2882539500144752 0 0 0 0.24448056326667533 3 5795 6 11768 8 4857
411 1.4270795980594904 -4.4591300172186372 8.4161462414820907 0 0 0 0.16530594590728617 3 5802 6 11772 7 10751
412 1.7659626960128907 -2.832084376494171 8.0326699300890869 0 0 0 1.8339580432575049 3 5855 6 11849 8 4911
413 1.055763384377143 -2.5935481003813807 7.5916159306033171 0 0 0 0.5047802291905179 3 5868 6 11853 7 10853 8 4910
414 2.3195900583369049 -2.4810506439721336 7.3052158844968087 0 0 0 0.31918776502418439 3 5857 6 11854 7 10844 8 4919
415 0.68159216373730791 -2.4280706603283089 7.9023971811713851 0 0 0 0.46871175965655237 3 5877 6 11879 8 4926
416 2.3603020631955194 -2.1311262456491251 7.2010617095745699 0 0 0 0.43768397200593462 3 5871 6 11885 7 10872 8 4967
417 1.1141775744654339 -2.0982179602306901 7.5223909062465495 0 0 0 0.40855031960914578 3 5038 6 11906 7 10000 8 4960
418 -0.22662276528620529 -2.2004479147939424 8.0259151152860504 0 0 0 0.41866266585651446 3 5047 6 11910 7 10015 8 4942
419 -1.0373606528029393 -2.0609472032217679 8.2345456092117661 0 0 0 0.71384768319824032 3 5067 6 11931 7 10050 8 4964
421 1.9472026819906165 -1.2552947546837492 7.235372346029318 0 0 0 0.34699449496748475 3 5084 6 11959 7 10082 8 4439
422 -0.15026005529072162 -1.3210110021620491 7.7790481243598215 0 0 0 0.38533089398354725 3 5101 6 11962 7 10100 8 5000 10 8870
423 1.7095115079850722 -1.2059640965646337 7.3450864657804429 0 0 0 0.20833130784456597 3 5091 6 11964 8 5016
424 0.5674142215060981 -1.1526554816836083 7.7381296251886331 0 0 0 0.59035010486320416 3 5106 6 11972 7 10972 8 5015
425 0.66497773996350829 -1.1020706843080013 7.7021376796322469 0 0 0 0.67348925495676937 3 5109 6 11974 7 10973 8 5020
426 -1.6349704918868604 -1.0633485858773197 8.0936348462656831 0 0 0 0.38616006406574743 3 5122 6 11978 7 10129 8 5007
427 -0.18164571582639352 -0.86917249080190739 7.718752931610898 0 0 0 0.21129242009182625 3 5979 6 11992 7 10988 8 5029
428 -0.41051093934162863 -0.76601389560006383 7.4555070514788131 0 0 0 0.31918626898738062 3 5986 6 11995 7 10999 8 5400
429 -1.4829596332009001 -0.73372914884382445 7.9843356385717676 0 0 0 0.37909207209292256 3 5997 6 12002 7 11010 8 5396
430 -1.1332787485335585 -0.71816533565647644 7.8707072703138197 0 0 0 0.49788790506044378 3 5995 6 12004 7 11009 8 5032
431 -1.5683598074486298 -0.48144462456066955 7.9023619287914935 0 0 0 0.61777821780395215 3 5168 6 12021 7 10187 8 5051 2 7098
432 -1.5683598074486298 -0.48144462456066955 7.9023619287914935 0 0 0 0.61777821780395215 3 5169 6 12022 7 10188 8 5052 2 7099
433 2.3263989353703192 -0.32121647579492263 6.4962276966749855 0 0 0 0.43011175563204801 3 5148 6 12036 7 10181 8 5079
434 0.6802401191327424 -0.045103066221290372 6.8630849587494334 0 0 0 0.48904243157803851 3 6037 6 12057 7 11069 8 5457
435 2.1798336464021464 0.025400017383410266 6.4151851270862048 0 0 0 0.063455213586692941 3 6032 6 12082 8 5126
436 0.38330614819953457 0.33376258678081272 6.8740802428510843 0 0 0 0.54852048664018738 3 6082 6 12118 7 11122 8 5526
437 0.31630989547899718 0.476436025073881 6.8259981785648556 0 0 0 0.40294664244642164 3 5286 6 12139 7 10313 8 5150
438 1.2191931220973546 0.44011519960404893 6.6086440079777224 0 0 0 0.43414106549095022 3 5275 6 12140 7 10308 8 5161
439 -0.17517701061571173 0.55816688148972982 6.9307459526403203 0 0 0 0.81166988729307554 3 5300 6 12144 7 10329 8 5152 1 11123 10 10070 9 10758 4 9676
440 1.3545989858858194 0.47055835986135747 6.5477352606557666 0 0 0 0.64074550175054912 3 6099 6 12145 7 11136 8 5552 4 9686 9 10762 5 10482
441 2.2346583799916435 0.42217436981307122 6.2370974322943722 0 0 0 0.49707620059171598 3 5271 6 12146 7 10304 8 4723
442 -0.11706951954006897 0.58183490863480292 6.9041439062285068 0 0 0 0.56204959971085688 3 5306 6 12148 7 10332 8 5156 1 11125 10 10075 9 10759 4 9679 5 10479 2 7291
443 -0.22100031997233724 0.59292928030535574 6.9165093490139817 0 0 0 0.27524140923115964 3 5308 6 12150 7 10334 8 5158 4 9681 5 9489
445 -0.35633743834911141 0.74271398212144035 6.9044373580906422 0 0 0 0.35557900129914538 3 6139 6 12157 7 11155 8 5555
446 -1.191033792482358 0.81848066001674447 7.1942043602500725 0 0 0 0.15011594724220564 3 5349 6 12159 7 10364
447 1.7222373959275725 0.67088456663501328 6.5635436512524894 0 0 0 0.6133657132506708 3 6130 6 12162 7 10341 8 5205
448 1.1020171684397992 0.84564711287498917 6.445918653332626 0 0 0 0.58159967727770234 3 5364 6 12171 7 10374 8 4810 2 6001
449 2.3988278906324765 0.74789834956286139 6.1144697836550144 0 0 0 0.55250878937042591 3 6141 6 12173 7 11159
450 -0.20111742916163822 1.0419563304861652 6.8441768494661295 0 0 0 0.19156028372803049 3 6172 6 12182 7 11176
451 -0.20111742916163822 1.0419563304861652 6.8441768494661295 0 0 0 0.19156028372803049 3 6173 6 12183 7 11177
452 1.7127659217438596 1.124982737581653 6.6217230119775374 0 0 0 0.3532598537302381 3 6184 6 12198 7 11195
453 -1.2579091799212723 1.7192977320544989 7.2773640102100856 0 0 0 0.79387135062421599 3 5548 6 12215 7 10505
454 1.290755629904063 -4.1239001376895095 8.393168181989914 0 0 0 0.69804190666608978 3 6402 6 12428 7 11409
455 2.2988545976286172 -3.5096362646604908 7.6743849323089561 0 0 0 0.079604526964302424 3 5810 6 12431 8 5251
456 2.3063043902843363 -2.9596465104826502 7.4957897629568722 0 0 0 0.34293334274861259 3 5827 6 12445 7 11443 8 5271
457 1.2099047594312875 -2.6118843574142834 7.6032799076135111 0 0 0 0.25037535937179395 3 5865 6 12472 7 11460
458 1.3318149815097227 -2.4977202599987147 7.7334935894285639 0 0 0 0.79318359519267023 3 6432 6 12478 7 11857 8 5292
459 1.3322609471981008 -2.4882588079354839 7.7131575147909306 0 0 0 0.51669902107474786 3 6433 6 12479 8 5293
460 1.4866262216314514 -2.3149754650205456 7.6337354329392397 0 0 0 0.20984729923159925 3 6444 6 12487 7 11475
461 -1.0952987790069852 -2.0885556666910432 8.2209979030040703 0 0 0 0.82400595551725575 3 5925 6 12520 7 10930 8 5323
463 1.1832421900967456 -1.5406981675906477 7.3534442344260453 0 0 0 0.30961818178016698 3 6481 6 12548 7 11880 3 6877 8 5371
464 -1.5100934602765117 -1.2419292113382998 8.0614972997676801 0 0 0 0.44496145371864454 3 5965 6 12568 7 11538
465 0.25262341433616659 -0.80039128080358846 7.5057914968033046 0 0 0 0.35639929109388452 8 5403 10 9969 6 12584
466 2.7424837593289122 -0.75933066372433156 6.9015490081742268 0 0 0 0.87111853547149432 3 5964 6 12586 7 10979 8 5063
467 1.8289957053450037 -0.7400833014688134 7.1946794749032312 0 0 0 0.66920868231834885 3 6503 6 12588 7 11546 8 5412
468 1.4401624209719595 -0.64619138107094809 7.3303893253177907 0 0 0 1.3675478221113617 3 6912 6 12592 7 11913 8 5417
469 -1.644517528453979 -0.44060798352297481 7.9078239423693395 0 0 0 0.43222821729087352 3 6544 6 12601 7 11573 8 5674
470 2.0151983653465497 -0.039256166266194173 6.5116862548310097 0 0 0 0.35242289696987883 3 6557 6 12643 7 11601 8 5490
471 -0.38377615001091764 0.060233747340897412 7.1062485119387855 0 0 0 0.49572155729530598 3 6586 6 12646 7 11623 8 5455
472 2.7472173471883869 0.24919640224761541 6.5977306970393599 0 0 0 0.37122890665482955 3 6591 6 12681 7 11103 8 5545
473 0.53967855792627883 0.37432042584647912 6.7762878155078363 0 0 0 0.2993655028193617 3 6610 6 12688 7 11646 8 5535
474 0.43015608318720766 0.38917758298609695 6.8024742181613105 0 0 0 0.18429714341679029 3 6613 6 12690 7 11648
475 -1.650122198331982 0.56643469674818347 7.3324251850165396 0 0 0 0.3503893822477584 3 6119 6 12692 8 5527
476 0.24524313542232892 0.55548462920490893 6.8502478599915193 0 0 0 0.37359055141906766 3 6625 6 12702 7 11659
477 0.035969490473601297 0.57035424893934028 6.8681012275329723 0 0 0 0.90807290576750532 3 6627 6 12703 7 11144 8 5547 1 11403 10 10281 9 10994 4 9682 4 10250 5 10481 5 11256
478 0.15184015178046401 0.60845200440311853 6.8504486993586138 0 0 0 0.30180608270571424 3 6632 6 12705 8 5549
479 2.700387898164371 1.0666599444529172 6.3902220244944088 0 0 0 0.44370801543943483 3 6687 6 12727 7 11189
480 1.5874553141564112 1.1920931860003481 6.6164947339144256 0 0 0 0.52489872274770299 3 6698 6 12728 7 11693
481 2.2656853944965496 1.2201427326960681 6.0023720361292519 0 0 0 0.1588705307554043 3 6713 6 12735 7 11697
482 1.9350776288114337 1.3707804437707622 6.4821798715531003 0 0 0 0.46646547344281492 3 6240 6 12738 7 11699
483 1.1339362084258331 -4.2502933239050833 8.2221308760893557 0 0 0 0.7084230917133475 3 6837 6 12851 7 11836 8 5573
484 1.8071889643776879 -2.5152490833761094 7.5839240414769247 0 0 0 0.56975379082491218 3 6849 6 12877 7 11854 8 5597
485 1.5503210045721227 -2.5069288405346777 7.6527915763766234 0 0 0 0.30550848964409316 3 6851 6 12879 7 11856 8 5599
486 1.3485090140139031 -2.3990760806367959 7.6995152300009346 0 0 0 0.51133588752686421 3 6440 6 12885 8 5301
487 1.6836407484066176 -2.2792006314155517 7.5769392719709279 0 0 0 1.0483528739901837 3 6443 6 12889 7 11477
488 -0.040688179668292274 -2.3621345056186964 8.0173310806118216 0 0 0 0.61183554219459069 3 6457 6 12891 7 11868 8 5604
489 2.2608641612313485 -2.1010436316405001 7.1979146753337435 0 0 0 0.3735455502089422 3 6442 6 12893 7 11479 8 5334
490 1.5525925376241572 -2.2101529029583715 7.6117455308110058 0 0 0 1.2917906570436966 3 6448 6 12895 7 11864 8 5609
491 1.6378654517333024 -1.7473968465063288 7.4804048253322559 0 0 0 0.21653283959430636 3 6469 6 12912 7 11503
492 1.9232237691670675 -1.4397106731720439 7.2643391998941897 0 0 0 0.32796711798952949 3 6878 6 12928 7 11882 8 5649
493 -0.038439778050240972 -1.3721500437325063 7.7358430691076299 0 0 0 0.39234672834728118 3 6894 6 12936 7 11896 8 5645
494 0.32973036606190553 -1.3509403515578866 7.7445241521556651 0 0 0 0.34051847759047549 3 6893 6 12937 8 5648
495 0.160854486608802 -1.3110986129077051 7.7523165720657268 0 0 0 0.6505061466704346 3 6895 6 12938 7 11898 8 5650
496 -1.6332316306463139 -1.338168721011044 8.1421072569789459 0 0 0 0.42792326935100355 3 7174 6 12939 7 11900 8 5773
497 -1.6578571249432292 -1.2309930490527146 8.0985846748984152 0 0 0 0.33290173366684928 3 6904 6 12946 7 11903 8 5774
498 1.3304595693437706 -1.055228707653072 7.3590712554667421 0 0 0 0.58930495763304891 3 6897 6 12952 7 11901 8 5662
499 1.5477872223203863 -1.0358749744508418 7.288669519699047 0 0 0 0.80928415218664418 3 6495 6 12953 7 11537
500 -1.3783707543241823 -0.80235462742113262 7.9202233032916878 0 0 0 1.4991402173112949 3 6521 6 12961 7 11555 7 11915
501 2.5377867211503671 -0.63935795484673863 6.8650268082793078 0 0 0 0.55417239656824191 3 6906 6 12966 7 11906 8 5680
502 1.0868363813954864 -0.35640640725219902 6.8644155307719288 0 0 0 0.6022993956420617 3 6919 6 12970 7 11922 8 5682
503 2.4025504438292238 -0.34657752626952804 6.5727519025579735 0 0 0 0.37000411017856571 3 7187 6 12972 7 12176 8 5802
504 1.711384046100658 0.071132083107519256 6.5906783394510144 0 0 0 1.0461758061711321 3 6940 6 12994 7 11941 8 5710
505 1.5537307604127282 0.10466711587844475 6.623601040148956 0 0 0 0.70022090601430864 3 6944 6 12996 7 11947 8 5711
506 -0.74553678268211565 0.22155280709083888 7.2344772682226353 0 0 0 0.692220486506545 3 6603 6 13000 7 11638 8 5698
508 -1.3689453350492313 0.55002375201291742 7.2685517717780632 0 0 0 0.47822999214882689 3 6626 6 13021 7 11658 8 5720 2 8750
509 0.45295453205905228 0.47126687328226585 6.7688964586433231 0 0 0 0.50388947038424448 3 6620 6 13022 7 11655 8 5734
510 -0.35230547730008149 1.1604284899316804 6.7916828650091174 0 0 0 1.1613903614227181 3 7009 6 13030 7 11989
511 -1.6962433000946482 1.5673085679696022 7.076104394326288 0 0 0 0.78625349675925715 3 7036 6 13040 2 8851
512 1.6993494728024066 1.3866719575146917 6.5467579593361753 0 0 0 1.4666533977352023 3 6720 6 13044 7 11698 5 10569 4 9744 2 8271
513 1.385414192616558 -4.2081513970164215 8.4291800382086102 0 0 0 1.2418270190037486 3 7121 6 13125 7 12109 8 5757
514 2.0329466094220194 -1.2576622404139224 7.1865952726662607 0 0 0 0.54432707930983648 3 6886 6 13153 7 11891 8 5776
517 1.8588943913149318 0.26315323454539963 6.4675139351643622 0 0 0 0.31552733493357316 3 7355 6 13183 7 12199 8 5873
518 -0.11717494028927895 0.68012098265386778 6.8811299247293327 0 0 0 0.27284586611042472 3 6980 6 13193 7 11977 8 5825
519 1.1918229453767453 1.0378288100227417 6.4110880135555464 0 0 0 0.98997709893153163 3 7245 6 13199 7 12208
520 2.2886205504423054 -1.6013499583790625 7.0509139160055598 0 0 0 0.46595975445487403 3 7150 6 13278 7 12139 8 5846
521 1.0551676445902434 -1.481790234371352 7.3604985091176935 0 0 0 0.63028492077699116 3 7160 6 13281 7 12147 8 5847
522 1.3658745604746461 0.63408760225978511 6.5020650539999947 0 0 0 0.2669791944607105 3 7222 6 13303 7 12204 8 5878
523 0.75848192711932938 -1.3969155447825496 7.508739739663441 0 0 0 1.0721914390754512 3 7329 6 13363 7 12307 8 5901
524 -0.22228871327764163 -1.4274714486162496 7.7713808338993502 0 0 0 1.2858913424729002 3 7450 6 13364 7 12401 8 5897
525 1.5218009589198924 -1.0863817709220123 7.3077337867167333 0 0 0 1.7201300258824539 3 7453 6 13372 7 12405 8 5911 5 12462 4 11095
526 1.055728485466521 -1.0269323913043227 7.1889789336325443 0 0 0 0.532476318020775 3 7335 6 13375 7 12316 8 5910
527 1.8401445474505498 -4.0835227251231832 8.3283359261046073 0 0 0 0.40003458509547579 6 224 7 219 8 186
528 -1.7262415348236857 -4.8681112791214609 9.3803458519732121 0 0 0 0.2701055279691319 6 167 7 262
529 -1.279159793985654 -4.2808614392973023 9.0261105955540462 0 0 0 0.48693025972036064 6 325 7 420
530 -0.9759599021140769 -4.0165305138592018 9.0226418390416043 0 0 0 0.69587923926271378 6 413 7 504
531 -1.436062186767481 -4.0701048032001363 9.1440557736303525 0 0 0 0.55323217117016721 6 416 7 520 8 188
532 -1.4765250264683476 -3.9962459498533351 9.1138891821562851 0 0 0 0.59167008686042333 6 441 7 552 9 167
533 -1.4549045212203857 -3.985294186501299 9.1314371066680451 0 0 0 0.91105819025343893 6 4528 7 555 9 3583
534 -1.432361152467077 -3.2367703789906876 9.0748277961394308 0 0 0 0.32171783147494276 6 706 7 851 8 326
535 0.70605828352656885 -2.405846500251803 7.8775099957409838 0 0 0 0.78640736178024939 6 4911 7 1006 8 563
536 0.31766876984212583 -2.4310555451120446 7.9469758395570915 0 0 0 0.57840454056615365 6 4908 7 1022 8 520
537 -0.49220700838065745 -2.4287055048846513 7.9658066038247499 0 0 0 0.27331963201058962 6 944 7 1063 8 483
538 -0.13623758997463092 -2.3856807808766134 8.0321792033838921 0 0 0 0.43355645007546029 6 4941 7 1083 8 539
539 -1.5813921179632515 -2.5602389371459915 8.6679262962546773 0 0 0 0.2228890719707016 6 4948 7 1120 8 462
540 -0.81215972128974223 -2.3553699061947944 8.1765118317687406 0 0 0 0.19505991933500097 6 1053 7 1131 8 535
541 -1.1730568250129028 -2.3017140541989076 8.2872921263331882 0 0 0 0.19270745759851979 6 5024 7 1196 8 580
542 -1.7875746289420837 -2.2840713827208177 8.3198163526113618 0 0 0 0.34532817605004934 6 5039 7 1245 8 547
543 1.3965688434380683 -1.49806276189698 7.3998972852611207 0 0 0 1.0052219229725665 6 1406 7 1409 10 3579 9 1045 1 1046
544 -5.0320646265836011 -6.2238667956109559 34.898926506434144 0 0 0 0.98269959566414478 6 1531 7 1430 8 896
545 0.49885148969062576 -1.5154769159166921 7.6441264246742335 0 0 0 0.57324092011550354 6 5233 7 1441 8 836
546 1.6073328818844457 -1.3850013928884399 7.3306316977048773 0 0 0 0.11709941061472645 3 520 6 1454 7 1443
547 1.5227659045090531 -1.295279087095969 7.3088223172972038 0 0 0 1.0008936904005943 6 5327 7 1509 4 938
548 0.70776269180119278 -1.3655484971907936 7.5590651231586623 0 0 0 0.49288776174942628 6 5302 7 1532 8 914
549 0.78055946907888607 -1.318941384179372 7.5261695515462197 0 0 0 0.48473418136863566 6 5337 7 1551 8 948
550 -0.11246402502393121 -1.3914567746800681 7.7573859222714718 0 0 0 0.36354899578230143 6 1497 7 1559 8 878
551 -0.0052260581138042278 -1.3140047529231849 7.7305837920466702 0 0 0 1.0433692240063976 6 1562 7 1601 10 3596 1 1067
552 -0.12734612680075025 -1.233523618801069 7.710179743727231 0 0 0 0.23690580769246763 6 5411 7 1631 8 962
553 -1.3872773371165847 -1.3530491792668005 8.0716788139442457 0 0 0 0.056970616416232508 6 1558 7 1633
554 -1.6497421990326575 -1.333420569093702 8.1082188811359845 0 0 0 1.056536388772815 6 1575 7 1653 8 870
555 0.30237884389840686 -1.162539133695341 7.8094390528846018 0 0 0 0.46773549900928013 6 1654 7 1659 8 1024
556 1.1595893334316878 -1.0016245059003832 7.1389426447009372 0 0 0 0.33583004901626223 6 5493 7 1682 8 1071
557 1.1595893334316878 -1.0016245059003832 7.1389426447009372 0 0 0 0.33583004901626223 6 5494 7 1683 8 1072
558 1.3003379901534524 -0.99752565777206759 7.3149047056669509 0 0 0 0.56328526997992145 6 5514 7 1686 8 1090
559 1.3003379901534524 -0.99752565777206759 7.3149047056669509 0 0 0 0.56328526997992145 6 5515 7 1687 8 1091
560 -1.1097504287302571 -1.1765807083054753 7.9572689645589154 0 0 0 0.33711188026747352 6 1639 7 1700 8 959
561 -1.0273617790287437 -1.1069887194685497 7.9577287372878427 0 0 0 0.52577480244627151 6 5481 7 1738 8 994
562 -1.2232457006886257 -1.090102688268344 8.0127794269493435 0 0 0 0.92511270641890009 6 5490 7 1760 1 1139
563 0.55509181594038481 -0.91828702154911546 7.6665030119910833 0 0 0 1.0839059796510067 6 5574 7 1778 8 1104 9 1249
564 -1.33478895423302 -1.0537655721865604 7.9868392122129768 0 0 0 0.31345267283558903 6 1738 7 1781 8 1002
565 -1.33478895423302 -1.0537655721865604 7.9868392122129768 0 0 0 0.31345267283558903 6 1739 7 1782 8 1003
566 0.63801674216235849 -0.89819348065513016 7.6335822245392135 0 0 0 0.56080191469589502 6 1804 7 1787 8 1109
567 -1.1377590673661619 -0.99552418972717005 8.0170253520082007 0 0 0 0.33936831422284258 6 5542 7 1809 8 1038
568 -0.36175573584215132 -0.82510795631608191 7.4672033672375733 0 0 0 0.17409884993259372 3 695 7 1837 8 1101
569 0.20323851958528499 -0.76098287784347018 7.7002975780110594 0 0 0 0.14318241676807628 6 1862 7 1865
570 1.0664769964422651 -0.59913950446264697 6.9584475031384256 0 0 0 0.65075395506992795 6 5677 7 1901 9 4494
571 -0.90580398071834467 -0.73411559728509757 7.8720587701648403 0 0 0 0.39465575981932166 6 5654 7 1907 8 1127
572 -1.5624993620349872 -0.76586254492712602 7.9980224871777024 0 0 0 1.2853053179348044 6 5635 7 1910 1 4337 10 5505
573 -1.4378588186619505 -0.49619656105593124 7.9912307194069552 0 0 0 0.23650245670360628 6 1979 7 2057 8 1195
575 1.6459284375624088 -0.31802464671499497 6.7685466164755539 0 0 0 0.41392928348382652 3 808 7 2064 8 1386 6 5765
576 0.51769807707559767 -0.32915858473109039 7.510845546311975 0 0 0 0.46540952528792806 6 2078 7 2099 8 1307
577 -1.6259318757727177 -0.36114700373759184 7.8674054840603516 0 0 0 0.18437644868496131 6 5739 7 2125 8 1233
578 1.661560219295664 -0.1626402574287065 6.6317742216472153 0 0 0 0.47897238441741852 6 5879 7 2161 8 1444
579 1.4400903127177915 -0.14220511688759899 6.6924060681660862 0 0 0 0.49321597295321068 6 5887 7 2183 8 1443
580 1.3152350128278927 -0.13335490556683141 6.7284985951494614 0 0 0 0.44940166028074674 6 5888 7 2195 8 1439
581 0.39046593547512065 -0.059128706397306649 8.828623725387752 0 0 0 1.5586243164244677 6 2321 7 2234 8 1471
582 0.52136519052046826 -0.0072930117317406102 6.9003666733834663 0 0 0 0.38165880232989324 6 2324 7 2296 8 1472
583 -0.47712806077875752 0.023687802856364907 7.1047565133284465 0 0 0 0.47947259412169191 6 2328 7 2330 8 1435
584 2.1452799316316518 0.10333172729196276 6.4171911846999734 0 0 0 0.23710807159546024 6 6033 7 2342 8 1593
585 -0.29281546026595984 0.082276900761034541 7.0637036804809297 0 0 0 0.46447761618999478 6 2361 7 2365 8 1474
586 1.8773229860088343 0.18903638299281234 6.488078545404484 0 0 0 0.22017794682673628 6 6056 7 2404 8 1625
587 -1.4102294857465534 0.23549375037149911 7.4076346028398206 0 0 0 0.19673108993620025 6 6037 7 2455 8 1495
588 -1.256468874170884 0.24778003464641413 7.350693363610465 0 0 0 0.39767993470056479 6 8470 7 2462 8 2928
589 0.74670233401225061 0.27300159501789589 6.772241974820898 0 0 0 0.45971283471647512 6 6074 7 2463 8 1604
590 0.87209027265814421 0.34882979689731408 6.6743898317649064 0 0 0 0.38004443036320473 3 1067 6 2545 7 2500
591 -1.0356219345331279 0.36242298736791129 7.2386513257852565 0 0 0 0.067926799230230414 6 6088 7 2508 8 1564
592 2.2377626785074187 0.39674537018791506 6.2384732266048681 0 0 0 0.4424361319435996 6 6164 7 2517 8 1745
593 2.3701164086009561 0.39754835499485708 6.1944342912224544 0 0 0 0.48800006123339751 6 2583 7 2519 8 1753
594 1.8378702248104972 0.41406172135896191 6.3878338315711103 0 0 0 3.1798664357164079 6 2574 7 2522
595 1.7869869053674565 0.41952817770946099 6.4230621564586654 0 0 0 1.7838760413574042 6 6163 7 2536 9 4901
596 1.9739999280307949 0.44075757293499684 6.3761062759398524 0 0 0 0.57702726721218156 6 2589 7 2547
597 1.9739999280307949 0.44075757293499684 6.3761062759398524 0 0 0 0.57702726721218156 6 2590 7 2548
598 0.83925202061195125 0.49850104144177587 6.6725543542297503 0 0 0 0.81940922593375431 6 6174 7 2574 8 1705 1 7223 10 6088 9 7051
599 0.83925202061195125 0.49850104144177587 6.6725543542297503 0 0 0 0.81940922593375431 6 6175 7 2575 8 1706 1 7224 10 6089 9 7052
600 -0.81966142188043301 0.50463813682362857 7.1222879990988641 0 0 0 0.090171248881769417 6 6148 7 2576 8 1636
601 -0.84925869356819983 0.508979831649093 7.1261339855266987 0 0 0 0.028141827767405869 6 6149 7 2577 8 1635
602 0.70242175570314125 0.50765003154703014 6.7023702568370185 0 0 0 0.41630403748223088 6 6178 7 2581 8 1702 10 7432 9 4900
603 0.1189020790019386 0.51988919548422574 6.8571225226177894 0 0 0 0.5127902466921378 6 6165 7 2582 8 1668 1 7210
604 0.88102488540114388 0.52873073215799038 6.6705717520633172 0 0 0 0.24441746174233456 6 6188 7 2589 8 1729
605 0.33118507016583842 0.54654634123020718 6.8486182464393091 0 0 0 0.352313034234506 6 2597 7 2593 8 1697
606 0.28656390220605599 0.55352133039116436 6.8636688302881295 0 0 0 0.34691291077223491 3 1164 6 2605 7 2601
607 0.43276628406704615 0.58498090201912278 6.8139954811954393 0 0 0 0.29013567058989503 6 2618 7 2616 8 1732
608 -1.2104533475351189 0.61111722952001479 7.1971835140848688 0 0 0 1.118902732472602 6 6181 7 2628 1 7198 10 7423
609 2.7487768335236686 0.63024846208366014 6.4818877573580798 0 0 0 0.37904368788322035 6 6261 7 2642 8 1932
610 -0.24848198539785568 0.66531409422572418 6.9241299653627539 0 0 0 0.93168243693728259 6 2633 7 2668 1 5006 10 6127 4 1633
611 0.86134304579709509 0.65960875621012582 6.6261195001241644 0 0 0 0.24030016428102455 6 6228 7 2669 8 1809 10 8511 9 7108 5 2004
612 0.8917443153483966 0.67146079813808157 6.6153531740273728 0 0 0 0.17415388490531836 6 6239 7 2681 8 1819
613 -0.85907709412976507 0.72002583522931507 7.1002371987119126 0 0 0 0.74607634241186349 6 2641 7 2691 10 7461 4 4233
614 0.86531281170249696 0.7045715433387556 6.6098189834010599 0 0 0 1.1344915037071677 3 1244 6 6254 7 2694 1 7310 5 2024
615 -1.2650864505491808 0.74046626327707166 7.2129432289764335 0 0 0 1.5176996044581135 6 6215 7 2696 8 1701 10 7459 5 1951 4 6231
616 1.7091093744725259 0.72018345049865251 6.5936991858960274 0 0 0 0.22874202395934529 6 2725 7 2703 8 1919
617 -0.74452649792200365 0.74202869610311262 7.0559985308126061 0 0 0 1.2031634789658361 6 2665 7 2706 1 7272 10 7475 4 4242 5 1975
618 -0.68624639590579961 0.74215891051052418 7.0403601890768917 0 0 0 1.0415597078395837 6 6224 7 2707 8 1741 1 7274 10 7477 4 1651 5 1978
619 -0.25522772588058412 0.74953365266917515 6.881794422661125 0 0 0 0.32842301571631899 6 6241 7 2719 8 1782
620 0.31273050547337067 0.85127380644247808 7.0156335467777318 0 0 0 0.35076183771293529 6 6288 7 2752 8 1885
621 -1.2846608972112874 0.86457927124887679 7.1558718869937641 0 0 0 1.3543116644818347 6 6263 7 2760 8 1763 10 7504 1 5081
622 -1.1115009397116276 0.88235396512869724 7.2073776983573419 0 0 0 0.47510853147908749 6 6277 7 2761 8 1796
623 -0.27946708442139928 0.86290219855130579 6.8598171652345235 0 0 0 0.071707278501940211 6 2747 7 2768 8 1852
624 -0.28357613760249539 0.86384401482201989 6.8700707060526032 0 0 0 0.21717325481197874 3 1358 7 2769 8 1853 4 4287 5 2073
625 1.282278631786006 0.85024360246371011 6.4615607380456686 0 0 0 0.71464524281182551 6 6341 7 2781 8 1965 5 2124
626 -0.2771540636456809 0.90321949323097428 6.8405526227542603 0 0 0 0.15539961218037882 6 6308 7 2793 8 1887
627 -1.4002308143006639 0.96177859990632142 7.1414387076407273 0 0 0 1.0591006796419089 6 6297 7 2801 8 1829 10 7543
628 -1.2401731557567677 0.99744497591717363 7.2414351321676849 0 0 0 0.37498419984829384 6 2781 7 2808 8 1855
629 2.6819181101926666 0.9201209121786369 6.4024485699671576 0 0 0 0.32618500717022453 3 1404 6 2884 7 2817
630 0.17817556982693986 0.99972413224397272 7.0218888372014225 0 0 0 0.18427511630886886 6 2819 7 2822 8 1950
631 -1.3694743876569222 1.0334163977740278 7.217262034745386 0 0 0 0.42958460179642283 6 6326 7 2829 8 1875
632 -0.44207653186004681 0.99740481133357506 6.8012886482207318 0 0 0 0.26814794573646561 6 6354 7 2840 8 1924
633 -1.1293459895867755 1.0711458839155841 7.3012503223543606 0 0 0 0.47723982279464328 6 6351 7 2841 8 1914
634 0.11106288538278328 1.0626380022558277 7.0005952309007879 0 0 0 0.4127335081886212 6 6372 7 2852 8 1981
635 -1.3479198782440562 1.2675195072546688 7.2748962995433013 0 0 0 0.55686566222169009 6 6419 7 2928 8 3265
636 1.1605475070059303 1.3403005538669934 6.2626875214733433 0 0 0 0.9176012975864215 3 3371 6 6584 7 3048
637 1.1840765254865144 1.6736382709984372 6.178466561338527 0 0 0 0.57857012448134759 3 1855 6 6738 7 3191
638 1.0840717810406768 1.6986674990757131 6.2078715046294377 0 0 0 0.56098976140894607 6 3427 7 3198
639 2.0805838920580757 -5.0803056543109015 8.4999667512770145 0 0 0 0.7752650814776203 6 4229 7 3797 8 0
640 2.1795976814142763 -4.7518850488203341 8.2410727716598835 0 0 0 1.0103239811113098 6 7277 7 3809 8 17
641 1.9060873143642436 -4.6337704698212345 8.3407397907961194 0 0 0 0.43399222556582634 3 25 6 7304 7 3836
642 1.8236606189885174 -4.6259439743767592 8.3615690908803675 0 0 0 0.38071455578834623 6 4274 7 3841 8 55
643 1.4503729979885762 -4.6979484511312828 8.4307136173116817 0 0 0 0.51145747343060954 6 4270 7 3844 8 33
644 1.838878228782499 -4.5370267766726666 8.3203623006594221 0 0 0 0.23088118865335586 6 4302 7 3862 8 77
645 1.3582216146483075 -4.6071559440061325 8.4688104697499238 0 0 0 0.29057651383827632 3 46 6 4306 7 3869 8 60
646 1.2090337952979289 -4.5883956100331256 8.4892316372988486 0 0 0 0.20721153081899316 6 4310 7 3879 8 61
647 1.2090337952979289 -4.5883956100331256 8.4892316372988486 0 0 0 0.20721153081899316 6 4311 7 3880 8 62
648 1.8897688761068288 -4.2874882580459905 8.3840918138854832 0 0 0 0.15053345405899635 6 4351 7 3925
649 2.6251227535830419 -4.4342210066954983 8.9920166795100869 0 0 0 0.16394792060274607 3 62 7 3927
650 1.7629221795387129 -4.1985287029287273 8.2700981431728788 0 0 0 0.48839706828830742 6 4361 7 3935 8 164
651 -0.43524704207459841 -4.7500012041745974 8.9744890139939919 0 0 0 0.17050336103929575 3 81 6 4332 7 3952
652 -0.47663755555613829 -4.5621701796799048 8.8465913663511504 0 0 0 0.3247908225122228 6 4356 7 3988 8 76
653 -1.7763239852681276 -4.6510526010438493 9.2375762977487881 0 0 0 0.44742134315499427 6 4383 7 4043 8 65
654 -0.95406884643261347 -4.4014628479631108 8.9771054561322945 0 0 0 0.5723107654032541 6 4414 7 4069 8 130
655 -0.95406884643261347 -4.4014628479631108 8.9771054561322945 0 0 0 0.5723107654032541 6 4415 7 4070 8 131
656 -0.84595572065893443 -4.3313547647957069 8.9307917469344549 0 0 0 0.4527455256241284 6 4431 7 4085 8 145
657 -1.76951701045501 -4.4498442082851941 9.1232633397687799 0 0 0 0.14045514664823802 6 4427 7 4111 8 109
658 -1.7531160226504894 -4.3826505854486761 9.1319124211335563 0 0 0 0.17136869527446116 3 160 6 4443 7 4135
659 -1.3180879067281077 -4.2799746343440273 9.041577781290556 0 0 0 0.46535217599276651 6 4454 7 4143 8 161
660 -1.8069001004888392 -4.3455416615562639 9.1392584491511695 0 0 0 0.18821169647138647 6 4450 7 4153 8 144
661 -1.5505443322425234 -4.1273955618146321 9.0820644887633115 0 0 0 0.45976602438046238 6 4487 7 4189 8 180
662 -0.40833090723995236 -3.8055039476050756 8.5968006500338738 0 0 0 0.33191888240940653 6 4511 7 4191 8 205
663 1.7662909097136876 -3.2508833106304151 8.0112479714562337 0 0 0 0.51347149669409209 3 167 6 512 7 4220
664 2.296233732003774 -2.924814633848746 7.4875639768878557 0 0 0 0.29117843474699179 6 4622 7 4243 8 350
665 -1.4902381973677561 -3.8203621734346243 9.0829455258749388 0 0 0 0.6833363593543782 6 4563 7 4274 8 217 9 3600
666 -1.5757021548365535 -3.6999854898492561 9.0028707256781733 0 0 0 0.45871166156308657 6 4588 7 4305 8 227
667 -1.5757021548365535 -3.6999854898492561 9.0028707256781733 0 0 0 0.45871166156308657 6 4589 7 4306 8 226
668 2.4173519968609671 -2.6576239580410541 7.3046694126552483 0 0 0 0.27562525856523923 6 4698 7 4318 8 418
669 2.3488680310879255 -2.6503441554019678 7.3127952825785112 0 0 0 0.31891902569787417 6 4704 7 4327 8 422
670 2.6589176175613503 -2.64352954397746 7.4432291314525614 0 0 0 0.23451040983417962 6 4716 7 4331 8 455
671 2.6589176175613503 -2.64352954397746 7.4432291314525614 0 0 0 0.23451040983417962 6 4717 7 4332 8 456
672 -0.39480796891132386 -3.2991366511765285 8.4360773329637961 0 0 0 0.30065725542790295 3 226 7 4335 8 291
673 -1.5756265583474778 -3.5827823054204613 8.9695095409137391 0 0 0 0.36595018337675128 3 248 6 4612 7 4342 8 245
674 -1.5756265583474778 -3.5827823054204613 8.9695095409137391 0 0 0 0.36595018337675128 3 249 6 4613 7 4343 8 246
675 2.2192589403172964 -2.6380996579957072 7.3437939302825406 0 0 0 0.38028944220832223 6 4713 7 4351 8 431
676 -1.5759654962805989 -3.5438429983013493 8.9615644841610447 0 0 0 0.37516706514636772 6 4621 7 4367 8 253
677 1.0506619310379608 -2.8126284437863087 7.7865187909367775 0 0 0 0.53326203762208702 6 4712 7 4409 8 377
678 -0.39228602613584107 -3.1289523687065959 8.3795196309252553 0 0 0 0.39018106473771641 3 266 6 4685 7 4427 8 316
679 -1.0419654721956149 -3.2931865954422199 8.7740907686720426 0 0 0 0.47451764960277526 6 4676 7 4440 8 303
680 2.0126672086118034 -2.5863881007767926 7.5369922416627118 0 0 0 0.35797978668092173 6 4752 7 4445 8 461
681 -1.0825382759472308 -3.2651256465264393 8.7474627746939237 0 0 0 0.47198267934965604 6 4683 7 4455 8 306
682 -0.3927768816826076 -3.0539304210539178 8.360662695331138 0 0 0 0.25285680806811672 3 290 7 4462 8 329 6 4702
683 -0.012650812281555176 -3.4414453178324469 9.8180218493571019 0 0 0 0.38470766598727124 6 7578 7 4464 8 2180
684 1.918059063800077 -2.5746328628484543 7.570389628032216 0 0 0 0.48786669105177466 6 4770 7 4466 8 474
685 1.8079784659761133 -2.5657182235571478 7.5860397271181261 0 0 0 0.53760313444909269 6 4775 7 4486 8 481
686 2.2258882162171187 -2.4224957200770865 7.2812541340860983 0 0 0 0.38671220879760054 6 4794 7 4493 8 523
687 2.2258882162171187 -2.4224957200770865 7.2812541340860983 0 0 0 0.38671220879760054 6 4795 7 4494 8 524
688 -1.6105717939799473 -3.2316039462988759 8.8460880868050626 0 0 0 0.57335583679142355 6 4705 7 4510 8 308
689 1.5992900634649789 -2.5499324646371386 7.6448488362148348 0 0 0 0.41941077974584129 3 286 6 7615 7 4512 8 485
690 1.4703303310844453 -2.557266560287514 7.6626293624328996 0 0 0 0.50473141546737244 6 4792 7 4516 8 479
691 1.4703303310844453 -2.557266560287514 7.6626293624328996 0 0 0 0.50473141546737244 6 4793 7 4517 8 480
692 2.5267717296442136 -2.3765403281272199 7.433521879439593 0 0 0 0.19861679127448631 6 4852 7 4521 8 625
693 -1.0782331563322383 -3.0981818526856189 8.6939449149813051 0 0 0 0.4236068630842677 3 315 7 4525 6 4721 8 330
694 1.8351687761136399 -2.4826388497135605 7.5897061892189877 0 0 0 0.40324186399364786 6 4822 7 4528 8 522 3 292
695 2.0392025542421308 -2.4285088557981349 7.5211598464949727 0 0 0 0.4282194614770109 6 4840 7 4535 8 574
696 -1.6097314874647253 -3.1254850758411861 8.8117192325322726 0 0 0 0.3555702257262654 6 4730 7 4549 8 321
697 1.0086830494605532 -2.532822085416357 7.6353135686300746 0 0 0 0.56356887908148667 6 4807 7 4550 8 457
698 -1.6992337772732964 -3.0560577917651792 8.7365575341941302 0 0 0 0.67895594360988631 3 334 6 735 7 4569
699 -1.5661011423308333 -3.0330466183685032 8.8046551330762028 0 0 0 0.40964554311787926 3 337 6 4758 7 4581 8 341
700 -1.5661011423308333 -3.0330466183685032 8.8046551330762028 0 0 0 0.40964554311787926 6 4759 7 4582 3 338 8 342
701 1.3046532085530376 -2.4455162782912172 7.7554043003359316 0 0 0 0.14569093023748525 3 319 7 4588
702 1.3149644771483784 -2.433556409620635 7.7156809058373046 0 0 0 0.45861020761064042 3 320 7 4589 8 556 6 4874
703 -1.559457170885215 -2.9854540542284416 8.7811030311404448 0 0 0 0.20299359855687854 6 4774 7 4592 3 347 8 349
704 -1.559245837379575 -2.985605109315113 8.7806288988421475 0 0 0 0.20127421142482937 3 348 6 4773 7 4593
705 0.71494105099178995 -2.4619066642859955 7.8530016656956914 0 0 0 0.50844809325407592 3 336 7 4619 8 505
706 -1.5583369038077322 -2.9104045771933662 8.7589606328187202 0 0 0 0.31883291903383143 6 4802 7 4620 8 362
707 0.64296857022831888 -2.4551993847379507 7.8698690978404384 0 0 0 0.49168455717128307 3 339 7 4624 8 512
708 0.64296857022831888 -2.4551993847379507 7.8698690978404384 0 0 0 0.49168455717128307 3 340 7 4625 8 513
709 -1.6978826260791273 -2.8926854606641155 8.6949520461974288 0 0 0 0.15851026581417169 3 358 6 4800 7 4627
710 -1.6984801914402481 -2.8928132676557214 8.6960669026918982 0 0 0 0.17336844491006939 3 359 6 4801 7 4628 8 357
711 0.24619281470248439 -2.4213953368035948 7.9518973446028491 0 0 0 0.42667941900749379 6 4913 7 4664 8 518
712 -1.6143584849430763 -2.7485754849361537 8.6991701864781135 0 0 0 0.39521572449472958 6 4870 7 4675 8 398
713 -1.6143584849430763 -2.7485754849361537 8.6991701864781135 0 0 0 0.39521572449472958 6 4871 7 4676 8 399
714 -0.10662501860482929 -2.3916330899488711 8.0256299369003692 0 0 0 0.31565551067566261 6 4938 7 4689 8 531
715 -0.4938182987030279 -2.4028710644358884 7.9667564860852016 0 0 0 0.19895582541859236 6 4930 7 4697 8 492
716 -0.18063204633207769 -2.3881122882595065 8.0462949177017258 0 0 0 0.33212116503160766 6 4940 7 4701 8 538
717 -0.17394373723040391 -2.2743899550426638 8.0205632898130386 0 0 0 0.34828942556375631 6 5004 7 4739 8 621
718 -0.17394373723040391 -2.2743899550426638 8.0205632898130386 0 0 0 0.34828942556375631 6 5005 7 4740 8 622
719 -2.0095496145880292 -2.4556891933793366 8.4086012427316845 0 0 0 0.23463182334273253 3 433 6 7713 7 4757 8 2211
720 -0.95592687769411899 -2.320786558243189 8.2257302658649305 0 0 0 0.20559401399948882 6 5007 7 4759 8 566
721 -0.32325557978008501 -2.2200696061864384 8.0298866844544232 0 0 0 0.36848394541089696 6 5038 7 4760 8 644
722 -1.0277525927794942 -2.3125013398108054 8.2433727585827672 0 0 0 0.19401933205167735 6 5015 7 4764 8 569
723 -1.0277525927794942 -2.3125013398108054 8.2433727585827672 0 0 0 0.19401933205167735 6 5016 7 4765 8 570
724 -1.100126998804092 -2.308141922259682 8.2645476396576516 0 0 0 0.16869225066588669 6 5019 7 4769 8 575
725 2.2436991495726568 -1.7199582583926796 7.0750303115640136 0 0 0 0.31047358517160384 3 407 6 7817 7 4782 8 771
726 2.6090323178704464 -1.7089746179910927 7.1869735249307398 0 0 0 0.17723673738603177 6 5160 7 4783 8 799
727 2.6090323178704464 -1.7089746179910927 7.1869735249307398 0 0 0 0.17723673738603177 6 5161 7 4784 8 800
728 -1.6684508544200911 -2.2804224428030437 8.4172246299638367 0 0 0 0.2783941394149308 6 5053 7 4797 8 585
729 -1.6684508544200911 -2.2804224428030437 8.4172246299638367 0 0 0 0.2783941394149308 6 5054 7 4798 8 586
730 2.6821978652531082 -1.6489643545351478 7.1723037909702088 0 0 0 0.30360545144988399 3 422 6 5184 7 4803
731 2.318465242311305 -1.6346196633331511 6.9785370625329151 0 0 0 1.9203556789122709 6 5171 7 4804 8 2376 1 925
732 -1.6664903291475044 -2.2063114929057832 8.3915624711720778 0 0 0 0.39228317631085768 6 5082 7 4816 8 624
733 1.9094702274652384 -1.6465803686672453 7.3121015221744461 0 0 0 0.18268461935291661 6 5187 7 4831 8 808
734 1.9094702274652384 -1.6465803686672453 7.3121015221744461 0 0 0 0.18268461935291661 6 5188 7 4832 8 809
735 -1.3565754600437623 -2.0766258556406441 8.3353209540879671 0 0 0 0.60124395345057036 6 5129 7 4843 5 4883
736 1.649253682503554 -1.6218705924269294 7.3816334075204741 0 0 0 0.10349253177356872 6 5197 7 4857 8 812
737 1.467834627654431 -1.6046200656372889 7.4294139566659902 0 0 0 0.16043832325591387 6 5205 7 4877 8 816
738 1.1050481164369441 -1.6121602874178318 7.3501219374059126 0 0 0 0.29118320427541455 6 5196 7 4881 8 792
739 2.0852884665487785 -1.4663706658565316 7.2228566680471822 0 0 0 0.23785155845080083 6 7871 7 4897 8 2417
740 1.7973104755278628 -1.4272350934547118 7.2810971955929773 0 0 0 0.10472742253536201 6 5248 7 4910 8 919
741 1.7254267533346179 -1.4343982284452639 7.3136691865642787 0 0 0 0.21271734669060435 6 5247 7 4914 8 913
742 1.8371212290160945 -1.4141486973409785 7.2614608988552796 0 0 0 0.21132287892337231 3 506 6 7888 7 4915 8 931
743 1.6853190269195442 -1.420930574297919 7.3143923778159969 0 0 0 0.1403532294701291 6 5262 7 4917 8 918
744 1.9080874442704516 -1.3848989248100601 7.2320182011859009 0 0 0 0.19831237923385894 3 508 6 7891 7 4919 8 2431
745 1.9976031723870562 -1.3312325913071257 7.1877504479888108 0 0 0 0.16907299477266935 6 7903 7 4931 8 973
746 2.0259340169005498 -1.3076556677342037 7.1662684134215455 0 0 0 0.17123062955742666 6 7906 7 4937 8 981
747 1.6026258810122631 -1.3646531122884737 7.338749279105131 0 0 0 0.2329054855684019 3 526 6 5293 7 4938 8 955
748 0.27806530697854448 -1.49254639920567 7.6860788194094436 0 0 0 0.40408657461596942 6 5251 7 4944 8 842
749 0.27806530697854448 -1.49254639920567 7.6860788194094436 0 0 0 0.40408657461596942 6 5252 7 4945 8 843
750 0.23193596800683222 -1.4911581212064338 7.6978162157419598 0 0 0 0.48844408886405039 6 5255 7 4949 8 840
751 1.2797288450793471 -1.3650976388015374 7.430368655571602 0 0 0 0.27817613911742911 6 5294 7 4954 8 943
752 -0.30473458028592865 -1.4449252905753061 7.7983597230903365 0 0 0 0.23176359102398525 3 553 7 4997 8 852
753 1.8406884021842302 -1.2034556299157271 7.3245821333812122 0 0 0 0.36405328893322292 6 5409 7 5003 8 1036
754 0.81534973328481963 -1.2898416579077188 7.4975486308794537 0 0 0 0.54546084665954597 6 5362 7 5007 8 964
755 -0.20153213364232134 -1.3792882587326476 7.7728563248169564 0 0 0 0.35928048663980533 3 567 6 7922 7 5010 8 2409
756 -0.4483218691372633 -1.3845557597981542 7.7186364797314546 0 0 0 1.585028472686556 7 5013 1 6415 6 7907
757 -0.42563224196067095 -1.3729501668113326 7.6598211876669131 0 0 0 0.55914425308055238 6 7908 7 5014 8 2401
758 0.24091724710269782 -1.2758056774654429 7.7471425446698454 0 0 0 0.4612650854414358 6 5400 7 5026 8 963
759 2.3305231889300009 -0.96461283660954045 6.7411461792449625 0 0 0 0.25961147876003005 6 7998 7 5039 8 2594
760 0.33706290111932791 -1.1871570263437747 7.7956044005513201 0 0 0 0.47818538790165716 6 7971 7 5054 8 2477
761 0.33706290111932791 -1.1871570263437747 7.7956044005513201 0 0 0 0.47818538790165716 6 7972 7 5055 8 2478
762 0.21869997885179529 -1.1498752408983477 7.8127609315480431 0 0 0 0.63191933260574451 6 7989 7 5077 8 2495
763 1.2739050207326585 -1.0311987555490876 7.3315878174734399 0 0 0 0.48320879838987274 6 5497 7 5081 8 2548
764 -0.3758700640099179 -1.1550791822698978 7.6803247227945501 0 0 0 0.13001534983548554 3 611 7 5085
765 0.10744487375413415 -1.1318697831339797 7.800556623852807 0 0 0 0.35901256028123374 6 5466 7 5088 8 1027
766 -1.100858438926086 -1.218505817211414 7.9508638373440466 0 0 0 0.50262246913884323 6 5421 7 5090 8 938
767 0.431815971847757 -0.99374719247425081 7.7120562145317288 0 0 0 0.36755073076849204 3 626 7 5127 8 2551 6 8029
768 1.2719154041136018 -0.8839121852957027 7.2914209139392234 0 0 0 0.73965982513872641 6 8079 7 5138 8 2607
770 0.61896010228601461 -0.92348192799572637 7.6626922950866101 0 0 0 0.29434819482861724 6 5575 7 5159 2 1236
771 -1.139047533173525 -1.0497582549165463 8.0098729730026985 0 0 0 0.3124121941442643 6 8016 7 5161 8 2485
772 2.3585306232293708 -0.73093536547549554 6.6493125532249229 0 0 0 0.30405605221945092 6 5624 7 5162 8 1208
773 0.27229389837096779 -0.93712002953420404 7.7450834204297019 0 0 0 0.50259957040386138 3 2644 7 5164 8 2575 6 8065 4 5766 2 1239
774 -1.309500982824088 -1.0342674017363662 8.0046756724843355 0 0 0 0.27771804902186381 6 5523 7 5172 8 1017
775 -1.675671474728301 -1.0529232283556751 8.0145061224985117 0 0 0 0.27832905395472196 3 667 7 5173 8 2457
776 -1.2874285580447702 -0.9960041399048577 8.0397753067251845 0 0 0 1.0855621301546796 6 5540 7 5189 8 1031 10 5421 1 4246 9 6461 5 972
777 0.37597933826360197 -0.82726766647037198 7.6857970336661197 0 0 0 0.37560372955783422 6 5616 7 5196 8 1137
778 0.1208329485400325 -0.83551038910624231 7.7366084955143295 0 0 0 0.64436436935646535 3 683 7 5206 5 1122
779 -1.1938350942891627 -0.89572306658195666 7.9962089742409637 0 0 0 0.36909392840979449 6 8087 7 5213 8 2541
780 -1.2967933879106519 -0.86499942516436523 7.9431494262820648 0 0 0 0.19372203503632307 6 1824 7 5222
781 -1.5052684175574391 -0.86606871995845636 7.9843565866624466 0 0 0 0.23466298401626254 6 5606 7 5228 8 1065
782 -0.32190832215469178 -0.77334218605771243 7.5533816524134707 0 0 0 0.34285676879796906 6 5627 7 5229 8 1118
783 0.68400160944718535 -0.72524310539022496 7.5837180505359791 0 0 0 0.54236841070505482 3 701 6 8146 7 5231 8 2655
785 0.120560615430642 -0.71931557119368617 7.7081782300913622 0 0 0 0.71150815131634171 6 5656 7 5241 8 1167 9 4450
786 -1.5400775706380672 -0.80134411067519917 7.9721177551165177 0 0 0 0.2249507211614 6 5625 7 5244 8 1087
787 -1.1112437406694418 -0.75946363997428312 7.8857276647107115 0 0 0 0.36887796484961416 6 5638 7 5247 8 1106
788 -1.5805510911304925 -0.73055640612365891 7.9999829675859582 0 0 0 1.3249728325709202 3 766 7 5268 8 2587 10 6909 1 6668 4 5774
789 -1.568032752447289 -0.73033454060058212 7.9658527728906678 0 0 0 0.56450133469040109 3 767 6 8138 7 5269 8 2588
790 -1.7168798820102034 -0.71782105134207208 7.8034165304197938 0 0 0 0.14994915364522646 3 770 7 5271 8 2579
791 -1.5918248320195194 -0.66104187753837895 7.9503435438762189 0 0 0 0.22765379201193978 6 5669 7 5287 8 2610
792 0.55162926871942763 -0.48482480731290878 7.5387946945468052 0 0 0 0.73050759116364195 6 8209 7 5303 8 2704
793 0.60160211826691257 -0.48045865529759285 7.5428490359891658 0 0 0 0.60777109619873348 3 788 7 5306 8 1268
794 -1.0507596920608191 -0.54277006290448238 7.8508204980146292 0 0 0 0.52681778768979981 6 5697 7 5315 8 1187
795 -0.33795601566556294 -0.48495597695840414 7.4035627864428628 0 0 0 0.1720439673575932 6 5703 7 5320 8 1225
796 0.67828127434181829 -0.34668992360026979 7.4784482001819619 0 0 0 0.67519385324314796 6 8269 7 5372 8 2738
797 -4.0086681354132532 -0.85332484284282772 25.913187824241103 0 0 0 0.33409062198189315 6 5855 7 5375 8 1361
798 2.3726183953689932 -0.23085985060077263 6.3930384970569003 0 0 0 0.23887205335164644 6 8302 7 5383 8 2831
799 1.4012100408907404 -0.24315499245001576 6.8020382789104312 0 0 0 0.058391301618346395 3 852 7 5405
800 -5.9883163652655211 -0.54922962433793532 28.022989106354665 0 0 0 1.8568605300342014 6 2270 7 5428 8 1409
801 0.75403810721394293 -0.062400905457253915 6.7755221822300413 0 0 0 0.081754457824594368 3 905 7 5502
802 0.71918829149578745 -0.063315034419506103 6.8683192427395312 0 0 0 0.43619967656980718 3 906 6 5920 7 5503 8 2842
803 0.33905496885152886 -0.0017273823452507758 6.9414138729401937 0 0 0 0.19738155611904051 3 935 7 5536 8 2880
804 -1.4233232249393339 -0.028174869587067605 7.8409932922605652 0 0 0 1.0863939800570916 3 947 7 5546 8 2802
805 -1.4233232249393339 -0.028174869587067605 7.8409932922605652 0 0 0 1.0863939800570916 3 948 7 5547 8 2803
806 -0.43458105603299885 0.059324280620427723 7.0857180602456538 0 0 0 0.40164247652127427 6 8398 7 5594 8 2847
807 -0.43458105603299885 0.059324280620427723 7.0857180602456538 0 0 0 0.40164247652127427 6 8399 7 5595 8 2848
808 0.55913906322568463 0.092935368507275379 6.886807182028492 0 0 0 1.0178975870091262 6 8440 7 5604 8 2958
809 2.6741929377649214 0.16633921292329293 6.6311805196130926 0 0 0 0.50969489915686494 3 2881 6 6060 7 5610
810 0.9263538974548462 0.23449000016196642 6.7376036606939049 0 0 0 0.43020177957211225 6 8487 7 5682 8 3011
811 1.0460393904793854 0.24675604081198271 6.6341411684289291 0 0 0 0.16074083220190441 3 1022 7 5700
812 2.0885041782818354 0.26675170293678713 6.3706626489154932 0 0 0 0.33361938335002589 6 6103 7 5703 8 3069
813 1.63914754971018 0.28392991881449542 6.4902652372741763 0 0 0 0.12818699358757069 3 2931 7 5717 8 3052 6 8523
814 1.63914754971018 0.28392991881449542 6.4902652372741763 0 0 0 0.12818699358757066 3 2932 6 8524 7 5718 8 3053
815 -1.5037426800377727 0.25961102046987161 7.3909570742051933 0 0 0 0.27818578902674179 6 8472 7 5722 8 2923
816 1.5023226067236002 0.32176872563156389 6.5255879519606852 0 0 0 0.55876451367462687 6 6121 7 5736 8 1655 10 7394
817 1.0031359644016011 0.3229456896279656 6.6022462938551261 0 0 0 0.22663543597082558 6 8528 7 5742 8 3045
818 0.82683641639213701 0.35357067661861286 6.6992663797276952 0 0 0 0.47186830831484972 3 1070 6 8534 7 5755 8 3048
819 -0.93161786716756356 0.34847997702112815 7.2215098781226033 0 0 0 0.29483186118683807 6 8502 7 5757 8 2988 2 1846
820 0.39024211513885554 0.39427489722125891 6.8012298267716025 0 0 0 0.38428309012636808 6 6133 7 5769 8 3044
821 -0.95245301731720877 0.42571602229965277 7.2152987042181849 0 0 0 0.24697727901692104 6 8529 7 5778 8 3008
822 1.7084229937333146 0.46782381885815194 6.4469155022155888 0 0 0 0.39730603569517564 3 1120 6 10113 7 5795 8 3127
823 -1.1656585303904858 0.48200807481187002 7.2251354929589064 0 0 0 0.2503923011384746 6 6140 7 5799 8 1603
824 0.64568693386363152 0.49402452857073748 6.7260116302135478 0 0 0 0.68550237965001848 6 8562 7 5806 8 3087 1 8787 9 8572 5 1877
825 -0.91829764561936245 0.51645944540897082 7.1494182947854901 0 0 0 0.3118954257545638 3 1147 6 8548 7 5813 8 3036
826 -0.94456110564241724 0.51842285389662346 7.1497566059765951 0 0 0 0.14629788838034935 6 6152 7 5814 8 3035
827 -0.43973422255578315 0.5104409440023735 6.9513758204626779 0 0 0 0.61845133044363276 6 8554 7 5815 1 7175
828 0.034817129327971298 0.5225085932460346 6.8749923331955385 0 0 0 0.35740104392352051 6 8560 7 5817 5 5682
830 -0.97348804871183148 0.56248951261332514 7.1501158711824315 0 0 0 0.20035139983490194 6 6162 7 5831 8 3050
831 -0.22858018010222814 0.56269722160640123 6.9385411364694161 0 0 0 0.75700586359436406 6 8568 7 5832 8 3080 4 4207 9 7040 2 1965
832 0.7086979751981235 0.56287340559875687 6.6957185712089009 0 0 0 0.36918475117868738 6 6194 7 5833 8 3121
833 -0.70238167540733254 0.61361097439990275 7.0767343298025711 0 0 0 0.96700490120152582 3 1191 7 5837 8 3078 1 8790 10 8461
834 -0.23980833398343704 0.63450281337978498 6.9243003265748229 0 0 0 0.78277446107119353 6 8593 7 5844 1 8813 10 8477 9 8588 4 6226 5 5720 2 2009
835 1.5593561081109619 0.62406944600598913 6.49936487746134 0 0 0 0.1583631873276615 6 6231 7 5845 8 1843
836 -0.32897495276689964 0.6429419522191655 6.9377299745689838 0 0 0 0.089513088915829805 3 1205 7 5848 8 3102
837 -0.29310569516119434 0.65330873247490129 6.9129788550530371 0 0 0 0.25571454591621728 6 6202 7 5852 8 3108
838 1.4091634910465243 0.64832589916464234 6.4534740597946927 0 0 0 3.0168518489723231 6 2680 7 5855 1 5097
839 1.5315175297308685 0.64788613414209995 6.5008143566201868 0 0 0 0.20251898591571063 6 6244 7 5857 8 1861
840 -1.0608519152770912 0.68248129192064699 7.1510954233204362 0 0 0 0.47052165983190636 3 1218 6 8595 7 5862 8 4024
841 -0.95829279044823878 0.70302001095249611 7.1286310914536095 0 0 0 0.78004519961998464 6 6205 7 5865 8 1699 5 1941
842 -0.87840741874122841 0.69372652569867987 7.0554717685875534 0 0 0 1.1114297881118158 6 8602 7 5866 8 3095
843 0.24997870733964614 0.71454181091166435 6.9352710362357186 0 0 0 0.26124865888018423 3 1239 6 6230 7 5875 8 3151
844 1.6431267629989159 0.6940364603653103 6.5510663788211607 0 0 0 0.26281333981590449 3 1222 6 6266 7 5876 8 1906
845 1.6017860845265597 0.69955188739753082 6.5415728445379608 0 0 0 0.39943441963362514 3 1230 6 6273 7 5878 8 1910
846 -0.96964095084126445 0.72579758750612977 7.1316561557975584 0 0 0 0.8221882673282187 6 8605 7 5881 8 3106 10 8486 4 6233 5 5731 2 2058
848 -1.2534909032187689 0.82307874934485847 7.1596120969618591 0 0 0 1.0590114719435 6 6248 7 5915 8 3125 10 7489 1 7282
849 -1.4422189684524604 0.88244165913092398 7.1891677366301945 0 0 0 0.98790091764204635 6 6270 7 5945 10 7506 8 1766
850 1.1049987851700955 0.81313107323347222 6.4506255249518638 0 0 0 1.1649496368962928 6 8675 7 5949 8 3222 9 8658 4 6292 5 5795
851 -0.18927416280737178 0.90000142604385014 6.8399592011607595 0 0 0 0.17146869465609418 3 1381 7 5962 8 3190
852 0.26644786323357761 0.93375455914442052 7.0486711670043682 0 0 0 0.2031809130316041 6 6319 7 5963 8 3205
853 0.18906759299495252 0.96870380452849891 7.0227000465218943 0 0 0 0.29166663900960327 6 6343 7 5978 8 3218
854 0.14521413658320753 0.97800963560362908 6.9986668855338356 0 0 0 0.20035325995509431 6 6347 7 5983 8 1935
855 0.25198750126020542 0.99135270160655242 7.0462769887238972 0 0 0 0.29834681799110435 3 1423 6 8696 7 5988 8 4150
856 -1.1532966196254257 1.0381986351717449 7.2745898548533932 0 0 0 0.56693265163367845 6 6333 7 5996 8 1886
857 -1.3612778522211186 1.0637378453511031 7.5181412335471629 0 0 0 1.1083389851031851 3 1444 10 9313
858 0.22330034126657342 1.0306800709225554 7.0418428324431872 0 0 0 0.10047198169340571 6 8709 7 6005 8 4167
859 -0.32981042844116187 0.99820511852776006 6.8440019942830608 0 0 0 0.37686642207044624 3 1449 6 6355 7 6006 8 3213
860 -1.2887728782504118 1.0535525476516205 7.2349291862755134 0 0 0 0.57103840700279984 6 6342 7 6010 8 1892
861 1.107140476050841 0.99941512013499489 6.2957337109055311 0 0 0 0.011746887095856282 3 1492 7 6036
862 -0.44343996956204818 1.0646165863370953 6.7765164225576182 0 0 0 1.3838052924163708 6 8723 7 6038 8 3240 1 8942 10 8628
863 2.4245728971528169 1.0235734888852557 6.0618186834871102 0 0 0 0.05615055008128568 3 1518 7 6054
864 2.249333302817579 1.0340768270575584 6.0520401653844758 0 0 0 0.7016331791186996 3 1524 6 6477 7 6056
865 2.6974105746062342 1.1977257788870803 6.3491371975771882 0 0 0 0.60362146338859779 3 3294 6 6542 7 6098
866 2.7598608363292918 1.4208680850967332 6.2871750658708745 0 0 0 1.7138400655364232 6 8937 7 6180 5 2568 4 2222
868 1.0794773149025496 1.685538281845824 6.1832647363238404 0 0 0 2.9944931370949064 6 8975 7 6263 1 9197
869 1.8463497041580572 -4.7315641215975335 8.3452192540545447 0 0 0 0.70369515602069299 6 7284 7 6678 8 23
870 1.6694594528132682 -4.6133793960188836 8.393653666909163 0 0 0 0.3359135846104318 6 7311 7 6708 8 2026
871 1.1797586102962725 -4.6629175044929898 8.5039506898466737 0 0 0 0.33277416668877507 6 7315 7 6715 8 2017
873 2.5328429033513964 -4.2273474624993597 8.0739224986456986 0 0 0 0.35237889255574717 6 9362 7 6718 8 2049
874 1.5878481773859838 -4.4798527905879286 8.3569626488360953 0 0 0 0.039294268252557461 3 2241 7 6720 8 2033
875 1.2737585752404774 -4.5755675644952296 8.4801016486696774 0 0 0 0.15391212782835798 3 50 6 7328 7 6721
876 1.7260167569470581 -4.2470946484971863 8.2720999971770652 0 0 0 0.38006063606587048 6 4349 7 6728 8 151
877 1.4449991305311585 -4.3281411925421711 8.4752628228020672 0 0 0 0.15000993667244558 6 4357 7 6737
878 1.1985818791232608 -4.1831753550869832 8.3684748527848853 0 0 0 0.78985301676897512 6 7358 7 6748 8 165
879 -0.84327799063323772 -4.6529934337903356 8.9696178380342619 0 0 0 0.25568563667989536 3 93 6 7347 7 6756 8 2023
880 -1.893646049345082 -4.4086988038151311 9.1513767376942994 0 0 0 0.45668948613444377 3 159 6 9385 7 6811 8 3319
881 -0.31776415378758555 -4.0530841740958818 8.7207096611825339 0 0 0 0.47122970124560476 3 2302 6 7402 7 6812
882 -1.1652029899927099 -4.1398697423663195 8.9598515014282807 0 0 0 0.43768542670717664 3 2317 6 9401 7 6842 8 2055
883 2.7659140748174185 -3.526176558654512 9.0212843265838458 0 0 0 0.66336520561386192 3 2314 7 6867
884 -1.6190161086435566 -3.754034716917356 8.9943577210472174 0 0 0 0.55373313222136045 6 4574 7 6921 8 223
885 1.728276702990305 -2.988022047898264 7.9099329580788531 0 0 0 0.81944423350268802 3 3806 6 7514 7 6929 8 2169
886 2.3795617392852413 -2.6591810714909121 7.3070637989044451 0 0 0 0.25154099690898402 3 2343 6 9471 7 6943 8 2202
887 -1.0841592857001099 -3.5019170632354673 8.8143269225893892 0 0 0 0.42451228655103135 6 7488 7 6951 8 2113
888 -1.5702632288196405 -3.2579033776226005 8.8782064920523034 0 0 0 0.31939639926294439 6 7540 7 7004 8 2138
889 -1.0752871964815498 -3.1276938684701876 8.7006311236702736 0 0 0 0.11895725137606805 6 7560 7 7009 8 2150
890 1.1392335901873789 -2.5449997489751945 7.6018906654093756 0 0 0 0.49935715770072342 6 7612 7 7020 8 2213
891 2.3115107904799981 -2.3304896464476363 7.2669107385945058 0 0 0 0.34309603848509268 3 2380 7 7022 8 3467 6 9522
892 0.77784697332273067 -2.3998777482186546 7.8427070420391738 0 0 0 0.5791424117304238 3 2426 6 7675 7 7068 8 2253
893 -1.6104220460280132 -2.7857880731097979 8.717973876567596 0 0 0 0.70976880597282677 3 371 6 7653 7 7075 8 2190 9 3726 2 656
894 -0.59171914003236947 -2.4087259020985474 8.0225247068959025 0 0 0 0.022722328310948635 3 2454 7 7091
895 -1.5127198821136392 -2.6191366401712108 8.7033341944426255 0 0 0 0.3787593060912835 6 9541 7 7096 8 3436
896 -0.16484664114353278 -2.308822580939041 8.0448471602404652 0 0 0 0.41249681727768372 6 7722 7 7105 8 2266
897 -1.7001247761708742 -2.4957348080617416 8.3279301817293589 0 0 0 0.36217481561855253 3 2481 6 7691 7 7110
898 -0.52103711440205214 -2.1825060838562114 7.9406980200080879 0 0 0 0.54885176700226912 6 7750 7 7142 8 2284 4 7185 5 7261
899 2.5486606153511544 -1.7384889331603461 7.1622659558746919 0 0 0 0.19150708068320021 3 2465 6 7820 7 7145 8 787
900 2.5988918935725582 -1.6918906809106395 7.2219888974429551 0 0 0 0.17504632674576501 3 2480 7 7164 8 2388
901 2.0414502704173745 -1.6536255204684429 7.2797172621646098 0 0 0 0.34007732603781821 6 9629 7 7192 8 2379
902 1.7369139267721021 -1.6263961129133446 7.3579766228913552 0 0 0 0.091029531666683233 6 7849 7 7202 8 2383 3 2496
903 -1.779152581268437 -2.0667027691433355 8.2710112429156002 0 0 0 0.17908922360236121 6 7804 7 7203 8 2310
904 2.8276881052464367 -1.7283080459792841 8.5622645744110759 0 0 0 0.03023963855672606 3 2498 7 7206
905 -1.6761007971254547 -2.04010254505459 8.3653847183507128 0 0 0 0.25307981499312382 3 2516 6 7812 7 7208 8 3508
906 -1.6761007971254547 -2.04010254505459 8.3653847183507128 0 0 0 0.25307981499312382 3 2517 6 7813 7 7209 8 3509
907 2.0079812660212149 -1.5289940837643461 7.2474152234307407 0 0 0 0.15589663541365639 6 7870 7 7216 8 2404
908 -1.7124188456784637 -1.9715519934488916 8.3130259065143104 0 0 0 0.20066130359460563 3 2528 6 5153 7 7222
909 1.2971919471695301 -1.5847121402189903 7.4728439338015429 0 0 0 0.26834409804298476 6 7868 7 7224 8 2393
910 1.7351818843543829 -1.4596367585609498 7.3144310242096875 0 0 0 0.34610660786399272 6 7876 7 7234 8 3585
911 1.3325442119817927 -1.4813907535122111 7.4339758816709098 0 0 0 0.3087872731103235 6 7875 7 7236 8 2408 3 509
912 1.9021055584675088 -1.4140457941762381 7.2535005647109276 0 0 0 0.42830265540296691 6 7889 7 7237 8 2424
913 0.84240608070892076 -1.5003037977621521 7.567740356291508 0 0 0 0.40091648969025756 3 523 6 7878 7 7247 8 2397
914 2.0257733116344245 -1.3350625012898549 7.1792794939135547 0 0 0 0.21355414581831034 6 7900 7 7251 8 2451
915 -0.38107131930495891 -1.5601577543973471 7.6972829875990643 0 0 0 0.41964681122773895 3 2544 6 9646 7 7256 8 3554
916 2.1084354660799636 -1.2303481887998429 7.123132549027102 0 0 0 0.15673234497750288 3 532 6 7934 7 7270 8 2499
917 2.6713615047249211 -1.1555743975248656 7.0191308736768434 0 0 0 0.61323743790481566 7 7272 4 3816 6 7956
918 1.4496094900977303 -1.2214696984364186 7.2995488599910257 0 0 0 0.90919735657682421 6 7938 7 7283 8 2479 10 5408 1 4234
919 0.11268145455821284 -1.3480492758306639 7.7110101650018565 0 0 0 0.52842560820432383 6 9680 7 7286 8 3588
920 2.5017014026263609 -1.0485226752621091 6.9709241417516674 0 0 0 0.58650098311299681 3 2559 6 7990 7 7294 8 2581
921 0.099134594249328412 -1.2152028190791557 7.7562503881862472 0 0 0 0.28053558182652338 3 2589 6 7960 7 7312 8 3610
922 0.099083538939938293 -1.2153505886412888 7.7565757535744737 0 0 0 0.33829963787237372 6 7961 7 7313 8 3611
923 1.9361705803194142 -0.96988832440287964 7.2161738165980118 0 0 0 0.76814004235766331 6 8023 7 7333 8 2599
924 -0.97576569884187769 -1.2002874237970802 7.9078306843356945 0 0 0 0.29740245786295855 6 7967 7 7334 2 1151
925 1.9530881360570862 -0.95033157256900858 7.2302949808874413 0 0 0 0.60394372619726278 6 8031 7 7335 8 2609
926 1.9183304057507831 -0.93119553738977567 7.2289868579109031 0 0 0 0.5899281619787341 6 8052 7 7340 8 3691
927 1.5030415739106147 -0.90901825555782867 7.3519960147023449 0 0 0 0.70164710588940482 6 8068 7 7354 8 2613
928 -0.1040988518411092 -1.0329006425960943 7.7749957368492657 0 0 0 0.69919872487861279 6 8018 7 7356 10 8015
929 -0.104143722797319 -1.0324871611087136 7.7734551808097949 0 0 0 0.61862474999275141 3 2634 6 8019 7 7357 10 8016
930 0.58769201007407279 -0.96243016660612146 7.6845204212858587 0 0 0 0.37908402640088318 6 8057 7 7359 8 2576
931 -0.90832299903470182 -1.0556853349077484 7.9018397609414714 0 0 0 0.41190304963575114 6 8008 7 7365 8 2488
932 0.25656403652224641 -0.96935828533021506 7.749679220432645 0 0 0 0.3371473968825382 6 8055 7 7370 8 2557
933 -0.81212499142473327 -1.0348962107207134 7.8493290954855217 0 0 0 0.44309455069918102 6 9742 7 7371 8 3636
934 1.3701409381447036 -0.84226179586688721 7.3254634972171395 0 0 0 0.66151709510705636 3 2640 6 8095 7 7378 8 2636
935 0.23955572610082398 -0.93311493889828478 7.7620225613151916 0 0 0 1.2563886074468502 3 2648 6 8074 7 7380 8 2573 10 6922 9 8175 1 6676
936 1.4048127357311069 -0.82078066146597173 7.3577808160626264 0 0 0 0.60617719319496877 3 4093 6 8108 7 7386
937 -0.0074689077054269602 -0.93458274269755959 7.822253772639848 0 0 0 0.59979816479401016 6 8077 7 7391 8 2566 10 6912
938 -1.6755989983059949 -1.0288653608707541 7.9691979627342793 0 0 0 0.2499175486016898 6 8020 7 7393 8 2471 6 5517
939 0.00084527517949011389 -0.89409923051662366 7.796993369736712 0 0 0 0.20667016193733889 3 2661 6 8086 7 7400
940 0.64949757480286441 -0.84497012511139558 7.6143670239426022 0 0 0 0.7622039098301292 3 2657 6 8106 7 7401 8 3690
941 0.19165109320332779 -0.86281132111339642 7.7216497309866963 0 0 0 0.054469248541598604 3 2662 7 7404
942 -0.98267122022167408 -0.93139494125900957 7.9365727907964487 0 0 0 0.4381331437638919 3 684 6 8071 7 7410 8 2534
943 0.52204372800339638 -0.73141736968610849 7.623558377473743 0 0 0 0.69602657210861907 3 2684 6 8144 7 7427 8 2648 5 7529
944 0.71192067738830989 -0.72665185859807124 7.6012647303936518 0 0 0 0.67440706521521798 6 8148 7 7429 8 2658
945 0.66594122402068623 -0.71184626498228054 7.5827365307921619 0 0 0 0.42807691387801183 3 2686 6 8152 7 7432
946 0.17300977654218785 -0.74043902806058493 7.7126372327815886 0 0 0 0.37083630363507059 6 8142 7 7435 8 2643
947 0.14373309732187925 -0.73709096928643281 7.7043128658298912 0 0 0 0.40176398596701057 6 8143 7 7436 8 2641
948 0.50854812198657162 -0.67586994572323233 7.6172597037665133 0 0 0 0.46311843744405573 3 2695 7 7442 8 3720 6 9802
949 0.32599173693502653 -0.63384331733793497 7.5735901843925486 0 0 0 2.8891034821435126 3 2706 7 7453 4 7445 5 7551
950 0.64988320116745402 -0.63769856256503177 7.5655038589690813 0 0 0 0.62502637557041496 3 2702 6 8175 7 7454 8 3725 2 1358
951 -1.4130645609184578 -0.63910279436435691 8.006838190537362 0 0 0 0.24097606105198036 6 8172 7 7475 8 3700
952 -1.4130645609184578 -0.63910279436435691 8.006838190537362 0 0 0 0.24097606105198036 6 8173 7 7476 8 3701
953 0.59653567351088443 -0.51655647798199711 7.5447854333820308 0 0 0 0.60588895665145759 3 774 6 8203 7 7484 8 2697
954 -1.5942292619670082 -0.63168758632499478 7.9427443825599848 0 0 0 0.2492841680985125 6 8169 7 7486 8 3696
955 -0.99449696291513856 -0.58968775280364416 7.8690588987939334 0 0 0 0.40586621172742277 6 8184 7 7489
956 1.0673533810595384 -0.45324724688799833 6.9248549012442187 0 0 0 0.37679734249393526 6 9835 7 7492 8 3749
957 2.0130579874476378 -0.38367919692295699 6.6185159872198396 0 0 0 0.30597605346216022 3 2717 7 7500
958 1.6613379887259849 -0.44530093907902585 9.29791803552361 0 0 0 0.26542082714814419 6 8277 7 7511
959 1.6613379887259849 -0.44530093907902585 9.29791803552361 0 0 0 0.26542082714814419 6 8278 7 7512
960 1.7538801989466077 -0.35831369798985124 6.6634321420040248 0 0 0 0.28854385407705258 3 2734 7 7516
961 2.6351103195708614 -0.3218084465874772 6.8024181799252244 0 0 0 0.63664160545082149 6 8285 7 7517 8 2823
963 -1.7139932153977848 -0.49129971593871713 7.7395165821006016 0 0 0 0.1628000510934817 3 845 7 7544 8 3713
964 -0.52686952675888876 -0.41920263401815355 7.3509834047278577 0 0 0 1.0360783968147613 6 8216 7 7545 8 2681 1 6802 10 7013 4 7486 9 8266 5 1326 2 1460
965 -0.42888485715626989 -0.39874180118931413 7.3235668932891409 0 0 0 0.90450578778765267 3 2776 6 8231 7 7558 8 3738 1 6808 10 7020
966 -0.41017233251722651 -0.36807527167396653 7.2673931259639177 0 0 0 0.569967650618879 3 2785 6 9844 7 7565 8 3743
967 -0.41017233251722651 -0.36807527167396653 7.2673931259639177 0 0 0 0.569967650618879 3 2786 6 9845 7 7566 8 3744
968 -0.47270978739563146 -0.33592346745379292 7.3235960958283233 0 0 0 0.83583958239376877 6 9853 7 7576 8 3747 1 8439 10 8112
969 0.64618686172389472 -0.25153125344900212 7.394280314512514 0 0 0 0.28466644910131922 6 9899 7 7585 8 3796
970 2.0309766439456189 -0.17524865549524909 6.5241346123560557 0 0 0 0.24100077554820132 3 4184 6 9919 7 7586 8 3874
971 2.7252161010035056 -0.14536185264270424 6.7025686095169776 0 0 0 0.49641522569752022 6 9938 7 7587 8 3940
972 -1.6762816464378685 -0.24298947614436195 7.6856810831319322 0 0 0 0.44421576237077298 6 8288 7 7610 8 2707 10 7054
973 1.5376598228698548 -0.11644532449837132 6.6687361659932129 0 0 0 0.38232241085881902 3 4197 6 9931 7 7614 8 3885
974 1.1677893193334461 -0.1017301561191308 6.7677418062736194 0 0 0 0.46621273807175334 3 2821 6 9934 7 7626 8 3860
975 1.0158168507473222 -0.096131037290760293 6.6915090382224145 0 0 0 0.16271028842235327 3 2830 7 7637
977 1.9332193712575303 -0.047862451013826884 6.5495602082790603 0 0 0 0.19467264667045042 3 2826 7 7651
978 0.7570083361090203 -0.052702770207282548 6.8625207421114318 0 0 0 0.43802712636846353 3 2847 6 9959 7 7673 8 3873
979 0.41877337154152183 -0.03806540796626591 6.9290986937845203 0 0 0 0.29018589458315069 6 8364 7 7688 8 3857
980 0.74180896856937739 -0.023924172014100534 6.8281569833228994 0 0 0 0.19486875698450784 3 2857 7 7689
981 0.27011633120334688 -0.026885000056924582 6.9551422183942346 0 0 0 0.27788474198461977 6 9968 7 7696 8 3855
982 1.7070156291077387 0.096069768121141666 6.3732853945698071 0 0 0 1.5332522233271701 3 2878 7 7722 5 5563
983 2.7881753094817414 0.15135211518933922 6.6015759398567724 0 0 0 0.34489657116584321 6 8483 7 7728 8 3051
984 -0.66470398092302041 0.090602430204000717 7.2240715186510238 0 0 0 1.1679168730541047 6 10012 7 7736 8 3878
985 -0.84356020701192336 0.093896678756397858 7.2383145720255833 0 0 0 0.51233745415071619 6 10009 7 7741 8 4543
986 2.3628071467441876 0.20844225217603965 6.2437002975540583 0 0 0 0.41717731355385279 3 2896 6 8503 7 7758 8 3064
987 1.5414074945757845 0.20325053722917871 6.5148641905697362 0 0 0 0.16621657188397931 3 2905 7 7760
988 2.6650995058240357 0.24584027036611394 6.6317460052377548 0 0 0 0.33121038690906884 6 8518 7 7761 8 4016
989 2.0863389718494907 0.24562261278312233 6.3736607795299784 0 0 0 0.3511811316204323 3 2911 7 7770 8 3063 6 10075
990 2.0541998367962879 0.24870126830601513 6.3850869003376998 0 0 0 0.26594257414383482 3 2910 7 7773 8 3062 6 8515
991 2.130935513469765 0.28187214125269622 6.3665983627222564 0 0 0 0.3557811304373108 3 2928 7 7784 8 4015 6 10081
992 2.4053355541412134 0.33414979294330105 6.2424562688164356 0 0 0 1.1638320425377553 3 4293 7 7801 5 5681 4 6213
993 1.2589403793610543 0.34323047610296531 6.6024104458023487 0 0 0 0.29694890671407564 6 8537 7 7804 8 3061
994 1.2545667974841281 0.42972570599309157 6.5897854889690786 0 0 0 0.31283628042878348 6 8555 7 7820 8 3090
995 1.2970055957020419 0.4339560745715827 6.5683697260573695 0 0 0 0.5528707741532225 6 8557 7 7821 8 3093 9 7044 2 1903
996 1.7645165066547877 0.43148026179728249 6.4352407711389192 0 0 0 1.0552524345393626 3 4309 7 7823 8 4056 2 4175 10 8467
997 1.5722551339372659 0.45853999533696382 6.4860473282045348 0 0 0 0.18631567215584263 3 4319 7 7828 5 5708
998 0.54232383857634558 0.49847588552181638 6.7530645353680212 0 0 0 0.73338335084284356 6 10104 7 7833 1 9813 10 9227 5 7885 2 4198
999 0.75608825600564389 0.52550949448584883 6.6856321258672837 0 0 0 0.88639666508582038 6 10111 7 7837 8 4042 1 9820 10 9235 9 8581 4 7760
1000 0.75549913346010444 0.52382173527364773 6.6847238368625606 0 0 0 0.50949194122541919 6 10112 7 7838 8 4043 10 9236 9 8582 4 7761
1001 1.7211543991843401 0.53212195535657947 6.4849032113000096 0 0 0 0.24772977768776039 3 2985 6 10127 7 7839 8 4083
1002 1.1547424577243515 0.55008516124408324 6.5071713967878928 0 0 0 0.32517573261758148 3 2988 6 8589 7 7844 8 3134
1003 0.14309566089944686 0.58933358840128836 6.8822822429616304 0 0 0 0.079339659844369526 6 10118 7 7847 8 4035
1004 -0.50870311715688155 0.60559840953118294 6.942368715392301 0 0 0 0.6175415074530316 3 3010 7 7858 8 4023 6 10114 1 9814 10 9231 2 4240 4 8897 5 7895
1005 -0.087619649766199598 0.61773245119069076 6.8874867983576085 0 0 0 0.66165009103073358 6 10122 7 7863 8 4039 10 9238 9 9581 4 7763 5 5715
1006 -0.19628173530592505 0.62794117326301691 6.9179385807177569 0 0 0 0.52143498222148488 6 8587 7 7865 8 4038 1 8815 10 9244 4 6225 2 2008
1007 -0.28173629239092562 0.64146630382608716 6.9359855251771787 0 0 0 1.0717717613042699 6 8592 7 7869 9 8590
1008 0.81569855711387196 0.63263190531475677 6.6343095344585725 0 0 0 1.0011952765324055 6 10139 7 7870 8 4079 1 8835 10 8496 9 7092 5 1976
1009 0.74753895551801519 0.64242929253559744 6.6613523838606143 0 0 0 0.97550642515785979 6 8610 7 7873 8 3152 3 1206 1 9842 10 8500 1 8837 9 8615 4 7775 5 5738 4 6239
1010 0.74753300452734806 0.64160625016488226 6.6605951844772102 0 0 0 0.8149740956793845 6 8611 7 7874 8 3153 10 8501 1 8838 9 8616 4 7776 5 5739
1011 1.6803999460515318 0.64609855675392036 6.5472890205171552 0 0 0 0.35262813719304881 3 3014 6 8626 7 7876 8 3183
1012 2.4212782120222234 0.63432843987037346 6.1274453384272958 0 0 0 0.62247492622532063 3 3019 6 8645 7 7883 8 3216
1013 -0.33112483975009649 0.77401338383663465 6.9115984619712973 0 0 0 0.1415714724350908 6 8627 7 7904 8 4078
1014 0.86136578189126345 0.75953383314939749 6.5964700772229552 0 0 0 0.22213289786243837 6 8649 7 7909 8 4113
1015 -1.1133226178985409 0.82280366708121577 7.1768166029365315 0 0 0 0.52116970110650196 3 3087 6 10153 7 7914 8 4720
1016 0.2411009707632715 0.8429280889323354 7.0042106193314524 0 0 0 0.25048854048842861 3 3097 6 6287 7 7918 8 1874
1017 -1.1085399339046715 0.91378154893273777 7.2153510634812772 0 0 0 0.41087906636271132 3 3119 6 10171 7 7922 8 4750
1018 0.10430573919219828 0.89572090806673932 6.9624327598839875 0 0 0 0.2723952802919628 6 6303 7 7923 8 1909
1019 1.0671335531527364 0.84498865370745102 6.4498913053737059 0 0 0 0.86427789971576696 6 8684 7 7924 8 3232 9 8663 4 6305 5 5806 10 8588
1020 -1.1340002581855047 0.95707213985485962 7.2548650737835825 0 0 0 0.47773115592751197 3 3132 7 7930 8 4100 6 10181
1021 -1.1038566168744555 1.0613644452892583 7.3048196332985773 0 0 0 0.51770870222338616 3 3166 6 8691 7 7946 8 4122
1022 -1.1038566168744555 1.0613644452892583 7.3048196332985773 0 0 0 0.51770870222338616 3 3167 6 8692 7 7947 8 4123
1023 -1.3583189278945125 1.0741138834309516 7.1781776440060749 0 0 0 1.3229931292749124 6 8702 7 7961 8 4121 10 9316
1024 2.3372798657402249 0.9270438024942026 6.0579008942835788 0 0 0 0.45907884769283019 3 4461 7 7964 2 2223
1025 1.0966195221379946 1.0019452784580256 6.3687420767246259 0 0 0 1.8135632624868756 6 8743 7 7972 1 9912 2 2244
1026 1.1243294275064226 0.99922215059848329 6.3516679844635267 0 0 0 2.2978186702557615 6 10237 7 7974 1 10659 2 2241
1027 1.0780271876285328 1.0435046200651872 6.3617789382762107 0 0 0 1.9009768399892386 3 3212 6 10250 7 7988 1 9920
1028 -0.16225266822248019 1.1299118101935191 6.868305627620428 0 0 0 0.15041915597701824 3 3222 6 8744 7 7994
1029 1.0760553247222229 1.0716861189208093 6.3558475595388657 0 0 0 0.69601370001662344 3 3232 6 8772 7 8006
1030 0.40856994361985122 1.2626968870338329 6.995522340568999 0 0 0 0.14102855710648235 3 3275 6 10280 7 8030
1031 -1.3233956542005485 1.3562066450978971 7.2998436882297408 0 0 0 0.19496812422211593 3 3298 6 10267 7 8041
1032 2.7663188841663606 1.2177181601705147 6.3395143158007432 0 0 0 1.4567098352865469 6 10326 7 8056 4 6444 5 5989
1033 1.7909987855699763 1.3582379788484287 6.4797578827055977 0 0 0 0.16989435562782099 3 3367 6 8878 7 8102
1034 0.19915103511252338 1.6990293240589085 6.9757911720219523 0 0 0 0.33230217003235696 3 3449 6 10401 7 8180
1035 0.2017515088078998 1.8152956329977799 6.9456739788650559 0 0 0 0.36699173645766753 3 3480 6 10416 7 8210
1036 1.1993145066865385 1.6585625833403475 6.1921796722012417 0 0 0 0.59282993151535057 3 4709 6 8973 7 8222
1037 0.20471910672616192 1.9672937405962305 6.8908918828566863 0 0 0 0.71218564184325794 3 3502 6 10438 7 8241
1038 1.3415966211564276 -4.8316081020246315 8.5098679652169125 0 0 0 0.27833004232948994 3 2236 6 9346 7 8515 8 3283
1039 1.2966934373630359 -4.8376572172597125 8.5606989058014129 0 0 0 0.54838145906704783 6 10734 7 8517 8 4208
1040 1.9056962317796009 -4.4249512340345181 8.3438441238094239 0 0 0 0.25790232278443587 6 7334 7 8530 8 2038
1041 1.2538838630403653 -4.336131265125319 8.4096233043546746 0 0 0 0.5020417162062828 6 7345 7 8546 8 2042
1042 1.2240078881019456 -4.2708933758982521 8.3953844768497081 0 0 0 0.67314159008512497 6 7352 7 8551 8 2048
1043 -0.97949634978014621 -4.5482271876249474 8.9524670493397824 0 0 0 0.33606248358826168 6 9371 7 8565 8 3312
1044 -1.4443680079850958 -4.5740459927593813 9.1783086793089446 0 0 0 0.34033360008979502 6 7363 7 8578 8 2032
1045 -0.32124475203850222 -4.1548969276315253 8.7549635008775528 0 0 0 0.4653706522514694 6 9390 7 8591 8 3334
1046 -0.36507978709664163 -3.8041449805196765 8.6175964490261254 0 0 0 0.36776646113055028 3 3787 7 8627 8 3352
1047 -0.36507978709664163 -3.8041449805196765 8.6175964490261254 0 0 0 0.36776646113055028 3 3788 7 8628 8 3353
1048 -1.8489192196682018 -4.0567208543200426 8.9408571488910464 0 0 0 0.33105188129393864 3 2335 6 9405 7 8635
1049 -1.7514801742337773 -3.9806609577137415 8.8921632511969744 0 0 0 0.54303184798359116 3 2338 6 9409 7 8637 8 3344
1050 -0.18948724148247384 -4.0585294001882772 9.7602030317871122 0 0 0 0.21794684935562639 6 7466 7 8644 8 2106
1051 -0.35999451521962 -3.6405039622929771 8.5584593609444042 0 0 0 0.48301075681738043 6 9422 7 8645 8 3362
1052 -1.6956788940591814 -3.9520059278113324 9.0168259690217223 0 0 0 0.49201352750351707 3 2342 6 9412 7 8649 8 2070
1053 -0.16635516682980006 -3.9702780611395467 9.8313815863241469 0 0 0 0.60327714994313553 6 9437 7 8657 8 3381
1054 -0.14446580650341392 -3.8741530910991466 9.8814903253324324 0 0 0 0.5048247749269088 3 3813 6 9447 7 8665 8 3389
1055 -0.14370829719175468 -3.7507222701087142 9.9032406870795064 0 0 0 0.30536678960980651 3 3824 6 7513 7 8681
1056 -0.084063547973567743 -3.7349471970766106 9.8843199083787461 0 0 0 0.21351995782839006 3 2359 6 7516 7 8682 8 2148
1057 -0.03521770728707347 -3.7140687412481301 9.9017514241522342 0 0 0 0.30610341452184331 3 3826 6 9463 7 8690 8 3396
1058 -1.7192078118717915 -3.4644829132532493 8.8687410354775178 0 0 0 0.62963294817981186 6 9451 7 8699 8 3374
1059 2.3580086696484108 -2.5317817703459182 7.3088247199437628 0 0 0 0.38521137710984532 3 3819 7 8702 8 3438 6 10833
1060 2.3761780870804219 -2.4407838717901766 7.2784469509296557 0 0 0 0.38955133523882113 6 9502 7 8709 8 3456
1061 -0.34620642233700505 -3.0498400730391193 8.3781751372413211 0 0 0 0.14891828833371099 3 3856 7 8711 8 3400
1062 -0.34620642233700505 -3.0498400730391193 8.3781751372413211 0 0 0 0.14891828833371099 3 3857 7 8712 8 3401
1063 1.0593499929269923 -2.6585901087432737 7.6667316317686014 0 0 0 0.22996788875199389 3 2377 7 8718
1064 1.0170150629635766 -2.3029314460710077 7.5922738916944681 0 0 0 0.37367242968874259 3 2425 7 8776 8 2265
1065 1.1483525270324153 -2.2428050908039565 7.5558011925020043 0 0 0 0.41455801911635731 6 10889 7 8785 8 4360
1066 -0.39876516515611377 -2.2517164014354432 8.025353535331055 0 0 0 0.17867529965182766 3 3950 7 8811
1067 -0.33359776821954645 -2.1463912760964554 8.0267507626489092 0 0 0 0.14193495386443808 3 3962 6 9582 7 8829 8 3498
1068 -0.33359776821954645 -2.1463912760964554 8.0267507626489092 0 0 0 0.14193495386443808 3 3963 6 9583 7 8830 8 3499
1069 2.6540058157084898 -1.6929877032753273 7.1992890041607014 0 0 0 0.17534731177903043 6 9618 7 8834 8 3564
1071 -1.5795505943502692 -2.1027677498346282 8.3672993777219418 0 0 0 0.31349081986055155 6 9602 7 8857 8 4368
1072 2.0708498160448716 -1.5149224780073434 7.2296330448136965 0 0 0 0.20544918981000423 6 9640 7 8865 8 3578
1073 0.81294917100323516 -1.6064023927178426 7.5676820112050835 0 0 0 0.25756526573198102 3 4011 7 8878 8 4411
1075 1.3464203821328178 -1.4487883475315309 7.4041611072668321 0 0 0 0.37729386996127684 6 9658 7 8887 8 3582
1076 1.1283960984151009 -1.4443643094530139 7.3052903843671375 0 0 0 0.29171234838250398 6 9654 7 8888 8 3573
1077 1.2361890668727913 -1.3757219566273422 7.4519352446721525 0 0 0 0.43120561646356631 6 10979 7 8903 8 5001
1078 1.4498008461705196 -1.3113246410668686 7.3680049022403802 0 0 0 0.044648607821514717 6 9678 7 8908 8 3607
1079 1.8487440446518644 -1.2687825723629527 7.3161789119393825 0 0 0 0.17304757299846174 3 4032 6 9689 7 8911
1080 2.0460185378664262 -1.2263204788729387 7.2055816281938396 0 0 0 0.5989719617793352 3 4033 6 10998 7 8914 8 4449
1081 0.23615924424711196 -1.392581592116277 7.6879264787827806 0 0 0 0.50624628820456241 6 9669 7 8921 8 3580
1082 0.15294625483980764 -1.3672404478386757 7.7106593945948001 0 0 0 0.49377242370319596 6 9675 7 8929 8 3586
1083 0.17530423548216156 -1.2806393639512974 7.7307826319691992 0 0 0 0.36736959551904663 3 4060 6 9701 7 8945 8 3603
1084 0.39266365373158096 -1.2235314687538743 7.7714838646121409 0 0 0 0.30244793221002864 6 9715 7 8950 8 3612
1085 0.46290471912435838 -1.1833700435717007 7.7722565589469568 0 0 0 0.51333831739171731 6 11012 7 8956 8 4442
1086 1.4304775093442812 -0.85466644111027912 7.3519044912609708 0 0 0 0.97251037306742338 6 9761 7 8982 8 3702
1087 -1.7175772082352867 -1.0321173615199215 7.9376957943822672 0 0 0 0.24454795449380151 6 9739 7 8989 8 4430
1088 -1.1948706919590544 -1.0047394694967144 8.0078951096639219 0 0 0 0.29846501513173623 6 9748 7 8991 8 4450
1089 0.14620748393461191 -0.84294181833264958 7.7458285762490942 0 0 0 0.7927435952187466 6 9766 7 9002 8 3687 10 8047 9 9363 5 7491
1090 1.3847565037679848 -0.74745135978971033 7.3350090031110007 0 0 0 1.0846092945236216 6 9769 7 9003 8 3719
1091 0.69586736429790674 -0.75170043569030842 7.5851495989886342 0 0 0 0.51500810588195634 3 4124 6 9774 7 9014 8 3707
1092 0.69436168046982338 -0.75120817705856513 7.5898462251607928 0 0 0 0.29449573399649787 3 4125 6 9775 7 9015
1093 -0.46815828329089659 -0.78155015964360619 7.4442385136820937 0 0 0 0.45468209259818193 3 4132 7 9020 8 4469 6 9768 2 5589
1094 0.11382347957991104 -0.70426611212229651 7.7027317524174101 0 0 0 0.22035243698161885 6 9793 7 9033 8 3709
1095 -1.003439292843944 -0.73772662328679839 7.8357031452855441 0 0 0 0.38410830182326788 6 9779 7 9037 8 3686
1096 0.65998484083222075 -0.6043174782511207 7.5575582856852241 0 0 0 0.58924093621913565 6 11076 7 9040 8 4493
1097 1.5996676794681517 -0.37741617718428 9.6231772163943781 0 0 0 0.81258409886542304 6 9907 7 9069 8 3832
1098 -0.48011073265880505 -0.36102839156379923 7.2899577966714437 0 0 0 0.1648197855957643 3 4183 6 9848 7 9074
1099 2.74034629443852 -0.17571529760937901 6.698303385979087 0 0 0 0.5500177527279867 6 11138 7 9080 8 4602
1100 2.1265587314377523 -0.14634733701802022 6.5044054702465051 0 0 0 0.17743603231108698 6 11141 7 9087 8 4580
1101 0.47714716324297218 -0.15590858338784738 6.9687683594121772 0 0 0 0.0091944425306570189 3 4207 7 9096
1102 0.47714716324297218 -0.15590858338784738 6.9687683594121772 0 0 0 0.0091944425306570189 3 4208 7 9097
1103 1.3869496194247468 -0.06299334078608515 6.7024532161905226 0 0 0 0.42739570871689325 3 4214 6 9966 7 9111 8 3914
1104 0.66968079986990092 -0.027453271717182148 6.7886677838052831 0 0 0 0.17013938735578119 3 4232 7 9123
1105 0.80847591523600693 -0.015362837987505325 6.7405590543915137 0 0 0 0.058338132832156164 3 4233 7 9126
1106 0.53320364518564889 -0.012981185835815073 6.8979017284627915 0 0 0 0.40722812498632849 6 9978 7 9131 8 4557
1107 -0.6970028014191233 0.08272930716216613 7.2097517303449141 0 0 0 0.83700596805912608 6 11192 7 9162 8 5090
1108 -0.99504320103467481 0.10304527571952775 7.2882052031417137 0 0 0 0.46901789027172258 3 4267 6 11195 7 9170 8 4540
1109 -0.99381913039969638 0.10335179556370534 7.2845800331954029 0 0 0 0.47018161813890252 6 11196 7 9171 8 4541
1110 1.6597651045500479 0.19438099354538602 6.5543409510533266 0 0 0 0.2329555327540016 3 4266 7 9181 8 4660 6 11228
1111 2.2171226751749327 0.24440858822952591 6.286829789850743 0 0 0 0.26865627678073145 6 10076 7 9201 8 4008
1112 0.69336079568078368 0.48363221546978602 6.7290614823295041 0 0 0 0.375772924711126 6 10103 7 9239 8 4691 2 4191
1113 1.3878386797557907 0.50368817912893449 6.5255600165880407 0 0 0 0.55998580197104142 6 11268 7 9245 8 4716 5 7902 2 5906 9 9584
1114 -0.48920807323435134 0.63834826631774688 6.9232667061550499 0 0 0 0.74328152376862033 3 4358 7 9266 1 10572 10 10083 2 5940
1115 -1.4329792252798619 0.67028284829223117 7.2554838908389394 0 0 0 0.57714525395858074 6 10117 7 9268 8 4679 10 9754 2 4248
1116 0.87348370949383458 0.71001723401943651 6.6065472540615833 0 0 0 0.32822879768960844 3 4376 7 9276 8 4762
1117 -0.80889310554883531 0.74353328314967626 7.0758278729719715 0 0 0 1.1602831961763325 6 11290 7 9277 8 5168 10 10093 1 11139 5 10492 2 7313
1118 1.2208567516752293 0.77095351228729747 6.5040118196331722 0 0 0 0.36260572383916828 3 4396 6 11330 7 9290 8 4789
1119 1.1596181852971839 0.79742007151516314 6.437098528809071 0 0 0 0.77095255447193423 6 10188 7 9301 8 4141 9 8657 9 9611
1120 0.1371945308948955 0.90044262938381114 6.9743049181097048 0 0 0 0.124978108929981 3 4428 6 10187 7 9311
1121 1.1841682116937349 0.84833235230084181 6.4743944668629174 0 0 0 0.31782396749275676 6 10196 7 9312 8 4158
1122 -1.2108060801927878 0.979987573607082 7.2396398439455174 0 0 0 0.23261952682746645 3 4439 6 11333 7 9321
1123 0.065742977197967997 0.98538350737999614 6.9629448710588742 0 0 0 0.24066850383750635 6 11351 7 9330 8 4802
1124 -1.1221482813136732 1.0277574297472416 7.283401225456795 0 0 0 0.47041623389201481 3 4447 6 11340 7 9333 8 4776
1125 -1.3446590498054771 1.046463633338949 7.2359503866361123 0 0 0 0.33908442255078641 3 4458 6 11342 7 9338 8 4774
1126 -1.3446590498054771 1.046463633338949 7.2359503866361123 0 0 0 0.33908442255078641 3 4459 6 11343 7 9339 8 4775
1127 -1.1191226108318253 1.0999856137919779 7.3357160058051631 0 0 0 0.31925283699629742 3 4464 6 10207 7 9350
1128 1.0341411053163028 1.0076097243671829 6.3945812823218455 0 0 0 1.7981923721389828 3 4476 7 9358 1 10657
1129 -1.2453050176756573 1.126480874772299 7.2860325301718092 0 0 0 0.35714917290259435 3 4479 6 10213 7 9359 8 4790
1130 2.3004251886208893 1.0038754876369917 6.1279874464585165 0 0 0 0.072756999056969515 3 4484 7 9368
1131 -0.1848531583470788 1.2267687409414172 6.8467561253574258 0 0 0 0.15201720559888091 3 4532 6 10264 7 9395
1132 -0.12432047861487155 1.2358729636354073 6.8921190899199081 0 0 0 0.30182297559782989 3 4535 6 10269 7 9397
1133 -0.031781642514297423 1.2676656373488735 6.9481942126481764 0 0 0 1.3341747902779901 6 10276 7 9404 1 9949 9 9675 2 4493
1134 -0.1458425035724101 1.3995740288892349 6.8421586058762376 0 0 0 0.51451537169661166 3 4586 6 11457 7 9443
1135 -1.4361255564158482 1.549200312175613 7.2263093462396766 0 0 0 0.41462796070671798 3 4605 6 10309 7 9457
1136 -1.3247501361304228 1.9031871172918744 7.1472390138774244 0 0 0 0.77840779864384191 3 5603 6 11522 7 9525
1137 2.1156883448105037 -4.7941900906071444 8.2648404152540529 0 0 0 0.67456838554135157 6 10715 7 9796 8 4205
1138 1.8014993369409296 -4.7641456852791721 8.3313037257263325 0 0 0 0.65087598954487957 6 10724 7 9802 8 4209
1139 1.4151053979398442 -4.8608274080907288 8.5695974012611877 0 0 0 0.49401874933732715 6 10729 7 9807 8 4207
1140 1.1583208825168607 -4.8772587812072041 8.6109595970888435 0 0 0 0.38979603828936021 3 3718 6 10732 7 9811 8 3281
1141 1.411779257634171 -4.6832938145849177 8.4443363531006135 0 0 0 0.3211501537063452 3 3722 7 9817 8 3296 6 9350
1142 1.0452149522310012 -4.2215358859218144 8.2169796122721852 0 0 0 0.51595822785510981 6 10750 7 9832 8 3325
1143 -0.60800482420418445 -4.6076512088356978 8.8913663538305929 0 0 0 0.35662068731928892 3 3745 7 9841 8 3305
1144 -0.89841968621150659 -4.5562051965827131 8.9248736927329428 0 0 0 0.4966090928236081 3 3753 6 10754 7 9850 8 4223
1145 -1.7508505252616411 -4.8142103432766312 9.4123450322231275 0 0 0 0.69889276689606106 6 10756 7 9852 8 4216
1146 1.5235149071418457 -3.8451339465154515 8.4593123537100503 0 0 0 0.64228416072678041 3 3759 7 9866
1147 -1.9181741814477824 -4.4919286739936597 9.1869976112293852 0 0 0 0.33383206609998922 3 3780 6 10769 7 9870 8 4227
1148 -0.94717146548044095 -4.2702491679407606 8.950484103013185 0 0 0 0.59912865633470935 6 11800 7 9872 8 4867
1149 -0.41712250925798777 -4.0689294106504343 8.6545552204672749 0 0 0 0.38238363417965304 3 3778 7 9875 8 2057 6 9394
1150 -1.7134077275400565 -4.169676241879003 9.1043383601066843 0 0 0 0.41641828719923468 3 4951 7 9888 6 11808 8 4875
1151 -1.7178635918418861 -4.037696327899801 9.0191087273734247 0 0 0 0.27987973157300577 3 4955 6 10782 7 9897
1153 -0.11238288470447674 -4.1354510882572093 10.017472019065485 0 0 0 0.34135060655362459 3 4957 6 10793 7 9903 8 3375 8 4259
1154 -0.18580892637737129 -4.0335329349252049 9.8058113483954514 0 0 0 0.18335297830982392 6 9431 7 9905 8 3376
1155 -0.10085295895925565 -4.0535293547815501 10.003168771670417 0 0 0 0.46677839270255367 3 4963 6 9435 7 9908 8 3379
1156 -1.4745759433115055 -3.7950203946269587 9.131445285167537 0 0 0 0.93771693848421034 6 10792 7 9919 8 4249
1157 0.016791934706343794 -3.6715292181887484 9.891966027086875 0 0 0 0.36554007032036706 6 10815 7 9927 8 4279
1158 -0.13669219773386393 -3.5966726546353951 9.8426415434198677 0 0 0 0.35363053206549244 3 4992 6 10818 7 9931 8 4280
1159 2.6146285791576132 -2.5188085219660716 7.4724105014202147 0 0 0 0.22339160153324913 6 10847 7 9939 8 4333
1160 1.6774284461144131 -2.6753073362350794 7.6498163674145898 0 0 0 0.43364367558899963 6 10830 7 9941 8 4306
1161 2.3594505503140488 -2.212064942450485 7.2349455317849625 0 0 0 0.41905638866585443 6 11880 7 9962 8 4949
1162 -0.31795083053864154 -2.434950263635042 8.0752871105191542 0 0 0 0.30456204768866207 3 3920 6 10884 7 9988 8 4328
1163 0.31512448385245828 -2.3385797791695171 7.9523488699902227 0 0 0 0.89767805673899659 6 10893 7 9989 8 4346
1164 2.3580428022293884 -1.8500901252419875 7.1113089892433345 0 0 0 0.32942812159403539 3 5033 7 10003 8 4981 6 11921
1165 2.3536326223459558 -1.8572799449461095 7.1439945914402108 0 0 0 0.012573977809166161 3 5034 7 10004
1166 -0.46505097436876125 -2.2832449796250183 7.9389693501575334 0 0 0 0.34197899198567111 6 10900 7 10005 8 4341
1167 -1.670177861996244 -2.3243566797763342 8.4244791401948529 0 0 0 0.40418788315319915 3 3974 6 10915 7 10027 8 4337
1168 -1.3900641869831176 -2.1991995580687442 8.3323516125139463 0 0 0 0.41952520456636816 3 3982 6 10926 7 10039
1169 -1.7647182226874147 -2.2097259945603351 8.2952498319861405 0 0 0 0.13150509608619043 6 11915 7 10041 8 4344
1170 -1.1711385230178655 -2.0404754759379751 8.2359503433490637 0 0 0 0.41588680997137362 3 5068 6 11932 7 10052 8 4961
1171 -1.2582627254079322 -2.0411938196668675 8.2937662567712724 0 0 0 0.44984280558325224 3 4001 7 10056 2 5427
1172 -1.7217185073161119 -2.060214886987108 8.2424018522472231 0 0 0 0.32795161451047439 3 4004 6 10933 7 10059 8 3495
1173 -1.5234563424018037 -2.0459001775691243 8.348534278104097 0 0 0 0.21279637804091175 6 11936 7 10060 8 4959
1174 -1.5886458461097706 -2.0088183466103762 8.3558955442510658 0 0 0 0.3887912562508864 3 4014 6 11942 7 10064 8 4968
1175 -0.077607613945213469 -1.7873686025910953 8.7717581146659604 0 0 0 0.86710384922353079 7 10074 8 5365 6 12550
1176 1.9472026819906165 -1.2552947546837492 7.235372346029318 0 0 0 0.34699449496748475 3 5085 6 11960 7 10083 8 4440
1177 -0.3810284651850479 -1.14228734079674 7.579324186491343 0 0 0 0.43679094982306105 6 11010 7 10111 8 4428
1178 2.6895337832033746 -0.74059433057668811 6.8966583652281557 0 0 0 0.20613093936100335 6 11056 7 10123 8 4495
1179 0.61408398563399147 -0.91132749611257913 7.5728266334285923 0 0 0 0.0053620046271800597 3 5118 7 10125
1180 -0.87572466519172354 -1.0166123384452666 7.8808067179810584 0 0 0 0.96735753511789502 6 11981 7 10126 8 5014
1181 -0.87572466519172354 -1.0166123384452666 7.8808067179810584 0 0 0 0.96735753511789502 6 11980 7 10127 8 5013
1182 0.59945667200853636 -0.86627525445843923 7.6582152487932715 0 0 0 0.42660071755134377 6 11993 7 10131 8 5033
1183 -1.3224523402028614 -0.97703237956731681 8.0552911108951921 0 0 0 1.6544398588588483 3 5127 7 10135 8 5018 6 11986 1 10995
1184 0.1581259748928539 -0.77521986979184054 7.7075920437065575 0 0 0 0.27196259967752051 3 5133 7 10144 8 5036
1185 0.1581259748928539 -0.77521986979184054 7.7075920437065575 0 0 0 0.27196259967752051 3 5134 7 10145 8 5037
1186 0.65673536902515439 -0.67766590594019604 7.5701677955266833 0 0 0 0.63104337736077842 3 5137 7 10149 8 5053 6 12007
1187 0.65673536902515439 -0.67766590594019604 7.5701677955266833 0 0 0 0.63104337736077842 3 5138 6 12008 7 10150 8 5054
1188 -0.098797752313101658 -0.65485874268749145 7.7446963701415754 0 0 0 0.35712996707392336 6 11067 7 10156 8 5047
1189 -1.5394691165686505 -0.67129336936878714 7.998400583238312 0 0 0 0.40765944995364461 3 5149 7 10164 8 5035
1190 1.8794108921035637 -0.12946820099019879 6.5553475167404294 0 0 0 0.30969614767528353 6 11143 7 10203 8 4577
1191 1.4594978524378932 -0.091575451693517093 6.6798154506485403 0 0 0 0.4416500594538193 3 5191 6 12050 7 10216 8 5101
1192 -5.9959517056270819 -0.012326625091161118 27.233633237844217 0 0 0 0.3905373905364613 6 11187 7 10221 8 4544
1193 0.37733270110881478 -0.021018195804495366 6.9236404621512246 0 0 0 0.69057769880867159 3 5208 6 12063 7 10230
1194 1.8169387885847696 0.12513142111133832 6.5210102467718389 0 0 0 0.31132488751767445 3 5226 6 12092 7 10247 8 5130
1195 -0.45663597884546925 0.14752689556357543 7.0939548710234304 0 0 0 1.0128328820949482 3 5237 7 10262 8 5472 6 12089
1196 1.3144806907750131 0.25216330083698818 6.6661541178584676 0 0 0 0.45606191245230177 6 12112 7 10271 8 5139
1197 2.1001951019621523 0.31496900692254054 6.3649153366605571 0 0 0 0.26163211249977553 6 11247 7 10282 8 4690
1198 -1.1898026241616873 0.3385998642334121 7.2801449792618023 0 0 0 0.24182561348688084 6 12678 7 10290 8 5493
1199 -1.2043438273750846 0.42598196984807107 7.2751703286844194 0 0 0 0.19917340165785782 6 12122 7 10305 8 5127
1200 1.2226314392743185 0.43928977183523338 6.5977724341922936 0 0 0 0.37065281757218882 3 5276 7 10309 8 5162
1201 -0.97111707665963554 0.50857450065554177 7.1429503907540948 0 0 0 0.26496164221308477 6 11253 7 10317 8 5141
1202 -0.97111707665963554 0.50857450065554177 7.1429503907540948 0 0 0 0.26496164221308477 6 11254 7 10318 8 5142
1203 0.13088936227731743 0.55902343159213053 6.8755731600214167 0 0 0 0.36179254387919429 3 5301 6 11267 7 10330 8 4696 1 9816 10 9234
1204 -0.220906358464972 0.59331368331371626 6.9140038836812963 0 0 0 0.17227088717155817 3 5307 7 10333 8 5157
1205 0.29383267750775677 0.69578841484427201 6.9316720301883121 0 0 0 0.16355060345402037 6 11294 7 10346 8 4733
1206 0.29650033414629723 0.77308466996125591 6.9807319569005113 0 0 0 0.25639065385824417 6 11309 7 10359 8 5192
1207 -0.76912400303109996 0.77280040123178162 7.0595622602339718 0 0 0 1.3264283682477285 3 5344 6 11298 7 10360 8 5173 1 11140 10 10096 1 10593 4 9693 5 9507 2 5969
1208 -0.76913680099928472 0.77275035817948312 7.0590077456951192 0 0 0 1.4379785362711301 6 11299 7 10361 8 5174 1 11141 10 10097 4 9694 1 10594 5 9508 2 5970
1209 -1.3250855675214812 0.80928962960493056 7.1648484843766829 0 0 0 1.2099089144258939 6 12158 7 10363 8 5169 10 10288 1 11407 2 7316
1211 1.7147051327144356 1.0621061310593105 6.6420084720803398 0 0 0 0.25881277803801145 3 5399 6 11404 7 10387
1212 0.097413798035509008 1.1530909933414393 7.0159926610302001 0 0 0 1.4020782953581616 6 11393 7 10393 1 10670
1213 -0.10396055690826998 1.1810362580042402 6.8991411895390673 0 0 0 0.30836635131251272 3 5427 6 11401 7 10409
1214 -0.27707127326746323 1.401055818004372 6.7651902401346939 0 0 0 0.4962452215728464 3 5503 7 10474 2 6201
1215 2.5018502443607882 -4.8020836341122468 8.3025185435889739 0 0 0 0.024289809715274967 3 4887 7 10730
1216 1.8996166212358443 -4.7592921579773488 8.2891351485738376 0 0 0 0.44137940257749025 6 11760 7 10737 8 4844
1217 1.2734928974064876 -4.809526465606015 8.6223320726188142 0 0 0 1.1140110287505294 6 11762 7 10743 8 4847
1218 1.8416928211945895 -4.4836192404461848 8.3236779936584941 0 0 0 0.39364941302574197 6 11770 7 10746 8 4858
1219 1.7346258702935278 -4.3069467032232378 8.2575674227112881 0 0 0 0.25559813154244299 3 5803 7 10753 8 4231
1220 1.3253757075428947 -4.373234007526122 8.4121506312356935 0 0 0 0.16471582010483921 6 11778 7 10754 8 4863
1221 -0.5490349671439122 -4.0947223996561126 8.581006271224874 0 0 0 0.33936214613383658 3 4928 6 11801 7 10781 8 4869
1222 -0.5490349671439122 -4.0947223996561126 8.581006271224874 0 0 0 0.33936214613383658 3 4929 7 10782 6 11802 8 4870
1223 -1.0375360094673265 -4.1931065972492334 8.9382673537472197 0 0 0 0.53898719414725438 6 11804 7 10787 8 4874 3 4939 9 9909
1225 -1.4989075268298768 -3.9182991876051809 9.1170075655388167 0 0 0 0.72035757416025525 3 5848 6 12438 7 10811 8 5246
1226 -1.5548546207837701 -3.8481099420259564 9.0867945687573748 0 0 0 1.372343064590327 3 6419 7 10813 2 6749
1227 0.0089322671123947123 -3.9821215885562444 10.041510026496461 0 0 0 0.16098283309102657 3 4966 6 11829 7 10814
1228 -1.5347984744677337 -3.7782915971052278 9.117885289624029 0 0 0 0.38279774669971117 6 12443 7 10819 8 5250
1229 -1.6437794169932127 -3.5487398939760015 8.9406903493667542 0 0 0 0.61896226080108663 3 5861 6 11830 7 10835
1230 2.6148321146416733 -2.3704083269137679 7.4409691653501362 0 0 0 0.32203459934719669 3 5863 6 11869 7 10855 8 4936
1231 2.3437409989435838 -2.331201794631673 7.3347742201587272 0 0 0 0.16350004920944128 3 5866 7 10857
1232 2.0088775897844431 -2.3095514430054958 7.4896049080601435 0 0 0 0.62884353279242033 6 11877 7 10867 8 4938
1233 2.0088775897844431 -2.3095514430054958 7.4896049080601435 0 0 0 0.62884353279242033 6 11878 7 10868 8 4939
1234 -1.8598964386262868 -2.9846520075664267 8.6424973756331127 0 0 0 0.3695001162177784 6 12471 7 10869 8 5267
1235 1.1868632448213712 -2.3491012185599773 7.5710139119427904 0 0 0 0.21577454077429334 3 5008 7 10870
1236 1.4218703892519029 -2.2553902067465388 7.6485605317509631 0 0 0 1.9538230663354514 3 5879 6 12493 7 10878 8 5317
1237 -1.4251061463311705 -2.7709886181826815 8.7820716298698311 0 0 0 0.60268065726250442 6 12483 7 10882 8 4907
1238 1.1540083371895855 -2.2231813014120831 7.6762018843411344 0 0 0 0.40907066635657757 3 5884 7 10887
1239 -1.6320191412131293 -2.6976876913825567 8.6918279440839203 0 0 0 0.23809908918096187 6 11875 7 10889 8 4908
1240 -0.22249666840924043 -2.3158837317489631 8.0530881032861377 0 0 0 0.38477436399905213 6 11897 7 10897 8 4928
1241 -1.5381457994849872 -2.1417927247017583 8.3875154998947359 0 0 0 0.3110705396778019 6 11924 7 10928
1242 -1.0937723164326401 -2.0878842097222496 8.2162559785710254 0 0 0 0.91632270679120731 6 12521 7 10931 8 5324
1243 1.8268900613849601 -1.1508308104261211 7.2976529886411416 0 0 0 0.62487417126926559 6 11968 7 10966 8 5021
1244 -1.7885537041663784 -1.4815678841623137 8.1294831910338843 0 0 0 0.33924234606759651 3 5956 6 12559 7 10967 8 5363
1245 -0.30992241091824591 -1.2265388151763414 7.7824409237356553 0 0 0 0.6316571599937757 3 5961 7 10971 8 5376 6 12567
1246 -0.41371919751085978 -0.97752471487456294 7.5088417038769935 0 0 0 0.58124518273982917 3 5970 7 10980 8 5383 6 12575
1247 0.51463407026962626 -0.92569897860574557 7.674355294463699 0 0 0 1.0161266477126163 6 11991 7 10981 8 5393 2 7962 4 10152
1248 -1.6831365943492167 -0.9673874646534123 7.9035211349565326 0 0 0 0.33630741336936748 6 11982 7 10986 8 5010
1249 0.65312198120892273 -0.8145621724346761 7.6147611204694741 0 0 0 0.55757789422980275 6 11996 7 10991 8 5038
1250 0.65312198120892273 -0.8145621724346761 7.6147611204694741 0 0 0 0.55757789422980275 6 11997 7 10992 8 5039
1251 1.2885518696112066 -0.71436489913345413 7.2327562226501048 0 0 0 0.66883195224907266 3 5976 6 12003 7 10994 8 5050 2 7044
1252 -0.034239430322048015 -0.75285648140637274 7.7378133590361493 0 0 0 0.26360882637883815 6 12590 7 11000 8 5405
1253 -1.2614555176256856 -0.7981051430807059 7.9368760009043591 0 0 0 0.3455961745161818 3 5990 6 11998 7 11002 8 5389
1254 0.30080077389976123 -0.84475471270822244 18.504889893579278 0 0 0 1.3007425055023094 6 12037 7 11020 8 5076
1255 -1.5302279194516757 -0.53035681224117681 7.9205752988595561 0 0 0 0.25324441326852815 6 12015 7 11027 8 5043
1256 0.58175273908984682 -0.34397513530009632 7.4877547784138221 0 0 0 0.58578474445398609 3 6007 6 12609 7 11038 8 5432
1257 2.4078924817343439 -0.1807804649611148 6.3735446580073241 0 0 0 0.21742360736415348 6 12044 7 11043 8 5104
1258 0.6802401191327424 -0.045103066221290372 6.8630849587494334 0 0 0 0.48904243157803851 3 6038 6 12058 7 11070 8 5458
1259 -0.38735325651060182 0.15218051585680389 8.2597279797059535 0 0 0 1.0213005935551529 6 12659 7 11087
1260 1.7838568958614551 0.21395909725623594 6.5317287813063007 0 0 0 0.30057512619935645 6 12677 7 11101 8 5530
1261 0.68369725916324253 0.31061287812445815 6.8009966732193572 0 0 0 0.38561288374093494 3 6078 6 12115 7 11118 8 5528
1262 -0.98829305269393652 0.45872840588352032 7.2034333112257602 0 0 0 0.19686787018039636 3 6103 7 11133 8 5520 6 12127
1263 0.61400724679825114 0.55841018293114253 6.7028874395826259 0 0 0 0.42169155401896824 6 12704 7 11143 8 5551 10 10282
1264 -1.1768168334749385 0.60735227891751642 7.2097412842287696 0 0 0 0.29171947538907944 6 12697 7 11146 8 5730
1265 0.68473848981301622 0.60894220162188639 6.6688515379157138 0 0 0 1.0813269417164511 6 12706 7 11149 8 5554 10 10284 1 11405 9 10996 4 10255 5 11264 2 8133
1266 1.6867474127987643 0.79468444914518654 6.6402646101793357 0 0 0 0.55425540354495728 3 6142 6 12168 7 11156
1267 2.2959693921678381 1.092698628709724 6.0247279999957568 0 0 0 0.63761251708715705 3 6199 6 12731 7 11208
1268 -1.2689906817663597 1.8048657754738635 7.2361672085408815 0 0 0 0.47651399794351512 3 6748 6 12224 7 11244
1269 1.8842165115365099 -4.1002453633567582 8.3715462451788767 0 0 0 1.1100039176111454 6 11796 7 11405 8 5243
1270 -0.77821868212507039 -4.6608325810880187 8.9581690785459713 0 0 0 0.28880631575601207 6 11782 7 11408 8 4850
1271 -1.1904170953860826 -4.2859954456222376 8.995241000995172 0 0 0 0.25533225267644699 3 5823 6 12429 7 11427 8 5238
1272 -1.6894717062336235 -4.2444437660827212 9.1134815631535204 0 0 0 0.408232468618627 3 5829 6 12430 7 11432 8 5241
1273 -1.1231913504803515 -3.9904125952409251 8.8844805355851602 0 0 0 1.37517887804868 3 5831 6 12860 7 11437 8 5577
1274 1.8774270525298526 -3.3448077058333805 8.2117774790498022 0 0 0 0.17685380241179921 3 6414 7 11439
1275 -1.6488935371010733 -3.7763196772751284 9.006949989755169 0 0 0 0.46165270314100315 3 5851 6 12442 7 11446 8 5248
1276 2.3937831016443707 -2.5842765172008355 7.292680381667104 0 0 0 0.33150624239111243 3 6420 6 12466 7 11450 8 5287
1277 1.3530016482721259 -2.8266748873784606 8.0036909356548431 0 0 0 1.0329182599370315 3 5859 6 11848 7 11455
1278 1.8684178750769382 -2.4475646629246066 7.5745215964298076 0 0 0 0.55206386241401195 3 6427 6 12480 7 11462 8 5295
1279 1.8684178750769382 -2.4475646629246066 7.5745215964298076 0 0 0 0.55206386241401195 3 6428 6 12481 7 11463 8 5296
1280 1.6098794358127417 -2.4248790249316068 7.6404950785140366 0 0 0 0.33850625425555575 3 6434 6 12882 7 11467
1281 1.3313413507105316 -2.4226989668219776 7.7708796065859511 0 0 0 0.31163671111816826 3 6441 7 11471
1282 1.6308235735538201 -2.119867455001641 7.6042873660760293 0 0 0 1.1577290308907864 3 6453 6 12504 7 11485 8 5340
1283 1.9745837981001346 -1.2093253120832856 7.2125227213384582 0 0 0 0.35870527076873254 6 12940 7 11526 8 5659
1284 1.9745837981001346 -1.2093253120832856 7.2125227213384582 0 0 0 0.35870527076873254 6 12941 7 11527 8 5660
1286 0.044093666756796678 -1.2481292703451505 7.7491135861792095 0 0 0 0.35016562743343144 6 12566 7 11535 8 5377
1287 -0.3897287634879929 -0.71254255498834207 7.4018110909014743 0 0 0 1.1243401314251855 3 6518 7 11556 8 5667 6 12963
1288 -1.3129551614353754 -0.74600825617824551 7.9696075062263159 0 0 0 0.27214667802199155 3 6522 6 12589 7 11558 8 5397
1289 1.7514168647695405 -0.24922954805384998 6.3532444730767779 0 0 0 0.2894108273249304 3 6921 7 11574
1290 2.1718830612857367 -0.19985240036202548 6.4647794216477807 0 0 0 0.18570196195079622 6 12975 7 11580 8 5692
1291 1.7436748815328462 -0.19213347771254127 6.6366139491880327 0 0 0 0.13395713840309259 3 6542 7 11582
1292 2.0806837011882306 -0.14896697670506689 6.5125719268370901 0 0 0 0.78991820779903366 3 6547 7 11587 8 5465 6 12623
1293 2.383132705455302 -0.13186735835582716 6.4093298551830724 0 0 0 2.0868858193135029 3 6543 7 11588 8 5470
1294 1.1809431893128928 -0.077760572534809058 6.6410210782060908 0 0 0 0.0062317862127622163 3 6558 7 11599
1295 -1.5886371064799716 -0.079642152305699557 7.696988713908663 0 0 0 0.57029009675123798 3 6046 7 11612 8 5685
1296 0.80989355419074804 0.068103606781162396 6.4007999474160266 0 0 0 1.7957152405325343 3 6582 7 11624 8 5479 6 12651
1297 0.47395423239078377 0.17497128440754275 6.8834412288211286 0 0 0 0.63211737783002087 3 6593 6 12665 7 11631 8 5495 8 5708
1298 0.5393436143287379 0.37479799775323441 6.7771859356729234 0 0 0 0.34667967511125974 3 6611 7 11647 8 5536
1299 0.17249383042135069 0.40402910002225301 6.856272003362287 0 0 0 0.54485353336408471 3 6615 6 13013 7 11650 8 5724
1300 -1.0682165344077705 0.61039921268974984 7.1747182261021969 0 0 0 0.51704225254555991 3 6631 6 13024 7 11661 8 5821
1301 -1.3100496441291065 0.6108754935486711 7.2297252813458073 0 0 0 0.67580223056843114 6 12696 7 11662 8 5540
1302 1.2280308124714798 0.63473136787919482 6.5709747448400506 0 0 0 0.24305012659725952 3 6635 7 11667 8 5556
1303 2.2462616814120628 0.93924707819231446 6.0717319015677047 0 0 0 0.67237711110025489 3 6674 6 13031 7 11682
1304 1.4276941805581356 -4.8456613437844069 8.3577124582093187 0 0 0 0.91244090427409275 3 6393 6 12845 7 11831 8 5232
1305 0.93302833671269803 -4.0337904507099305 8.2668572228042141 0 0 0 0.38901591855384121 3 5809 7 11841
1306 1.186307679216976 -3.6872946682622256 8.2069000622963557 0 0 0 0.84656779691921502 6 12859 7 11845 8 5580
1307 -1.8938627465942006 -3.9846330905031886 8.9192244035451118 0 0 0 0.91448410630766352 3 6417 6 12861 7 11847 8 5758
1308 1.9406039133089221 -2.2721883192076673 7.5268146605426312 0 0 0 1.0823535842306407 3 6857 6 12888 7 11862 8 5608
1309 2.452672035538229 -1.9895414763917039 7.2639940746284815 0 0 0 0.15097270306975985 3 6859 7 11866
1310 -1.9021331034485609 -2.522733078521822 8.4342418877242888 0 0 0 0.75716889294226875 3 6867 6 12890 7 11869
1311 0.73845655644045261 -1.5212550233838451 7.5161480559324145 0 0 0 0.71050262258875441 3 6880 6 12925 7 11884 8 5642
1312 1.1641295562070761 -1.3937518407041452 7.3100583150334417 0 0 0 0.33908967431203063 6 12557 7 11887 8 5374
1313 1.1639356302184749 -1.3940235072278295 7.3106598468488659 0 0 0 0.30100497610870519 6 12558 7 11888 8 5375 8 5646
1314 0.40846585012612885 -0.7322431714853308 7.6480996270373618 0 0 0 0.94894263424828873 6 12965 7 11912 8 5670 5 11711
1315 -0.35055906507168233 -0.19007090558836692 7.2992704370122947 0 0 0 0.32520062875335892 3 6930 7 11931 8 5684
1316 2.329684525834061 -0.077997160200105331 6.4066329620976834 0 0 0 0.70725027084807734 3 6927 7 11932 2 8699 8 5701 6 12986
1317 -1.4758494005398024 -0.014280008371815513 7.986532079946465 0 0 0 1.0947222731339874 3 6943 6 13176 7 11938 8 5799
1318 1.711384046100658 0.071132083107519256 6.5906783394510144 0 0 0 1.0461758061711321 3 6939 6 12993 7 11940 8 5709
1319 1.5537307604127282 0.10466711587844475 6.623601040148956 0 0 0 0.70022090601430864 3 6945 6 12995 7 11946 8 5712
1320 1.4337259104252897 0.30675653556021848 6.5608402570381337 0 0 0 0.49543204735994972 3 6962 6 13010 7 11963 8 5732
1321 1.2139666021684175 0.39313975377002336 6.5781026294212817 0 0 0 0.35833022709590073 3 6967 7 11967
1322 0.036125805700851339 0.42167044955400368 6.9139179036452667 0 0 0 0.34573346956591861 6 13015 7 11969 8 5818
1323 1.9615733781777158 -4.4098658889534983 8.3011077157543554 0 0 0 1.5998962179099927 6 13265 7 12107 8 5834
1324 -1.6991992212824023 -4.9300308513268067 9.490594046616609 0 0 0 0.82583483322728002 6 13122 7 12110 8 5753 3 6406
1325 -1.6981344971635408 -4.9266141078162429 9.4865318389817777 0 0 0 0.66797909033880731 6 13123 7 12111 8 5754
1326 1.1963045845245146 -4.0280802308559078 8.3154310755724623 0 0 0 0.66976535616789923 6 12856 7 12112 8 5576
1327 1.1917791761817811 -3.5300004989765963 8.1710006087735767 0 0 0 0.6635784239392134 3 7122 7 12117 8 5581
1328 2.1338191632720855 -2.5724935282448325 7.3463049050843772 0 0 0 0.42306675686470208 3 7129 7 12125
1330 -1.9127871462269594 -2.1541123697745346 8.3511372031866369 0 0 0 0.9911587505986168 3 6873 6 13138 7 12141 8 5766
1331 2.2917431523575114 -1.4080071007611268 7.0000174275273794 0 0 0 1.1111009660861018 3 7157 6 13282 7 12145 8 5852
1332 1.0467152313531034 -1.2883201745548107 7.3193601458301734 0 0 0 0.45418970595499064 3 6890 6 13151 7 12155 8 5775
1333 -1.3022447352077204 -0.85567144440953091 7.913782750860161 0 0 0 1.0175225620075175 3 7184 6 13292 7 12169
1334 1.8611933056391576 -0.32165853617332074 7.1979588763078217 0 0 0 1.0235116485045876 3 7189 7 12178 8 5867 6 13294
1335 1.8063644181572955 -0.3033597290625889 7.0060042119317032 0 0 0 1.4332348499814203 3 7190 7 12179
1336 1.9981327194792227 -0.19533006186142846 6.5274047708322023 0 0 0 0.37827926139321161 3 7192 7 12183
1337 1.6977913979811681 -0.16570972511922372 6.5917447844129882 0 0 0 0.077259896279641471 3 7194 7 12186
1338 1.2437474163896045 -0.13281078380558212 6.66680410942074 0 0 0 0.013709026542003108 3 7201 7 12192
1339 1.9236112284934423 0.35300799701632624 6.4028002370595214 0 0 0 0.34248267659821457 3 7212 7 12200 8 5876
1340 0.04345727721637882 0.52108134460640021 6.879116823949607 0 0 0 0.48682450712012476 6 13302 7 12202 8 5874
1341 2.1154752958650351 0.66672769955206679 6.24529153333311 0 0 0 0.77580544799341944 3 7224 6 13304 7 12205
1342 -1.0268552523807033 -3.6915692712113457 8.820420317169317 0 0 0 0.15316871239643445 3 7311 7 12281
1343 -1.8428704985557243 -3.7976744703692771 8.881301206799213 0 0 0 0.33851912649390431 3 7127 7 12283 8 5836
1344 2.2444875399728499 -2.5328634481872805 7.347934890697843 0 0 0 0.27957602243772905 3 7313 7 12290
1345 -1.3175130051716337 -2.9894564703925992 8.779040176835986 0 0 0 0.61018291915882761 3 7144 7 12296 8 5933
1346 1.1616974895266985 -1.6418149502174335 7.3995595719614657 0 0 0 0.31423850630371986 3 7325 6 13280 7 12305 8 5843
1347 1.3610283406582784 -1.4001756669184351 7.4176078975077067 0 0 0 0.6600312512868528 6 13284 7 12306 8 5851
1348 -1.3049300769087036 -1.2124473401382583 8.0145305885799019 0 0 0 0.80025912587725267 3 7339 7 12318 8 5903 6 13370
1349 -0.13860895812478941 -0.73598605591213484 7.7217012428631797 0 0 0 0.8854490133334384 3 7343 7 12324 8 5915
1350 0.57068566462628012 -0.33262105521484719 7.0977186111666706 0 0 0 1.5568185392160023 3 7349 6 13381 7 12327 8 5918
1351 -0.2936593861352314 -1.1190768948268146 7.7043048941280299 0 0 0 0.63111416906742057 6 13373 7 12406 8 5908
1352 1.0447754439250603 -0.51287483200501105 7.0988438409844568 0 0 0 1.7849807047322506 3 7535 6 13379 7 12409 8 5945
1353 0.072114489579747837 0.70011678649744968 6.8775170096045599 0 0 0 1.157276135298015 3 7553 7 12420 8 5960
1354 0.23428485359090065 0.80380139059377409 6.9747161357096799 0 0 0 0.54076754109728098 3 7478 7 12422 8 5962 6 13391
1355 1.7069293598686328 -1.1526808692798669 7.329386783118558 0 0 0 0.19025029713366748 3 556 7 1594 8 2521 6 7965
1356 2.3651351162686947 -1.3931227310324612 6.971421623412617 0 0 0 0.27145704183225888 3 491 7 4899 8 945
1357 1.8708499451572198 -1.4018834555861086 7.2558646492227687 0 0 0 0.19639352107641642 3 507 7 4916 8 942
1358 1.6752852078048266 -1.399094563819155 7.3219407100740241 0 0 0 0.18344532637073563 3 514 7 4923 8 2426 6 7893
1359 1.7588991317898344 -1.2975545350921591 7.3477481866477659 0 0 0 0.28649812677055703 3 534 7 4964 8 993 6 5336
1360 1.7223899357056625 -1.1003768435267041 7.2636825582854634 0 0 0 0.36799296957191208 3 571 7 5029
1361 2.0631958739646508 -0.89153099197697216 7.2487391335415907 0 0 0 0.67587395024359365 3 610 7 5111 8 2639
1362 1.8378460258789864 -0.88690768008827447 7.2116543213112543 0 0 0 0.48259050666281528 3 612 7 5117 8 1155 6 5573
1363 1.4254286658112263 -0.88219481340176886 7.3207033256208662 0 0 0 0.52720719314382569 3 622 7 5133 8 1141
1364 1.8310062908886202 -1.237559941054013 7.3422316483984984 0 0 0 0.26042946048164928 3 2550 7 7276 8 3635 6 9703
1365 1.8485451901836749 -1.1718876027963938 7.2889986614944302 0 0 0 0.64365353601071051 3 2557 7 7288 8 3660 6 9712
1366 1.791015966999205 -1.1186910495479128 7.2739086785452143 0 0 0 0.15913526427043875 3 2564 7 7297
1367 1.4276163819822687 -1.0179861067748872 7.2966858297082666 0 0 0 0.28283769391847213 3 2595 7 7327 9 6561
1368 1.7935563886878814 -1.3630614933158414 7.3378293052813586 0 0 0 0.028052794393779674 3 4020 7 8896
1369 1.418231985672691 -1.3332691556029939 7.3502247086583887 0 0 0 0.63128056295732549 3 4030 7 8906 8 4424 6 10983 1 9516
1370 1.4535301267870107 -1.3076949028481504 7.3496186586995176 0 0 0 0.32199259751039561 3 2546 7 8909
1371 1.6681127452572755 -1.2544388266558237 7.3607963258108589 0 0 0 0.31082793190198099 3 2548 7 8918 8 3622
1372 1.6681127452572755 -1.2544388266558237 7.3607963258108589 0 0 0 0.31082793190198099 3 2549 7 8919 8 3623
1373 2.0837703542818029 -1.1832428547770009 7.1761723713750909 0 0 0 0.38817893187927349 3 4039 7 8926 8 4452 6 11001
1374 1.7684252690316888 -1.162372051512603 7.2686456725662403 0 0 0 0.18276421800153209 3 4045 7 8939
1375 1.7684252690316888 -1.162372051512603 7.2686456725662403 0 0 0 0.18276421800153209 3 4046 7 8940
1376 1.9514435547114946 -1.7323692389160406 7.3590837196254153 0 0 0 0.0059406258801211467 3 5051 7 10038
1377 2.3981821972459905 -1.3708157669207337 6.9530379402174969 0 0 0 0.23916171338523365 3 5929 7 10069 8 5003
1378 2.3983802741331477 -1.2403868602343588 6.8429995225249582 0 0 0 0.65448765149527466 3 4018 7 10077 8 3626 4 5745
1379 2.3754199654962855 -1.1702545367185222 6.8268622300674835 0 0 0 0.66014210124049011 3 4025 7 10084 8 3650
1380 2.3753952719899649 -1.1704307890109984 6.821567923612732 0 0 0 0.61224587635391536 3 4026 7 10085 8 3651 10 7983
1381 1.645537600182728 -1.2268026249850534 7.3054117701158106 0 0 0 0.16736763765462442 3 5089 7 10091
1382 1.6744141766382188 -1.1348209913317742 7.3522482346653328 0 0 0 0.30338544472652096 3 5097 7 10101 8 4454 6 11013
1383 1.7388402612596043 -1.1038616243414847 7.264041412235767 0 0 0 0.22717896670553711 3 5098 7 10104
1384 1.7879035313488016 -1.0778958908922114 7.2678413042147438 0 0 0 0.1062946931033219 3 5099 7 10105
1385 2.1827618985849768 -1.1661899473447708 7.0157911568249132 0 0 0 0.029333569841625801 3 5943 7 10962
1386 1.9039699392356177 -1.2051229227410338 7.2531680605630253 0 0 0 0.20399518952890261 3 5947 7 10963
1387 1.930850493862091 -1.8152526955326349 7.4644124437145267 0 0 0 0.086541024837835281 3 5909 7 11498
1388 1.6506014500699644 -1.7343883051406139 7.4240495571218341 0 0 0 0.0052873489580210166 3 6470 7 11504
1389 2.268856587802532 -1.3229571502665476 6.9299608583235095 0 0 0 0.1284659113089337 3 6482 7 11518
1390 1.9960514867367412 -1.0035125264405051 7.1365502315931977 0 0 0 0.30851407285427035 3 6494 7 11536
1391 1.7649937271583953 -0.80785479581589592 7.1532762539829342 0 0 0 0.24046172614364206 3 6500 7 11543
1392 2.1818104247815051 -1.3881051359218419 7.0890437093847707 0 0 0 0.17248602221768808 3 6875 7 11883
1393 1.4044314906896425 -0.99295094890606161 7.312068828974561 0 0 0 0.4658911680267725 3 6898 7 11902 8 5665
1394 1.8974293543284626 -0.69154157377068293 7.1844236576809442 0 0 0 0.24258937759254678 3 6909 7 11908
1395 2.3480277823933644 -1.7340497614535584 7.0670098667326444 0 0 0 0.44976055416431038 3 7146 7 12135 8 5769
1396 2.4884819525476973 -1.2910695602711715 6.998298641953772 0 0 0 1.2857856834766135 3 7159 7 12149 8 5381 6 12562
1397 1.4033737612183461 -1.1743371494214994 7.3356844566939881 0 0 0 0.36600813300917689 3 7166 7 12160 8 5778
1398 2.2820777506465753 -0.86111469837440346 6.82577013264613 0 0 0 0.19963119861195794 3 7171 7 12164
1399 1.7602311227057663 -0.8944942601993684 7.1702845787404801 0 0 0 1.0197160095056548 3 7175 7 12165 8 5863
1400 1.4539644197404968 -0.79175596476755206 7.3667106550538879 0 0 0 0.94419407874010519 3 7179 7 12167 8 5783 6 13159
1401 2.2633559980622366 -0.52595702979417902 6.6281960351490099 0 0 0 0.36143390621691518 3 7183 7 12173
1402 2.021847837165383 -1.1075606559058075 7.1170142746662108 0 0 0 0.20944174507001306 3 7334 7 12312
1403 1.8298026526378384 -1.3328706927119864 7.300403298406561 0 0 0 0.024256549687552892 3 7449 7 12400
1404 1.2667066050433156 -1.1838364814050002 7.3094684832983692 0 0 0 0.86531553758631397 3 7452 7 12403 8 5856
1405 1.5741577228216472 -0.82308543474581264 7.4877286656482163 0 0 0 0.28223762481158809 3 7458 7 12407
1406 -6.3405676361980099 -1.3342388044887876 36.463281404920721 0 0 0 0.69247887090307092 6 2161 7 2060
1409 1.5984959083199803 -4.6265335676518262 8.4115597552035215 0 0 0 0.38221882322601625 6 4284 7 3861 8 53
1410 2.2806182914547293 -4.4055940115865022 7.9488617121622207 0 0 0 0.68185725998084257 6 4271 7 6690 8 67
1411 -1.6702334001970893 -4.3730240143003138 9.1290310425729952 0 0 0 0.33229920632193638 6 4446 7 413 8 140
1413 1.7013604642048361 -4.2332346313124765 8.2659977436250056 0 0 0 0.24761078109602111 3 64 7 6731 8 160
1414 -1.6140431891172888 -3.5089226643628719 8.9239442614855857 0 0 0 0.63411315091700771 6 4628 7 721 8 257
1415 -1.5724943956429842 -3.442982873578877 8.9286150163117259 0 0 0 0.36830380693186465 3 281 6 4652 8 278
1416 -0.18217343603367542 -3.3587485950150002 9.7482792914655363 0 0 0 2.4372203188585577 7 4501 8 388
1418 1.2070615508978704 -2.652628816621613 7.6019195554954289 0 0 0 0.60481086491378455 6 4737 7 4475 8 413
1419 1.6955491116990897 -2.699312185782158 7.6365340617497397 0 0 0 0.60682870064746597 6 4726 7 746 8 416
1421 -0.376223058290651 -2.3612915396195762 7.9328614390087138 0 0 0 0.34301457519502482 6 4939 7 4710 8 503
1422 0.14300139762785749 -2.4313379530668406 7.9716272587642365 0 0 0 0.500684801736067 6 4912 7 4666 8 511
1423 0.21452353629152138 -2.4161085265902464 7.9632239971398278 0 0 0 0.56910642039081205 6 4924 7 1035 8 527
1424 0.21452353629152138 -2.4161085265902464 7.9632239971398278 0 0 0 0.56910642039081205 6 4925 7 1036 8 528
1425 -1.8559036412495873 -2.2772676635281401 8.3406415151470696 0 0 0 0.32321927678439466 6 5045 7 1254 8 550
1427 -1.4537175122861816 -2.2772178514407209 8.3655175600772065 0 0 0 0.1383182192765173 6 5049 7 1239 8 592
1428 -0.34645154249937787 -1.5222415723446654 7.6578234545769091 0 0 0 0.038725443374553539 3 542 8 790
1429 -1.639369895130667 -1.3925455841641321 8.1401026895796722 0 0 0 0.36160924535629002 6 5339 7 5036 8 827
1431 0.74458945119389264 -1.3437113899823636 7.5462932357448498 0 0 0 0.48366788759776069 6 5318 7 1543 8 936
1432 1.5760103479776273 -1.33411107545699 7.2929665546436118 0 0 0 0.71724218092684078 7 4951 8 965 10 5381 1 1125
1433 0.87129654876019491 -1.2343310236063667 7.4824325537645437 0 0 0 0.44610284088721786 6 5402 7 1588 8 986
1434 2.0823638801724735 -1.2596418314029647 7.139058242378125 0 0 0 0.27338121119048492 6 7930 7 4957 8 1010
1435 -0.14270958702401979 -1.0498487707813116 7.714268372273966 0 0 0 0.29955349206568044 6 5508 7 1731 8 1042
1437 2.2401521947953369 -0.79336446919456505 6.7019707941008724 0 0 0 0.28140905082364881 6 5598 7 5125 8 1181
1438 0.67595691617482179 -0.67425724247046415 7.5724427779877956 0 0 0 0.76888556512379458 6 1906 7 5243 8 1199
1439 2.3130338704296336 -0.58439260869546583 6.6229494347674223 0 0 0 0.88263882972887764 3 673 8 1270 10 5660
1440 2.2998242478083966 -0.42732240326263182 6.5275705032633855 0 0 0 0.9615401608275681 7 5283 8 1326 10 7075
1441 2.3403532044525703 -0.41749900848594768 6.5092853980537093 0 0 0 0.075648786428551343 6 5723 7 1956 8 1349
1442 2.2735987818970491 -0.39775519239917428 6.5363775269990736 0 0 0 0.24976269157510289 6 5728 7 1973 8 1357
1443 0.76745373952493667 -0.077429286051906451 6.8590503981866702 0 0 0 0.30149456204262504 6 2283 7 2244 8 1442
1444 -1.1749422149434243 0.14007397699312416 7.3375218804291809 0 0 0 0.10218640701426078 6 5993 7 2411 8 1460
1445 -1.0616369072567473 0.17138064128059791 7.2940040968943922 0 0 0 0.25058696383502022 6 6010 7 2429 8 1481
1447 2.3076068829955547 -0.018061058526035425 6.346190531977892 0 0 0 0.10356642352623942 6 5963 7 2246 8 1556
1448 1.8773229860088343 0.18903638299281234 6.488078545404484 0 0 0 0.22017794682673628 6 6057 7 2405 8 1626
1449 2.011258833315607 0.17673131838970593 6.4474986461347248 0 0 0 0.11698532074080104 6 8480 7 2395 8 1627
1450 2.011258833315607 0.17673131838970593 6.4474986461347248 0 0 0 0.11698532074080104 6 8481 7 2396 8 1628
1451 -1.1955740775284842 0.67879985498347528 7.2001393355393351 0 0 0 0.23276698235717719 7 2664 8 1669 10 8470
1452 -0.0064335301453536673 0.6340011783315066 6.8616242030819601 0 0 0 0.56402411089399052 6 6201 7 2650 8 1727 1 7255 10 8481 9 7074 4 4227 5 1942
1453 -1.2733914396054016 0.8464988223209664 7.1668367624031459 0 0 0 1.0765347762217252 7 2751 8 1754 10 7498 1 5069
1454 2.3897436308055684 0.68810799228686981 6.1165439242339668 0 0 0 0.70739398236020712 6 6296 7 2711 8 1963
1455 0.11106288538278328 1.0626380022558277 7.0005952309007879 0 0 0 0.4127335081886212 6 6371 7 2851 8 1980
1456 -1.330373966632715 1.2434040411332621 7.277283963745889 0 0 0 0.33522072495782651 6 6408 7 2921 8 1984
1457 1.3781452605749986 -4.8149733702124893 8.5191579674547082 0 0 0 0.54689394455713514 6 4260 7 6694 8 2003
1458 -0.8637916505070542 -4.4406062824888615 8.964168638593117 0 0 0 0.14693123862623889 3 2278 6 7366 8 2037
1459 2.0536609672057566 -2.4980275490362365 7.5182692352720268 0 0 0 0.43787432454738218 3 2372 6 9506 8 2236
1461 0.39717147330246194 -1.3839629939783638 7.6732131709264042 0 0 0 0.6529042058810951 6 7910 7 4993 8 2413
1462 1.9158963427971305 -1.2951814630155369 7.2591914951139085 0 0 0 0.21246083377744482 3 530 6 7927 8 2470
1463 1.0675977469609756 -1.1306193043141275 7.1677203958778897 0 0 0 0.40687643042091742 7 5030 8 2497 10 6794
1464 2.5845756400391178 -1.2219588763825877 7.0578392292230863 0 0 0 0.35627867792284468 6 7935 7 8902 8 2515
1465 -0.50382775652272671 -0.92744064968048157 7.5113638778430243 0 0 0 0.44405279903020051 3 660 6 8048 8 2527
1466 -0.51157963559692898 -0.93077372720976548 7.5167372915637163 0 0 0 0.49765792358946204 3 661 7 5181 8 2528
1467 -1.066308741827152 -0.93014829062294979 7.9516618534163879 0 0 0 0.36636508546153296 6 8069 7 1828 8 2532
1468 0.25656403652224641 -0.96935828533021506 7.749679220432645 0 0 0 0.3371473968825382 6 8054 7 7369 8 2556
1469 -1.6656296830501682 -0.78501765656302602 7.9520228902638976 0 0 0 0.75203161737106161 3 748 6 8116 8 2559 10 5467 1 4303
1470 0.50551118901712722 -0.97419406251518903 7.6872244959119529 0 0 0 0.39274682465278232 6 8046 7 5130 8 2563
1471 -0.96310238839073037 -0.85229929723543441 7.8989494867894487 0 0 0 0.86233390449374481 6 8105 7 1852 8 2564
1472 1.8333556947977185 -0.83433872501618689 7.2272892848923513 0 0 0 0.4297505376829589 3 4078 6 8097 8 2647
1473 -1.4701597617392335 -0.50229630796689806 7.9801565839829678 0 0 0 0.62456834981400877 3 840 7 7535 8 2661 1 8408
1474 1.2613767840537997 -0.59573172284826337 7.2132412198605884 0 0 0 1.0384371317852983 6 8177 7 5252 8 2685
1475 -4.2360719554393684 -0.96978424916984141 28.505516486058998 0 0 0 0.46783243695055415 6 5849 7 5362 8 2769
1476 -0.11309818367703575 0.037959921493232018 7.0352030293873806 0 0 0 0.4357809250470206 6 5954 7 5578 8 2864
1477 -1.5108339898225476 0.1883037088281457 7.4204412787935778 0 0 0 0.35443134516548153 6 8458 7 5677 8 2884
1478 -1.8704308263566929 0.27037236556055272 7.4435410506863668 0 0 0 0.30832560431143158 3 1060 6 8471 8 2902
1480 1.6692280996080791 0.28236737585563249 6.4905513784039464 0 0 0 0.11062619302900362 6 8525 7 5715 8 3054
1481 1.6692280996080791 0.28236737585563249 6.4905513784039464 0 0 0 0.11062619302900362 6 8526 7 5716 8 3055
1482 -0.70315623138271177 0.61390082452662831 7.0787849650484294 0 0 0 0.95892618554502163 6 8577 7 5836 8 3079 1 8789 10 8462 5 7886
1483 1.0823094012244143 0.44572585743602156 6.5467201874861578 0 0 0 0.55852533737322496 3 1116 8 3089 1 8780
1484 0.73278653426708384 0.5482370106231319 6.6810901352433669 0 0 0 0.4568059221855455 3 1160 8 3115 9 4917 5 1913
1485 -1.5385985191936871 0.88206227487050304 7.2117796989915393 0 0 0 0.73414711522683873 3 1357 8 3136 10 8529
1486 1.0416395018531486 0.84319379740595046 6.463763902291352 0 0 0 0.95388766211501252 7 2780 8 3231 10 7585
1487 0.41339847240123273 1.0558615105427012 7.0571832687996752 0 0 0 0.065139986991231802 3 1454 6 8722 8 3266
1488 2.4730383250986732 -4.8418023362199758 8.2639408739410296 0 0 0 0.57425573548095965 3 3702 6 10707 8 3280
1489 1.7143403606202008 -4.1019333499319899 8.2620952573941828 0 0 0 0.23056944854448236 6 9375 7 9836 8 3340
1490 -1.7675703470133752 -3.8330262085113787 8.8787536640321569 0 0 0 0.43397516597082803 6 9419 7 8655 8 3350
1491 -0.36433064333936954 -3.7053135419113352 8.5904871127930189 0 0 0 0.43416969284487283 3 3798 6 9418 8 3357
1492 -1.8779527195187806 -3.158909603324664 8.6891233798401935 0 0 0 0.36015549395789509 6 9476 7 7018 8 3391
1493 -0.07071283805022574 -2.7189772103935508 8.2495581562996456 0 0 0 0.61731364463298011 3 3888 6 9513 8 3433
1496 2.5392826651216835 -1.6901918578248636 7.1642062655631387 0 0 0 0.55990237450515112 6 10947 7 8837 8 3563
1497 1.7245256052529825 -1.2932448659928748 7.3587939004638052 0 0 0 0.25418900111032622 6 9682 7 8910 8 3613
1498 -0.85775192430076463 -1.0583704040612101 7.8737810475970411 0 0 0 0.56620819572540837 6 9735 7 7364 8 3627
1499 -0.18023636483234695 -1.0793772868578237 7.704390754202894 0 0 0 0.77005928545144864 7 8966 8 3631 9 9329 6 11024 8 4447
1500 -0.16203864034911028 -0.91937927130920261 7.7651265645973409 0 0 0 0.97607414529390701 7 8993 8 3677 10 8034 1 6661
1501 -0.37567902647579565 -0.70081452483502771 7.4121482703977835 0 0 0 0.37687924636460529 6 9780 7 7446 8 3695
1502 0.49626488392079654 -0.73092038767173173 7.6345729726261293 0 0 0 2.1907159025501586 3 4135 8 3715 2 3800 5 7522
1503 -1.7210665048500169 -0.29336611279904895 7.6448995242943534 0 0 0 0.18785172737833533 3 2817 6 9862 8 3736
1504 -1.6529568269101969 0.30947498767597775 10.124341861563815 0 0 0 1.7523380791322491 6 10051 7 7763 8 3944
1505 2.2621398412179081 -0.049170259794029135 6.4003597825166505 0 0 0 0.18870604535990501 6 9988 7 7639 8 3946
1506 -1.7821914741615301 0.92009468944019401 7.212143893043069 0 0 0 0.29882065052430884 3 1379 6 8646 8 4071 2 2139
1507 2.03954384868748 0.4976054144275317 6.3343380889370309 0 0 0 0.19896030614476676 7 7834 8 4089 2 1934
1508 -0.72060226342695088 1.1502058206701522 6.9802292642133263 0 0 0 0.78092661366365002 6 8739 7 2896 8 4182
1509 1.5921048126492774 -4.8967293426405121 8.5433434899903915 0 0 0 0.41488545894605761 3 4893 7 10739 8 4203
1510 -0.37070231209444626 -2.1839924892010445 7.8701037967930016 0 0 0 0.31058213999711692 6 10911 7 10014 8 4357
1511 0.66148983563480046 -0.60329954735046587 7.5390217097752386 0 0 0 0.5721871868196523 3 4143 6 11077 8 4494
1513 0.11013494187663068 0.20861041444602937 6.9604841798123127 0 0 0 0.36286600933050273 6 11221 7 7767 8 4624
1514 1.3679104096487265 0.17594635553727803 6.6356039577282484 0 0 0 0.78050692885688733 6 10052 7 7752 8 4643 2 1760
1515 1.8193762157643569 0.18200662122995462 6.5134235549097097 0 0 0 0.30744535785722904 6 11229 7 9178 8 4662
1516 0.30478120580908974 0.57957349201885766 6.8822708792379581 0 0 0 0.17971117735441053 3 5302 6 11269 8 4705
1517 -1.4909123572351655 0.91906759163594021 7.1682548505748631 0 0 0 1.1278911703655239 3 3124 6 11325 8 4738 10 9787
1518 0.21200422618385961 0.74348345921229153 6.9386308686539211 0 0 0 0.25770802678580762 6 11302 7 10353 8 4746
1519 2.2660536056615102 -5.3288068529197687 8.6065382644593615 0 0 0 0.24474065329558867 3 5787 6 11753 8 4836
1520 2.2660536056615102 -5.3288068529197687 8.6065382644593615 0 0 0 0.24474065329558867 3 5788 6 11754 8 4837
1521 -0.075834473369809988 -2.2624318714328893 8.024029577098819 0 0 0 0.38497035450852157 3 5043 6 11901 8 4934 2 6853
1522 1.5254954121895785 -0.66258275386064469 9.4741783702096125 0 0 0 1.3550536974420389 6 11099 7 10153 8 5072
1523 1.9261617129613611 -0.12578935490767323 6.5636539813376791 0 0 0 0.11189753481932803 3 6014 6 12048 8 5105
1524 1.4684165698862477 0.23809086286965328 6.6415534869156989 0 0 0 0.95648110596432323 6 12110 7 9203 8 5140
1526 -1.821026309960845 -0.48661522511207783 7.7209786991608436 0 0 0 0.067654706052371505 3 6539 6 12599 8 5673
1527 0.32689581138682777 0.12188975789335639 6.9557587026309085 0 0 0 0.39402775810256813 6 12991 7 11950 8 5699
1528 0.36500437349414772 0.63361730093859814 6.8643393879376324 0 0 0 1.1946425707657873 6 13192 7 11664 8 5826
1530 -1.9715142345823464 -0.78980181619373147 8.0652805639024976 0 0 0 0.60068584350583787 3 7344 6 13376 8 5914
1531 -1.6179217810848883 -4.0442778889152322 9.0551893054090442 0 0 0 1.160771904816702 3 4956 7 9898 8 4877 6 12436 7 10805
1534 1.334648979454657 -0.032992905938461617 8.4426117312417492 0 0 0 3.1544769843107514 3 4215 8 4609
1536 -0.46667013302145594 -1.2714645043888553 7.6828291895119358 0 0 0 0.95151235274907442 8 910 10 3567 1 1038
1538 -1.2487713288566786 -1.2395940780742605 8.0749345799260315 0 0 0 0.68275318409898356 8 928 1 1063 10 5363 9 4143
1540 1.2910492437633885 0.66184594461895108 6.496767195869583 0 0 0 2.5559629708231189 6 2686 1 2162 4 1677
1541 0.54094282398418048 0.48452122547933624 6.7580816448579855 0 0 0 0.62051084413858659 6 6160 8 1673 1 4941 10 7425 9 4886 4 4202
1542 -0.7648585432445707 0.63131201981620755 7.0761193153379187 0 0 0 0.27434901393609007 6 2614 8 1671 1 4961
1543 -0.82583128008572226 0.65631372323550441 7.097389279653509 0 0 0 1.3942155529216418 7 2654 1 4970 10 6098
1544 -0.41897240262658214 0.64048075617067901 6.912234597160551 0 0 0 0.87368233257926731 6 2626 1 4977 10 6103 4 1609
1545 -0.15127153192125178 0.61764136445238627 6.9123715452288685 0 0 0 0.42920104932903724 6 2622 1 4981 10 6106
1546 -0.25522455979623065 0.65094134900520118 6.9366463558592448 0 0 0 0.65009074294051861 6 2630 1 5000 10 6119
1547 -0.47090071680265122 0.70989231839674583 6.8995882982309427 0 0 0 0.63783073971868398 8 1742 1 5018 5 1979
1548 -0.1988247188504198 0.68897508481925085 6.8984025333573609 0 0 0 1.1511559712041135 6 2646 1 5019 9 4946 4 1644
1549 0.86670019166496826 0.73076021974243144 6.5860197702700978 0 0 0 1.1199599099890778 6 2707 8 1857 1 5109
1550 -0.80485378134315944 0.88602747022120254 7.0336114992515606 0 0 0 1.8354592833904828 6 2738 1 5116 10 6246 4 1711
1551 -0.26659939830472662 0.84441294487852869 6.8670271737656234 0 0 0 0.89114820755387181 6 2733 1 5122 4 1715
1552 1.0126888141617842 0.75799939476915645 6.4793121297540193 0 0 0 2.0161769961125953 6 6285 1 5144 10 7522
1553 1.0486653748098669 0.83368938427804162 6.4505493730228833 0 0 0 2.5412881498754474 6 6318 1 5195 9 5052
1554 1.0253544518530566 0.84379611570655189 6.4550595810903353 0 0 0 1.0325233224516481 6 2796 9 5059 10 7582
1555 0.12467512006532171 1.0780821115889829 7.0069738440162306 0 0 0 0.77070391247538073 8 1991 1 5298 6 6376 10 6423
1559 1.0754495103397659 -0.53163972955243399 6.9386394510998981 0 0 0 0.63577599802747897 8 1246 1 6805 10 7018
1560 -0.42817541731394904 -0.40343716100503263 7.3436071576217357 0 0 0 0.67860091775019837 6 8232 1 6809 10 7021
1561 -0.50414743913799287 -0.33226906790303251 7.3381713961479793 0 0 0 0.63150362066794274 8 2714 1 6825 6 8256 10 7047
1562 0.28287570118229655 0.062974071745881446 6.9927954099384699 0 0 0 0.7828841144094919 8 2917 1 7016 6 8410 10 7233
1563 -1.3548957360357698 0.48008354679137377 7.2690137840681324 0 0 0 1.1525978016433791 6 2558 1 7119 10 7363
1564 -1.3548957360357698 0.48008354679137377 7.2690137840681324 0 0 0 1.1525978016433791 6 2559 1 7120 10 7364
1565 -1.0550798243063819 0.60498758994662327 7.1448682693687582 0 0 0 0.67476298985177607 6 2593 1 7201
1566 -0.45935011599710202 0.56068775823791062 6.9416024236669704 0 0 0 0.57793694103087689 8 1660 1 7202 10 7420 4 4203 5 1875
1568 -0.098972346875447384 0.5420921667414873 6.9176103467761623 0 0 0 0.60925813509239057 6 6173 8 1666 1 7209 10 7428 9 7039 4 4204 5 1868
1569 1.3313846661026572 0.46567237754318147 6.5429717604073083 0 0 0 1.9083861466159029 6 6170 1 7228 9 7057 3 2967 5 1882
1570 -0.50844159948933965 0.66732272342204235 6.9326449116407369 0 0 0 1.0480852945277068 8 1720 1 7246 10 7454
1571 0.71076877301277164 0.56484665993054428 6.689050464426642 0 0 0 0.90358923772184563 8 3120 1 7252 6 8582 9 7071 6 6193 5 1922
1572 -1.3927701669658781 0.75033808554648518 7.1473529164269154 0 0 0 0.28268715978728237 6 6217 1 7253
1573 -0.86194684617397632 0.72460131670227068 7.1107926381237636 0 0 0 1.5705475530577497 6 2642 10 7462 9 7080 4 4234
1574 -1.2800889552965085 0.75931935497957204 7.1649469643303973 0 0 0 1.3380231596532257 8 1712 1 7261 10 7471
1576 -1.3934865694183756 0.79421946922146336 7.1830701380903754 0 0 0 0.93964465281263843 7 2734 1 7271
1577 0.71933405960030627 0.6184132689797518 6.6748969489011944 0 0 0 0.75038602051758718 6 6211 8 1759 1 7275 9 7088
1578 -1.3614828767685807 0.83625569416656542 7.1070755061320119 0 0 0 0.66256869325627554 6 6256 1 7285
1579 -1.3203975648808257 0.83661283674109732 7.1174425163474035 0 0 0 1.2386252584172917 6 6257 10 7492 1 7286
1580 1.4270273005210299 0.63870796502257066 6.4572108812638023 0 0 0 2.4320548210979682 7 2653 1 7303
1581 0.84775163530000841 0.74052052902797894 6.6011816550284275 0 0 0 1.3741720672598392 6 6271 8 1870 1 7323 10 8540 9 7115 4 4280
1582 1.0166401685493673 0.73973258570053524 6.4828695260992859 0 0 0 2.088512582472096 6 2721 1 7330 10 7515 9 5015
1583 1.0294422004662409 1.3313536358809683 6.3092395770891354 0 0 0 1.7271629313607793 6 6563 1 7699
1587 -0.010570743132228531 -1.0769058658651147 7.8304550397724721 0 0 0 0.94480385120249477 6 9733 8 3648 10 8017 1 8341 2 3744
1588 -0.51580459559109981 -0.38861965689302114 7.3331248194028449 0 0 0 0.60642866788594063 8 3737 1 8419 10 8086 5 5300 2 1474
1589 -1.7259583234189841 -0.24910401240873467 7.6072462389673783 0 0 0 1.5380306558404946 8 3742 1 8432 10 7042
1590 0.075333626997693831 0.31218709179936244 6.9599071181320467 0 0 0 0.68226638708369891 6 8505 1 8716 8 3007 10 8379 2 1836
1591 -1.3198505753240262 0.6647870240036835 7.2113089459419566 0 0 0 0.83867979909490198 7 5853 1 8788
1593 -0.033700494652644304 0.57363213285136871 6.8874814833516584 0 0 0 0.57653769294199086 6 8572 1 8795 10 8464 9 8577 4 6215 5 5702 2 1976
1594 0.79694015683180908 0.50212366082304938 6.6844092289645509 0 0 0 0.88619438834848818 6 8566 8 3096 1 8796 9 7050 5 5697
1595 -0.15404722047084493 0.6269091120708844 6.9065724384097633 0 0 0 0.69792997724864969 6 8588 1 8816 10 8473 9 8589 5 5716 2 2005
1596 -0.86114991079257097 0.68955407571399885 7.0871654763391501 0 0 0 0.49084863722284683 8 4028 1 8818 2 2038
1597 -0.78362130570501798 0.68419228200747506 7.072232372529375 0 0 0 1.6063769532170997 6 8600 1 8819 5 7910
1598 0.86246891820229843 0.66234736249312975 6.6256346673103383 0 0 0 1.0334849229914027 6 6227 1 8847 8 1808 10 8510 9 7107 5 2003
1599 1.0653024794434853 1.6708485691980366 6.1875949792852794 0 0 0 2.0135488150866681 6 3397 1 9191
1600 -1.3259997351163686 -2.0827972765857248 8.3696886506374373 0 0 0 0.91632871470776756 1 9412 10 8799 5 7280 8 3504 9 10021 2 3567 2 5424
1603 -1.5506950998568898 -0.52072560749318197 7.947512477590073 0 0 0 1.1994714917029485 7 10184 1 9579 10 8957 2 3864
1605 -1.2818694430175901 0.9581283023326661 7.1040536607594449 0 0 0 1.3214721471672817 6 10184 8 4103 1 9860
1606 -0.48874810398854251 0.9835073293617308 6.8127223643671337 0 0 0 1.0216365732536969 6 10201 1 9882 8 4133 2 4377
1608 0.62371437090305692 0.084758089680756418 6.872730069512536 0 0 0 0.74899555610779234 6 12653 1 11095 8 5482 9 10726 4 10215 5 10433 2 8075
1609 1.5763123171504034 0.44479086910642318 6.489648600909371 0 0 0 0.59724602192471488 6 12143 8 5167 2 7269 9 10330
1610 1.3824339388163924 0.62222187616223434 6.4868590248046791 0 0 0 0.79555487052449203 6 12156 8 5558 4 9697 5 10495 10 10099 2 7301
1611 -1.4097019525900547 -1.8538531235181692 8.3958253781637655 0 0 0 1.7215654577440613 6 12918 10 10332 1 11313
1612 0.25262341433616659 -0.80039128080358846 7.5057914968033046 0 0 0 0.35639929109388452 6 12585 8 5404 10 9970
1617 -0.98232095688850818 -0.50846530353992414 7.8654556200679391 0 0 0 0.85823796938500119 1 1442 10 1309 9 1362
1618 -0.87051175801034564 0.20697878997737626 7.2649408154406414 0 0 0 1.73473333876161 1 1780 10 1791 9 1767
1641 -1.5356784852697127 -1.3999745034572681 8.188558178276006 0 0 0 1.6032323828578772 1 947 10 3515 9 4076
1642 -1.5857916599333897 -1.3774886960627799 8.2009613398108137 0 0 0 1.3561669668484291 1 968 10 3535 9 938
1645 0.16016001055556697 -1.3962398725786702 7.7106748068490827 0 0 0 1.4998870019611747 6 1494 10 3584 1 1041
1647 -1.0616152741360696 -1.1733555617318987 7.9741522244959411 0 0 0 0.85049870592407051 1 1086 10 3608 9 4157 5 920
1648 -1.0645579193685559 -1.1848009973496416 8.0051462147397476 0 0 0 0.59900231191226971 1 1087 10 3609 9 4158
1649 -0.97087199461771323 -1.1484190095758724 7.9425874228821778 0 0 0 0.58861296049413758 1 1105 10 3617 9 4172 4 3710
1650 -1.2863438753308187 -1.1002289883377709 8.0289134355016216 0 0 0 1.2523222456091792 1 1129 10 3628 9 4191 4 3714
1651 -0.94970115215966189 -1.1218947299593616 7.9762400943906959 0 0 0 0.39185757598571408 1 1141 10 3644 9 1105
1653 -0.94729877927506356 -1.0403482545353826 7.960148493791996 0 0 0 0.63988539864997973 1 4237 10 3679 9 6452 5 964 4 3747
1658 -0.28690500807094504 -0.63054482610578533 7.6521187197753866 0 0 0 0.76170786274105395 8 1182 10 3825 1 1398
1670 -0.99660782125021796 -0.33874871618629876 7.8234482158243859 0 0 0 1.2084212896040796 1 1554 10 3984 9 1480
1674 -1.0110626932352633 0.34019445008362886 7.287790509130005 0 0 0 1.6581716787439924 1 1830 10 4244
1675 -1.0110626932352633 0.34019445008362886 7.287790509130005 0 0 0 1.6581716787439924 1 1831 10 4245
1677 -0.88271844540916511 0.45855202385007465 7.1300248026366226 0 0 0 2.6376512824766483 1 1892 10 4316 9 1859
1686 0.50969665211224635 0.5047657406231052 6.7592119805892885 0 0 0 0.39700997662122023 6 2580 10 4382 9 1985
1687 -0.51735902214513507 0.60216302106694475 6.8706699369831403 0 0 0 1.6339954175672144 1 1994 10 4385 9 1988
1688 -0.84180333619599301 0.61788894845091824 7.2169017919870999 0 0 0 1.4562261971513513 1 2008 10 4392
1689 -0.84180333619599301 0.61788894845091824 7.2169017919870999 0 0 0 1.4562261971513513 1 2009 10 4393
1693 -0.62557210033465316 1.0227827164306122 7.0000827430044943 0 0 0 1.248797681221212 1 2377 10 4764
1694 -0.8467557585683736 1.172327415737316 7.1635446195973591 0 0 0 0.34930229137843621 1 2529 10 4915
1719 -1.7317757061000498 -1.3248630885466501 8.0650673629822407 0 0 0 1.3231355932880291 1 6411 10 5310 5 4984
1724 -1.0107706686789075 -1.1746796537771445 7.9926820310849376 0 0 0 0.61475533671607296 1 4179 10 5377 9 4169
1725 -0.90883878254104966 -1.1194411391363048 7.9119892574622828 0 0 0 0.70175077669932651 1 4191 10 5385 9 6421 4 3723 5 933
1726 -1.3548274774323221 -1.0521815499330776 8.0342776608716306 0 0 0 1.1379165669569442 1 1150 10 5390 9 4206 4 3730 5 942
1727 -1.3576983698151732 -1.0612865629899308 8.0584843365214383 0 0 0 1.5890522625164418 1 1151 10 5391 9 4207
1728 -0.96315795365522938 -1.0894429511559065 7.9646290158057242 0 0 0 0.51640386856042675 1 4204 10 5393 9 6430 4 3732
1730 -1.3829293903507847 -1.0315327777545888 8.0396945847160897 0 0 0 1.3203582447432241 1 4208 10 5400 9 4213 4 3738
1731 -0.81858474087471933 -1.0686351588781851 7.8781014493031023 0 0 0 0.56329482865232583 1 4209 10 5404 4 3742 5 952
1732 -1.3185284230950569 -1.0470673603313929 8.0687004894873873 0 0 0 1.4418930180114711 1 4213 10 5407 9 4215
1735 -1.3326757003686371 -0.99230001543581103 8.0440028568357995 0 0 0 1.0385377180539928 1 4241 10 5420 9 6456 4 5712
1737 -0.95473192760114145 -1.0253918634932671 8.0104087680624705 0 0 0 0.36904569897745026 1 4256 10 5432 9 6470
1738 -0.70602274179064661 -0.96849342102160108 7.8146707641782207 0 0 0 0.69260536305338416 1 1219 10 5438 9 4262
1739 -0.70580592164168554 -0.96753648170188589 7.8115219106664524 0 0 0 0.57755021143405871 1 1220 10 5439 9 4263 4 3774
1752 -0.98083104417751077 -0.68262825284737827 7.9122431986128694 0 0 0 0.72051024008089304 1 4414 10 5564 9 4387
1753 0.32242918092849765 -0.79289508874875836 7.7008325830136908 0 0 0 1.6418076965951114 6 1845 10 5584 1 4434 9 4414
1754 0.30159332423709623 -0.7792343791622377 7.7068380505655165 0 0 0 1.8418967278495781 6 8121 8 2629 10 5595 1 6768 9 6650
1756 -0.6635578206296574 -0.64078689649494414 7.8070517432349087 0 0 0 0.74611962332906867 1 4446 10 5604 9 4434
1759 -0.87945277152048817 -0.64326138750130701 7.9514681388039117 0 0 0 0.49674485742087476 1 4448 10 5614 9 4433
1763 -0.98436286375675441 -0.48339499821005133 7.878255616131054 0 0 0 0.91398251897911209 1 4504 10 5655 9 4497
1766 -0.66600336073600586 -0.48549905312506003 7.7885043544334973 0 0 0 0.76333485560249192 1 6818 10 5662 9 8265
1776 -0.96044164780014474 0.19562990648192932 7.284501505060601 0 0 0 1.9357912775741843 1 1763 10 5901 9 1762 4 1393
1779 -1.0332145107377555 0.2573183170556998 7.3007607499786245 0 0 0 1.2248880835963445 10 5926 9 4778 4 1421
1785 -0.76724610021636941 0.44426249078612035 7.0837454599637493 0 0 0 2.3396369040108653 1 4835 10 6001 9 4830
1786 -0.73720323062695614 0.4750154598642044 7.0560099577478628 0 0 0 2.2694774576046042 1 4864 10 6035 9 4838
1788 -0.55258418284405442 0.54688072122800591 6.8890106901705259 0 0 0 1.5449869629418977 1 4913 10 6069 9 1959
1790 -1.7638890058911265 0.63900713263202635 7.2260951990742672 0 0 0 0.69221821908695291 6 2592 8 1644 10 6072
1791 -0.99789727132249373 0.58264178194726823 7.1820113952457634 0 0 0 0.98430385589863734 10 6077 4 1560
1799 1.2862786759547193 0.65204150193443622 6.5079816270575375 0 0 0 0.79042920591834653 6 2687 10 6198 4 1678 9 2107
1801 -0.13896350117159909 0.78750986627261166 6.8569778566052371 0 0 0 1.0772600442906917 1 5091 6 2703 10 6210 9 4991
1803 -0.7210037123565558 0.86020516946591996 7.0992350388257952 0 0 0 1.1856752343385777 1 5106 10 6235
1804 -0.21903795533228784 0.89463020168284668 6.7544067914715544 0 0 0 1.1744752750783327 1 2255 10 6283 9 2190
1805 -0.7699131905195592 1.1096127564049256 7.0961410765760764 0 0 0 0.80431510820320939 1 2459 10 6395
1817 -1.2912768080132486 -1.4856543116563985 8.1778728893104624 0 0 0 1.0504823310456028 1 6408 10 6737 9 9256
1818 -0.47456590993739461 -1.3705416014512513 7.702020288267696 0 0 0 0.63765425669990017 6 7917 8 3570 10 6745
1820 -1.244908590845746 -1.3296129368733185 8.0813178520778504 0 0 0 0.6329237574449792 1 6430 10 6749 9 8067 4 7278 5 7396 2 1123
1821 -1.1549859513461358 -1.3408968361579565 8.0644267449665232 0 0 0 0.62014569573072109 1 6426 10 6752 9 6384 2 1115
1822 -1.0924847061619931 -1.3053277123309206 8.0255867952455731 0 0 0 0.61995427833149963 1 6435 10 6754 9 8074 4 8632 5 9138 2 1125
1824 -1.0653349404511145 -1.2833028766840096 8.0314074727408897 0 0 0 0.56151856721888282 1 6441 10 6760 9 6394
1831 -1.2671538613134412 -1.0407929901638384 8.0401509500510429 0 0 0 0.97605493979605473 1 6530 10 6808 9 8105 4 7314 5 7447
1832 -1.1712533638142617 -1.0564527588415016 8.065597753733508 0 0 0 0.73896372252199016 1 6547 10 6819 9 8107 5 5045 2 1218
1833 -1.1714612342573469 -1.0567591720699039 8.0662185134101492 0 0 0 0.80662865649210791 1 6548 10 6820 9 8108 5 5046
1834 -1.0072415709436757 -1.0671120621204575 8.0071083854523906 0 0 0 0.35913015984851226 1 6537 10 6821 9 6439 4 7315
1835 -1.5268370783655765 -0.97072681067372957 8.0698537675890272 0 0 0 0.98230384659164094 10 6830 9 8115
1836 -1.2088603735010512 -1.0295383771765707 8.0592003193909001 0 0 0 0.9778749057497359 1 6557 10 6831 9 6450 4 5701 5 955
1837 -1.058666910738856 -1.044931063607782 8.0543718677230398 0 0 0 0.65128365128955723 1 6567 10 6834 9 6457
1839 -1.6898283671769725 -0.80553061192931774 7.8336717101260538 0 0 0 1.3530059327005566 1 4266 10 6843 2 1336
1844 -0.97360434605887947 -0.99509813362145105 8.0054052108604967 0 0 0 0.84916602778685191 1 6602 10 6858 9 6489
1845 -0.96615434192903238 -0.97633176196044957 8.0273826752586235 0 0 0 0.46941869194053604 1 6622 10 6865 9 6502
1846 -1.0914084237545176 -0.9310431582026395 8.0024145283292256 0 0 0 0.61256529992517617 1 6624 10 6868 9 8145 2 1272
1847 -0.66051164585967514 -0.90654457010518374 7.7763554686426906 0 0 0 0.73121399294841527 1 4301 10 6869 9 6519 4 3785
1848 -1.4893005993180006 -0.84369438318804013 8.0165650714041288 0 0 0 0.70430168501657719 1 6635 10 6881 2 1312
1862 -1.1494958481912112 -0.72274085640588781 7.8971384048582687 0 0 0 0.8765062572196527 1 6689 10 6933 9 8179
1863 -1.1177441029765371 -0.72831517106099009 7.9086261731883427 0 0 0 0.77516186675291299 1 6693 10 6938 9 8180 8 2600 5 5156
1866 -0.78778361074468284 -0.73939082262908795 7.8925931747806235 0 0 0 0.55714256808145379 1 6707 10 6951 9 6591
1869 -1.1129393229667401 -0.6684645095509828 7.8879456009212774 0 0 0 0.8863495427874597 1 6716 10 6964 9 8196 4 5797 5 5189
1871 -0.93142153058800481 -0.68862628532165393 7.9092903725439765 0 0 0 0.23681203786540173 1 6738 10 6975 2 1369
1873 -1.3763731491014306 -0.65651101834873382 8.064438506106546 0 0 0 1.859931187758848 1 6749 10 6983 9 6615 5 5181
1879 0.12230573703410215 -0.67799902592665517 7.7070319452855136 0 0 0 1.0283965275053046 8 2654 10 7007 9 6680 5 5232
1884 -0.46721725708981615 -0.36252639700753475 7.3191725243692449 0 0 0 0.58403241805337092 1 6822 10 7036 2 1492
1886 -1.7325026502046335 -0.25515729602628828 7.6336998377812133 0 0 0 1.5811233272247078 1 8431 10 7041 2 3917
1887 -0.051153179846947325 -0.53783691054496907 7.7209130180457217 0 0 0 0.92448188578985058 8 2671 10 7046 9 6716
1889 -1.7641936016996935 -0.22022871556463708 7.6373152341543618 0 0 0 0.85347961093197056 6 5810 10 7051 8 1271
1890 -1.7641936016996935 -0.22022871556463708 7.6373152341543618 0 0 0 0.85347961093197056 6 5811 10 7052 8 1272
1892 -0.48592132880129119 -0.17797293411828416 7.2296691024831707 0 0 0 0.50108595187782845 1 6856 10 7091 2 1563
1897 -0.33492282929461692 -0.18142455146754774 7.2215517900952699 0 0 0 0.55876741871580382 1 6873 10 7137 2 1551
1898 -0.33492282929461692 -0.18142455146754774 7.2215517900952699 0 0 0 0.55876741871580382 1 6874 10 7138 2 1552
1899 -0.97994178767979434 -0.085158837149957825 7.4153262002089511 0 0 0 0.52435525327601895 1 6937 10 7194 2 1609
1906 -0.85187278126199195 0.2096463072570019 7.2106745615690508 0 0 0 1.781941112909694 1 7041 10 7264 9 6895
1910 -0.9969851328881657 0.23999015480369271 7.2965588703015483 0 0 0 1.1217437418529752 1 7062 10 7280 5 5528
1913 -0.87305785511377032 0.28225095349046442 7.2417165547404823 0 0 0 1.9800285371212034 1 8673 10 7292 9 6923 4 6116
1914 -0.72159106794697292 0.28301545342100948 7.1367036009634521 0 0 0 1.7119470749590648 1 7077 10 7294 9 6925
1915 -0.72159106794697292 0.28301545342100948 7.1367036009634521 0 0 0 1.7119470749590648 1 7078 10 7295 9 6926
1919 -0.26964923993899043 0.38288786897958932 6.9807330391492517 0 0 0 0.84502760008982092 1 7109 10 7332 9 6960
1926 -0.81542331744438445 0.48348369873340613 7.1649291858594975 0 0 0 0.15593416452327766 9 7004 4 6200 5 5655
1937 -0.3738106439591925 0.72875506825521796 6.8774692407670877 0 0 0 1.1167985923676629 1 7276 10 7479 5 1997
1938 0.74235641654495399 0.65975628814415377 6.6483369349301924 0 0 0 0.45683303487879168 8 1799 10 7484 6 6225 9 7099 4 4250 5 1995
1939 -0.94659394127677299 0.8244202967089429 7.1081380862367922 0 0 0 1.2826120741264626 10 7493 4 1671
1945 -0.63747868611744518 0.90722971034158795 7.0813743014160515 0 0 0 1.1674963558452607 1 5145 10 7547
1950 -0.72326434238003312 1.0167421038976738 6.9998502875418609 0 0 0 1.8391274897383794 10 7607 4 1783 1 7397
1951 -1.4459267441264456 1.0941163497142932 7.069589073430536 0 0 0 0.22809644761213013 6 6361 10 7627 8 1917
1952 -0.65015226476471399 1.0906556691009268 6.9470288989057787 0 0 0 1.2876449727480117 1 7441 10 7669
1953 -0.62730832082177668 1.1191133473980117 7.0083994856980416 0 0 0 0.89648880259808728 1 7460 10 7684
1968 -1.4116684234347445 -2.0960085434612594 8.3565612167134677 0 0 0 1.0348617670642279 1 6326 10 7878 9 7953 2 877
1972 -1.4008841544904838 -1.9340930559585423 8.3250363627641413 0 0 0 1.0398568137611197 1 8200 10 7890 9 7982 4 7226 5 4926
1973 -1.3215636199215448 -1.8007251579220647 8.3637425137137154 0 0 0 0.78622179538985026 1 9445 10 7904 9 9232 2 3622
1974 -1.7195278235024394 -1.4583420111332983 8.0734237158678521 0 0 0 1.081393110393283 1 9457 10 7912 2 5496
1983 -1.0721388127359486 -1.2381867971217728 8.0075798535573526 0 0 0 0.72155443475824921 1 8276 10 7952 9 8078 4 8640 5 9152 2 5519 6 11004 8 4421
1984 -1.6084662027625043 -1.186643154695235 8.1631407989226226 0 0 0 0.78957003568083672 1 8282 10 7954 2 3741
1985 -1.6133868201236135 -1.1907882234663241 8.1786170882714551 0 0 0 0.95423349674453806 1 8283 10 7955 2 3742 4 7291 5 7417
1986 -1.4002200079900691 -1.1734586523151216 8.0736752626729924 0 0 0 1.0891923641412073 1 8286 10 7959 9 9294
1990 -0.93080607766546208 -1.0611947433584026 7.9313266456475056 0 0 0 0.75123159635466541 1 8311 10 7979 9 9323
1991 -1.2420053634515387 -1.0546674875986317 8.0943609289989826 0 0 0 0.58801254783984336 1 8316 10 7984 9 8106
1993 -1.2611216648405408 -1.005361905083175 8.0698097277253762 0 0 0 0.80047297012534968 1 8331 10 7996 9 8117 2 1247
1995 -1.2258938549483234 -0.99412180981277354 8.0571245265391109 0 0 0 0.89006080165901247 1 6587 10 8001 9 8120 4 7327 2 1251
1996 -1.4402921497334873 -0.93155859013026299 8.0516773823654031 0 0 0 1.3776662917063329 1 8338 10 8007 9 8133 4 7335 5 5077
1997 -1.2745388737128354 -0.95547509266835795 8.0499016643340262 0 0 0 0.9870066228680674 1 6606 10 8009 9 8136 2 1268
1998 -1.1238900429608449 -0.98422236510541838 8.0507676575813107 0 0 0 0.8965786099691927 1 6607 10 8010 9 6486 4 7333 5 7457
2000 -0.66420794655542936 -0.82842576657044731 7.79523622570035 0 0 0 0.74262043317660498 1 8355 10 8036 9 8166 4 7369 5 7487 2 1293
2002 -0.97492693883118198 -0.77980922491270488 7.8877288297714969 0 0 0 0.20769423041643845 1 8359 10 8039 9 8174
2004 -1.6034109664410365 -0.62828512943668446 7.9791975482711255 0 0 0 1.0583867955367885 1 8364 10 8045 2 1398
2009 -1.6090423558398321 -0.58666845888406105 7.9689432652547065 0 0 0 1.0803165218943576 1 6747 10 8059 2 1412
2017 -0.49487686985948798 -0.35956702011148423 7.3293006791763249 0 0 0 0.65381388118031858 1 8433 10 8096 2 3895
2022 -1.7289968291455202 -0.18469582363570416 7.5863949013345531 0 0 0 2.1983524606797902 1 8446 10 8120 2 3925 8 3753 6 9902
2026 -0.61502299971292651 -0.13822203809274219 7.2858626797283268 0 0 0 0.56639455176671027 1 6902 10 8169 9 8327
2027 -1.642441099920521 0.026413215887642501 7.5603431595959938 0 0 0 2.2579121768377872 1 8559 10 8219 2 3995
2029 -0.63066523707152866 0.10249145784055899 7.1364268210272153 0 0 0 0.77134172431605874 1 6995 10 8261 9 6872
2031 -0.56418872276862819 0.17024242428991579 7.0795453852406816 0 0 0 0.74171382306997913 1 8621 10 8291 9 8441
2032 -0.56418872276862819 0.17024242428991579 7.0795453852406816 0 0 0 0.74171382306997913 1 8622 10 8292 9 8442
2037 -1.1132291731996402 0.22438482546096888 7.2871861662769533 0 0 0 1.4494151904970773 1 8648 10 8326
2038 -0.97193502742547777 0.20388816254110356 7.3003090977191132 0 0 0 1.1701719456324073 1 8649 10 8327
2039 -0.70320269936644175 0.20047730139859854 7.1594978588861169 0 0 0 1.3333863876564862 1 7043 10 8330 9 8469
2040 -1.256464152947615 0.2431285096792678 7.3252285726283111 0 0 0 1.7191711299017891 1 8657 10 8332
2041 -1.256464152947615 0.2431285096792678 7.3252285726283111 0 0 0 1.7191711299017891 1 8658 10 8333
2043 -0.80666268050549406 0.20822808470948007 7.2401253529638696 0 0 0 1.461519259600695 1 8662 10 8335 9 8475
2047 -0.60687377211899929 0.28122620154148903 7.122567512986989 0 0 0 0.89968757615132722 1 7079 10 8349 9 6929
2063 -0.82243596433576738 0.38236265576458611 7.1962460010490501 0 0 0 1.9497208499266894 1 8708 10 8395 9 8512
2066 -1.1567402191515037 0.43805655216492262 7.2445470952455784 0 0 0 1.601017026495051 1 8733 10 8406 2 1891
2067 -0.82129583077806023 0.42033525919523529 7.1589602868309621 0 0 0 2.1261341585571483 1 7108 10 8408 9 8533
2069 -0.39206576605606897 0.40897012828437673 6.9762833751346811 0 0 0 0.77624562788009277 1 8748 10 8413 2 4163
2070 -0.51941108573759742 0.41872115507288088 7.0106049827633727 0 0 0 1.079109352711819 1 8747 10 8415 2 4169
2074 -0.91614321547859123 0.5395513821073199 7.1500222389884156 0 0 0 1.3308975759762556 10 8444 9 7011 2 1936
2075 -0.9805147676991891 0.5571172204743392 7.1888991539208158 0 0 0 1.9016295730688981 1 7178 10 8450 5 1850
2076 -0.54586442826761827 0.57543098687407712 6.9580045841426372 0 0 0 1.2307086919589463 1 8775 10 8454 9 8566 4 6212 5 1878
2077 -0.7319879697536944 0.61379238138165604 7.0136326542103147 0 0 0 2.5112709846507992 1 8784 10 8459 9 7043
2079 0.52105997378087787 0.52556551525679496 6.7488122024676462 0 0 0 0.67047568103441046 1 7222 6 8571 8 3094 10 8463 9 7049 4 6216 5 1885
2084 -0.73424661231166666 0.68492259926536736 7.0695062253967249 0 0 0 1.560456040553132 10 8480 9 7068 4 4220
2086 -0.66870082153055899 0.71077701635594825 7.0601338670573419 0 0 0 1.2480661403212612 10 8487 9 8603 4 6234 5 1953
2093 -0.9224373410881378 0.91673819989769068 7.1355204433254373 0 0 0 2.0897427902476724 1 8883 10 8562 4 6270
2095 -1.3927265951081302 1.0200793064286122 7.0939712989883237 0 0 0 0.3940591939297669 8 3185 10 8582 6 6325
2099 -1.507087008919537 1.1291345811029225 7.0139223186735133 0 0 0 0.5146369116144125 6 2843 8 1929 10 8625
2120 -1.6871577618348921 -1.401775523752163 8.0393766079336668 0 0 0 0.94656046139461958 1 9462 10 8841 2 6985
2128 -1.6166315513039307 -1.2476604961211106 8.1784335409361759 0 0 0 0.80001933085712995 1 9492 10 8867 2 5524 4 9474 5 10283
2134 -0.20137729971369994 -1.2275849085988881 7.775899506299627 0 0 0 0.63678550812933776 6 11003 8 4426 10 8885
2137 1.4153883798754872 -1.3277667070670955 7.334800023204993 0 0 0 0.53502065541305754 6 10982 8 4425 10 8888
2148 -1.6107495075435814 -0.53728519675069408 7.9453539376100295 0 0 0 1.1526301617527168 1 8386 10 8955 2 3857
2149 -0.67844596319326078 -0.58455363815327444 7.8163914380933104 0 0 0 1.0073100634759971 1 9582 10 8964 9 9386 5 11172 4 10546
2150 -1.0149526014174777 -0.55801134359249849 7.9199527736611168 0 0 0 1.2763261088665034 1 9583 10 8965 9 9385
2151 -0.66516462735186133 -0.23553303690993443 7.2521094367493282 0 0 0 1.5769575253612651 1 9599 9 9406
2152 -0.69694323503804823 -0.1867854593389596 7.342620931611969 0 0 0 1.8715648895553074 1 9610 9 10167
2153 -0.51083760817438351 -0.13014285279790411 7.2151910481649084 0 0 0 0.38675249795642436 1 9618 10 9000 2 3939
2157 -0.4822787577162127 0.088190768280085763 7.0833092710030598 0 0 0 1.1236331834684481 1 9669 10 9062 9 9461 5 7721 4 8788
2158 -0.48510404913056976 0.099911627267937675 7.0208572421477049 0 0 0 0.9363878800051656 1 9668 10 9063 9 9462
2169 -0.77833221996150226 0.13783857128297416 7.1802182144234132 0 0 0 1.3634048045442217 1 9720 10 9109 9 9499
2170 -0.92611679748158393 0.15696537759520132 7.2217966576011392 0 0 0 2.0287749460977542 1 9727 10 9110 9 9510
2172 -0.53235100613177633 0.14730373102573555 7.1388719850050686 0 0 0 1.1243591275449418 1 10498 10 9120 9 9520
2173 -0.88820517152043199 0.17026479064871017 7.2850368897976994 0 0 0 0.96755422047468043 1 9730 10 9124 2 4059
2176 -0.67087502492408169 0.21878418858608317 7.2052369914580368 0 0 0 1.2133610553558469 1 9743 10 9140 2 4089
2179 -0.81961272922277617 0.28242919710460374 7.1822386024215712 0 0 0 1.6174667260151672 1 9752 10 9149 9 9539
2181 -0.74851253941505391 0.34272419710011914 7.1180174444513344 0 0 0 2.1349610723399945 1 8697 10 9170 9 9547
2197 -1.5495778336632102 0.68029701432869327 7.2565188776185998 0 0 0 0.55207396243267093 8 4009 10 9232 6 10116
2200 -0.65718963570355438 0.67435643436135873 7.0570960684323119 0 0 0 1.0161294027249035 1 9824 10 9246 4 7768 5 7908 2 4254
2201 -0.66161562731513879 0.68366005370145522 7.0564241748281633 0 0 0 1.4288665315332261 10 9247 9 9583 4 7769 9 8592 5 7909
2202 -0.6514996980595763 0.73025942188062598 7.0483819450649179 0 0 0 1.4753009356722224 10 9251 5 7919 1 9835
2203 -0.34073023277066322 0.72684284884030104 6.9433714157433188 0 0 0 0.87807984882093082 1 8834 10 9253 2 2071
2204 -0.33525647239690853 0.7716898534833192 6.9277095392543195 0 0 0 0.78834075684114191 1 9848 10 9260 2 2089
2205 -0.2844394969220293 0.76920394825974714 6.919698038165186 0 0 0 0.76218727081050497 1 8849 10 9261 2 2086
2226 -1.6153645716881844 -2.0709246093931037 8.4834803737953415 0 0 0 1.1923202299620412 1 10289 10 9435 9 10018
2227 -1.4746346755861637 -2.0423139529410665 8.3909193509271152 0 0 0 1.1308535538833329 1 10291 10 9437 4 10087 5 11077 9 10595 2 6902
2237 -1.7729095612074601 -0.9159264899989018 7.8807566918794336 0 0 0 1.5256443354281644 1 10352 10 9499 2 7037
2238 -1.7270579468055083 -0.87183405041844608 7.8702987789617147 0 0 0 1.4960979958525977 1 10359 10 9505 2 5580
2241 -0.47933709746615094 -0.76837766410076769 7.4537183246864336 0 0 0 0.58130494569840763 1 10368 10 9516
2242 -0.47771622536547687 -0.78017888032076832 7.483401213915033 0 0 0 0.7708468690996787 1 10369 10 9517 2 5590
2243 -0.81705679173086965 -0.83657864682549299 7.8411119117890475 0 0 0 0.41761243347190424 1 10371 10 9520 9 10112 4 9536 5 10337 2 7041
2246 -1.3486099780060983 -0.62380304025655064 8.0704742123492306 0 0 0 0.36646402307844178 1 10388 10 9544 2 5634
2247 -0.93596989333283032 -0.58419791841238444 7.8925027184472869 0 0 0 1.1693245476257264 1 9580 10 9550 9 10135
2249 -1.4318686156579961 -0.43905993407639721 8.0595595142696776 0 0 0 1.8641577681383266 1 10410 10 9565 9 10146 5 9258 2 5657 8 5060
2250 -0.50934301580188623 -0.077534969689888975 7.2004220487544384 0 0 0 0.42187768361841504 1 10429 10 9585 2 5721
2251 -0.44720035725116825 -0.084591024748754323 7.1838730776378963 0 0 0 1.2578002561058224 1 11075 10 9586 2 5718
2259 -1.1000964605988073 0.18624039859160402 7.3036235424562106 0 0 0 1.2847533820033679 1 10495 10 9673 2 5805
2260 -0.81324952396932271 0.16061749610243833 7.2554310858453475 0 0 0 0.74452411873269264 1 10496 10 9675 2 5799
2261 -1.1805741435485433 0.20193551918584898 7.3436725025998228 0 0 0 1.5073565999445993 1 10509 10 9678 2 5816
2262 -0.62717885210226043 0.19933092749939477 7.1669550361783738 0 0 0 1.1462703974466744 1 10513 10 9683 9 10277 2 5806
2264 -0.32620220653461257 0.22433795226963496 7.1078023303035289 0 0 0 1.4117967001733096 1 9748 10 9689 2 4093
2266 -0.62965762773606437 0.32654207661456841 7.1129128947142215 0 0 0 1.2408188865001628 1 10518 10 9692 9 10280 2 5845
2267 -0.66357300325203006 0.3333638065851936 7.1283692017025002 0 0 0 1.9010768132037263 1 9762 10 9694 2 4134
2279 -0.99142252978141732 0.4507179770714147 7.2326583171922998 0 0 0 1.3494427463315675 1 10552 10 9727
2280 -0.69916334853944928 0.43990184846745051 7.0621708787865654 0 0 0 1.8997817319687018 1 10555 10 9730 9 10307
2281 -1.4182037562585152 0.49354489016844705 7.2740962052814853 0 0 0 1.7392277374707117 1 10548 10 9733 2 5893
2282 -1.1319920157738763 0.46940068100174598 7.2169920592766417 0 0 0 1.3323678352874915 1 10551 10 9735 2 5883
2283 -0.97078174260975414 0.53141777026013393 7.2002659508141518 0 0 0 1.3688368693905515 10 9738 9 10314 5 9460
2287 -0.63935964314437077 0.64375254123933168 7.0558174063461481 0 0 0 1.3573327453689075 1 10571 10 9756 9 10331 4 8899 5 9490 2 4243
2289 0.0046427160133471887 0.66160677628179554 6.8659570570760984 0 0 0 0.66500124759187695 1 10583 6 11284 8 4713 10 9763 9 9586 2 4253
2290 -0.58973923753412438 0.72400828787902805 7.0234286184735994 0 0 0 1.1131537838597618 1 10586 10 9765 2 4274
2292 -0.66579257631716282 0.80764843704312239 7.0253168030750333 0 0 0 1.0849444945411673 10 9775 9 9594 4 7781 5 7938
2293 -0.12265473545596814 0.80283370970437018 6.8588671892738162 0 0 0 0.88153643221453371 1 10602 6 10164 8 4095 10 9784 9 8633
2294 -1.4176604464530418 0.91298615551577023 7.1351137460366374 0 0 0 0.39759324047419081 8 4739 10 9785 6 11324
2295 -1.1893537821542612 0.91543568192028124 7.1614711044565302 0 0 0 1.2369540061776398 1 10608 6 11326 8 4748 10 9789
2296 -0.59713622892556129 0.88254394404419667 6.97787885577086 0 0 0 1.0811436157666183 1 10613 10 9790 4 8922 5 9525 2 4340
2297 -1.1508635335180328 0.99734383497959112 7.2286825081573109 0 0 0 1.1289936945855834 1 10620 10 9797 2 4363
2300 -0.26060604474026994 1.0713288007832724 6.8297553333202004 0 0 0 0.12298299805678574 1 9901 10 9835 2 4418
2301 -1.0056464187730423 1.1546860507566377 7.3091892607640876 0 0 0 0.46917732006394147 1 10648 10 9841 2 4421
2302 -1.1871167800413549 1.163726171389647 7.2612326042774322 0 0 0 0.70517375026268414 1 10645 10 9842 2 4425
2314 -1.5352392422642553 -1.2390646232399123 8.1373094751008423 0 0 0 1.062906505079267 1 10983 10 9939 2 7939 4 10513 5 11685
2315 -1.320055757742371 -0.95668812424143224 8.0330220774788543 0 0 0 1.0428931551047598 1 10996 10 9944 9 10646 4 10133 5 11134 2 7025
2319 -1.4893322771426039 -0.72291401294031954 7.9971549897494922 0 0 0 0.81056745235198602 1 11017 10 9958 2 7066
2320 -1.3434163368098444 -0.74594025342279369 8.0054621850052232 0 0 0 1.4766626483610323 1 11335 10 9959 9 10957 4 10145 5 11155 2 7061
2324 -1.7065318353057137 -0.36851303206978669 7.6580921557112127 0 0 0 1.6528621540208721 1 11048 10 9989 2 7110
2325 -1.6311369401294895 -0.43861760864568916 7.9013794553357526 0 0 0 1.1908435967672264 1 11052 10 9992 2 8037
2326 -0.96530910296921035 -0.43111593883643878 7.8733977948229876 0 0 0 0.80395427411386089 1 11059 10 10001 9 10691
2329 -0.57106188245540646 0.11567057159540793 7.0055717449425812 0 0 0 1.2291103736277116 1 11079 10 10027 9 10718
2330 -0.66743308493763953 0.15490527739099905 7.2369217014238174 0 0 0 0.85988813045579582 1 11090 10 10042 2 7203
2333 -1.062596894760971 0.22822127135709327 7.2998993240755556 0 0 0 1.0162330598487859 1 11094 10 10045 2 7218
2340 -1.4575187370923466 0.5887290219860607 7.2564199682462043 0 0 0 2.2444025390086431 1 11114 10 10060 2 5923
2344 -0.22533743883469823 0.52511047884351592 6.94682245634512 0 0 0 0.7613267393110571 1 11118 10 10066 4 9670 9 10318 5 10471 2 7282
2345 -0.62658339309251077 0.56402194339381762 7.0572687272130858 0 0 0 1.798861621775856 1 9806 10 10068 9 10322 5 10472
2355 -0.49708831115835223 0.68546261689175336 6.9172748732537626 0 0 0 1.0087030345045813 1 11137 10 10090 2 7310
2356 -0.46190534661198152 0.73050994011308512 6.8912034974366883 0 0 0 1.3003240706230956 1 10589 10 10094 9 10339 4 9692 5 9505
2362 -0.22404907333322049 1.0920050381943003 6.8162486573739738 0 0 0 0.54664323152383676 1 10654 10 10135 2 6069
2367 -1.3373633181207591 -1.9816378476216598 8.3663365893051012 0 0 0 0.91373467834243272 1 11309 10 10180 9 11093 2 8614
2370 -1.1900369396627537 -1.3825361607562554 8.0495811693793797 0 0 0 1.6515429029223296 1 11507 10 10194 2 9120
2373 -1.342241294027388 -1.0540005303667503 8.0547101771735381 0 0 0 0.73636586539381055 1 11323 10 10198 5 11692 6 12955 8 5652 2 8657
2374 -0.84357211733896986 -1.0718057559847509 7.8818328412793353 0 0 0 1.5817678004391367 1 11324 10 10200 2 8653 8 5653
2375 -1.4607497331623289 -0.90164150247484831 8.0024379633177336 0 0 0 1.2231541812775486 1 11326 10 10202 2 8667
2376 -0.46941340695716277 0.16074009310009121 7.1090143760453781 0 0 0 0.32339323402056036 1 11365 10 10241 2 8086
2378 -0.77288066073554473 0.27166147869047153 7.2032771063884589 0 0 0 0.76293415840694612 1 11101 10 10250 2 7230
2380 0.61970346436419577 0.20494560320899186 6.8460651766564951 0 0 0 1.2054797436268465 1 11383 8 5714 10 10253 6 13006 5 11224 2 8093
2381 -1.1978822121084245 0.34173464368846918 7.2686438139294678 0 0 0 1.6184176919662396 1 11103 10 10255 2 7240
2382 -1.2146056845036479 0.34469827874239117 7.3179956621796123 0 0 0 1.562303808639701 10 10256 5 11222 2 7241 4 10583
2394 -1.4449587860402575 -1.3492221407328984 8.1092280995735067 0 0 0 1.1312242126325998 1 11506 10 10345 2 9131
2398 -0.97631678003985312 -1.2684446927839159 7.9938200937634107 0 0 0 1.1158545337033188 1 11513 10 10350 9 11193
2399 -1.4113550671234303 -0.79492090727202713 7.9689566528862139 0 0 0 1.0180928694753986 1 11519 10 10355 2 8674
2400 -0.73192112662330022 -0.8457312155305422 7.8139623072797342 0 0 0 0.46649421178478551 1 11520 10 10356 9 11112 4 10979 5 12077 2 8668
2402 -0.96547746896852316 -0.56977878880756005 7.8910142393925868 0 0 0 0.53878730689678989 1 11344 10 10360 9 11116 2 8683
2403 -0.4840558484101819 -0.094661462876361999 7.1790344618145507 0 0 0 0.75049573730565167 1 11526 10 10369 2 9176
2405 -0.62755773494834233 0.48285701957130683 7.0277396049664489 0 0 0 0.34322851221976114 1 11646 10 10382 2 9202
2409 -0.67912107114653208 1.0282767383732632 6.9635539669665727 0 0 0 1.5224648467399551 1 11415 10 10399 4 10269 5 11289 2 8195
2414 -1.7725820406753934 -0.77416197302865797 7.8805250830567122 0 0 0 1.9208126997106696 1 11627 10 10428 2 9484
2416 -1.3392863655140177 -0.85914478412774453 7.9901147264061354 0 0 0 0.56116973295599781 1 11629 10 10431 2 9479
2422 -0.76086814656041002 0.49037489111357185 7.0705071145568361 0 0 0 0.81426695371258928 1 11645 10 10448 2 9201
2425 -0.7827086652408467 0.93398676860775143 6.9926813209482779 0 0 0 1.769890301335197 1 11540 10 10454 2 8180
2426 -1.3642993383359827 -1.1967409934177631 8.0706066004421437 0 0 0 0.78212315088326345 1 11620 10 10492 2 9688
2427 -1.3642993383359827 -1.1967409934177631 8.0706066004421437 0 0 0 0.78212315088326345 1 11621 10 10493 2 9689
2431 -1.5016916763202515 -3.5357226615733444 9.0584890034036523 0 0 0 0.038200137865880238 10 3112 9 282
2432 -1.1303414731223536 -3.1202224461816987 8.6855823842867927 0 0 0 0.26877224687116652 10 3136 9 3688
2433 -1.127146731122159 -2.9522629089921661 8.6228750542395201 0 0 0 0.19681162264151913 10 3153 9 3702
2434 -1.1365557038707153 -2.9022923394055327 8.6585009268503423 0 0 0 1.8942155874432665 1 533 10 3169 9 3719
2435 -1.1365557038707153 -2.9022923394055327 8.6585009268503423 0 0 0 1.8942155874432665 1 534 10 3170 9 3720
2436 -0.75383667452306469 -1.0182705937930971 7.8472976689047682 0 0 0 0.67595924224518866 1 1199 10 3681 9 1157
2437 -0.4490329242770687 -2.1225028885819159 7.930076540688586 0 0 0 1.9351086998999969 1 3956 10 5190 9 3905
2438 -0.52436764213457931 -2.1126696404054921 7.9517997223190067 0 0 0 1.8360927522017165 1 3960 10 5197 9 3908
2439 -1.2632889293247906 -1.9928066790237098 8.3048756198338332 0 0 0 0.98122914433236408 1 3998 10 5233 9 6293
2440 -0.88742177213692075 -1.8909751156695498 8.2660270726570975 0 0 0 1.2958105002263096 1 4022 10 5250 9 6322
2441 -0.67265580206452991 -1.3747847749870887 7.916187712447913 0 0 0 1.0143251911741777 1 4122 10 5349 9 4116 5 869
2442 -1.1298690521221031 -2.1346974451763332 8.2973113195160924 0 0 0 1.2543722163765696 1 6323 10 6666 9 7951
2443 -0.80946263333392632 -2.0412258719685146 8.2954416983412536 0 0 0 1.597683837363489 1 8201 10 6688 9 6305
2444 -0.40009500583109792 -1.4486897102325074 7.6911362621684534 0 0 0 1.2288061425703598 1 6399 10 6726 2 3664
2445 -0.80747193773243642 -1.4243317047354833 8.0213563823809064 0 0 0 1.2641964095055862 1 6422 10 6746 9 8057
2446 -0.75325221007503318 -0.98730582034000636 7.8535535353882073 0 0 0 0.56371097505003398 1 6596 10 6847 9 6490 4 5732 5 1007
2447 -1.1962261263120288 0.75061519391334675 7.1603078458919454 0 0 0 1.1490677994267615 1 7262 10 7468 8 1713 6 6220
2450 -0.84139608080318429 -2.0090517488615087 8.2084541186938811 0 0 0 1.4878120973851592 1 8194 10 7886 9 7980
2451 -0.83985066950159215 -1.3642637565500302 7.9641425691310674 0 0 0 0.53471004234592934 1 8258 10 7933 9 8072 4 7280 5 7398 2 3697
2452 -0.90981913329923658 -1.3233328509738345 7.9862562555639602 0 0 0 1.0837152288826128 1 8265 10 7936 2 3709
2453 -0.68828178553471775 -1.2866594802972626 7.8974381442950872 0 0 0 0.89242227988816458 1 8274 10 7949 4 8638 5 7409 2 3712
2454 -0.92553063476061248 -2.2677402213522599 8.2508390761831478 0 0 0 1.1465743705820313 1 9395 10 8771 2 6862
2455 -0.9898381291769196 -2.2189482727809784 8.3224617170930557 0 0 0 1.5466827276700472 1 9400 10 8781 9 10573
2456 -0.91174199017099367 -2.0878586449847467 8.1820473200624768 0 0 0 1.4928931199191169 1 8175 10 8791 9 10023
2457 -1.0462426101252742 -2.1149011626421745 8.3070697738658339 0 0 0 1.0662284021349355 1 9413 10 8795 9 10022
2458 -1.3245479208321997 -2.0719067204054156 8.3520509228760815 0 0 0 0.4258409014478769 1 9411 10 8798 9 10020 2 5423
2459 -0.75411671638879263 -1.8322398419124823 8.1952090444310812 0 0 0 1.3005047941188785 1 9448 10 8830 9 10043 4 8565 2 3595
2460 -0.75560187556727232 -1.8424122287612985 8.2180987948131108 0 0 0 1.2740022237534467 1 9449 10 8831 9 10042 2 3594
2461 -0.64460769353309866 -1.345421908789199 7.92821628653786 0 0 0 1.1599553918253982 1 9487 10 8864 9 10065
2462 -0.72963202645502268 -1.2216879578121069 7.9051716381398442 0 0 0 0.74417213449471942 1 9500 10 8875 9 10078 4 9494 5 10302
2463 -0.71989165202233885 -1.138949517604354 7.8549565124938487 0 0 0 0.82446109488632979 1 9515 10 8892 9 10084 5 9176
2464 -0.67251330683419008 -1.1265857989878121 7.8602897979314292 0 0 0 0.89216561147221396 1 9519 10 8896 4 9505 5 10311 9 10088
2465 -0.66305976972305936 -1.0225014664307173 7.820268786765884 0 0 0 1.5456581124513253 1 9525 10 8904 9 10098
2467 -1.2791369292166688 -2.2532535454146903 8.3499600195135368 0 0 0 1.1100304529607299 1 10255 10 9409 9 10564 5 11054 2 6869
2469 -0.70141068274977614 -2.1305576308165857 8.1585139406577447 0 0 0 0.65094640610586263 10 9427 9 10014 4 10091
2470 -0.70110286245783615 -2.1302702123816841 8.1569738331374246 0 0 0 0.59935151180362067 10 9428 9 10015 4 10092 5 10217 2 5410
2471 -1.2613606740790491 -2.0740031716650984 8.3187064740939594 0 0 0 0.80017673613502616 1 10286 10 9429 9 10593 4 10084 5 11074 2 6893
2472 -0.97610631953971094 -2.102194385349883 8.2365290851012656 0 0 0 1.121546394942762 1 10282 10 9430 9 10587 4 10090 5 11075 2 6886 6 11925 8 4951
2473 -0.62157603964160546 -2.0984929958301279 8.1319881088305923 0 0 0 0.65774072421366558 10 9432 9 10930 2 7857
2474 -1.2027784880510701 -2.1157806665464163 8.3932969178165031 0 0 0 1.2146256511873363 1 10292 10 9439 9 10025
2475 -0.69490926579437085 -1.3162860518719712 7.9122250476937097 0 0 0 1.0414049551496263 1 10342 10 9487 9 10635 4 10515 5 11113 2 7919
2476 -0.69639158983592919 -1.3254675508154832 7.9363360162560292 0 0 0 1.3322346353037788 1 10343 10 9488 9 10636
2477 -0.77463883461581784 -1.1265564827862173 7.8807956207337249 0 0 0 0.65260137733525569 1 10349 10 9498 9 10640 4 10126 5 10307 2 7003
2478 -0.64568232462250896 -0.75671592418520095 7.7819926765471212 0 0 0 1.1558998763986981 1 10381 10 9531 9 10123
2479 -0.41585795402766262 -2.3460260045313146 7.9760910183205143 0 0 0 1.4381896801283622 1 10925 10 9890 2 7831
2480 -1.1189702493123828 -2.12184962232394 8.2760827375531623 0 0 0 1.5393298669326603 1 10935 10 9901 9 10926 5 12039 4 10755 2 8599
2481 -0.80322489482456538 -1.3118845875948666 7.9435226510196246 0 0 0 0.63663201127147406 1 10982 10 9938 9 10951 4 10514 2 7921
2482 -1.4030818989321867 -2.0869715682275896 8.3570175213992357 0 0 0 0.8061289935645618 1 11303 10 10172 9 11091 5 12037 2 8605
2483 -0.84959073649109385 -2.1432136035080638 8.2218512155270833 0 0 0 1.9015419179294113 1 11302 10 10174 5 12040
2484 -0.90179714530942268 -2.0205523239353602 8.2352614922784326 0 0 0 1.0400995026526509 10 10179 9 11094 4 10756 5 12042 2 8607
2485 -0.71954744629589151 -1.9211723827882075 8.1920915710727655 0 0 0 1.608847189126505 1 11312 10 10184 9 10937 2 7880
2486 -0.46689889158759079 -1.4979832736364387 7.7073093823986865 0 0 0 1.1481305836456079 1 11497 10 10335 2 9108
2487 -0.90368987707124593 -1.4000152371643548 7.9772037168234675 0 0 0 0.5602591632414532 10 10346 9 11100 4 10965 5 12293 2 9117
2488 -1.0633093620099703 -2.1529855124927191 8.2619969120639389 0 0 0 0.70482306276476481 10 529 9 668 5 617
2489 2.3812373304050052 -2.4013014529984882 7.2558204734591216 0 0 0 0.56351428979436258 10 460 9 671 5 661 4 3591
2490 1.9487814897912628 -2.3958756792378528 7.4733060774266367 0 0 0 1.242730808767468 1 760 9 692 4 3580 5 644
2491 1.9450903807866113 -2.3915963750158173 7.4668110782736932 0 0 0 1.4970451037300556 1 761 9 693 4 3581
2492 1.7389890073497989 -2.3607935403338622 7.5043523259465701 0 0 0 1.4776937424389913 1 763 10 3306 9 694
2493 0.031972097903629794 -2.2131341027733256 7.9726537386321059 0 0 0 0.52702068230522869 10 3329 9 699
2494 2.133856921052625 -2.2436284203478207 7.4149853348764063 0 0 0 0.21898353432557296 10 3347 9 773 4 650
2495 2.133856921052625 -2.2436284203478207 7.4149853348764063 0 0 0 0.21898353432557296 10 3346 9 774 4 651
2496 1.5942778176058034 -2.1769307867004128 7.6408361940090073 0 0 0 0.22045679702012463 10 613 9 798 5 722
2497 1.9417154097324238 -1.6655237880036102 7.2300107263926963 0 0 0 1.2745809261798746 10 776 9 962 1 927
2498 -0.66745294132721267 -1.3388637155895273 7.9113897456999469 0 0 0 0.23396575875686323 10 3577 9 1012 4 831
2499 0.35217575816214536 -1.4354846277039339 7.6654499100604916 0 0 0 0.85025226639951013 9 1014 10 3571
2500 0.48398356453264368 -1.4391289209475251 7.6485001610105243 0 0 0 2.0336504260804182 1 1039 9 1025 10 3578
2501 -1.3036653537519987 -1.2535691255200327 8.0732477653454318 0 0 0 0.72055478831326603 10 903 9 1028 4 840
2502 1.3648460287190141 -1.4917881788840608 7.3936229539115796 0 0 0 0.89678585328469473 1 1045 6 1407 9 1044
2503 -1.3474691156824139 -1.2343070658916304 8.0857220075677176 0 0 0 0.86863607181876967 1 1061 9 1046 4 851
2504 2.1783729650522803 -1.3733812002276671 6.9719249530656668 0 0 0 2.2363268736471085 1 6463 9 1090
2505 -0.85689040224420931 -1.062799550506548 7.9048945181305417 0 0 0 0.8042732756991765 1 1171 9 1135 4 922
2506 1.5409423310677579 -1.2825423640694846 7.3002294150881388 0 0 0 0.1648410728130382 1 1160 9 1137 4 942
2507 1.4257144922653835 -1.2539600789834102 7.3064779981740164 0 0 0 0.55871222332013593 1 1164 9 1145 10 1018
2508 1.5408899623104093 -1.2724975574521222 7.3198787273744426 0 0 0 0.49065853269469278 10 3659 9 1146 1 1170
2509 0.88035310518376964 -1.199105852667339 7.4672434006732233 0 0 0 1.2510152723729571 1 1177 9 1150 10 1031 4 947
2510 1.8216695941627896 -1.2231246208105793 7.2899667771646754 0 0 0 0.82095724180473562 10 3695 9 1185 1 1222
2511 -0.64850533327279436 -0.84330070991824635 7.7772015725653736 0 0 0 1.037855249195953 1 1276 9 1221 4 3800
2512 -1.0757382753445563 -0.67528965391907103 7.8766959063635014 0 0 0 0.71289675906136141 10 3766 9 1270 4 3838 5 1163
2513 -0.038626263951251134 -0.66602658193964859 7.7314286609419085 0 0 0 1.9524173652421013 10 3840 9 1337 1 1423
2514 0.99416370911677387 -0.6630109417712251 7.3716299649381307 0 0 0 0.89092556896877007 1 1451 9 1380 10 3855
2515 -0.079097759989439867 -0.55397528073430724 7.7199628640384867 0 0 0 1.7658789952321037 1 1479 10 3895 9 1395
2517 0.88951009652876256 -0.63364988961438184 7.5165491466492051 0 0 0 1.2146837159519606 1 1484 10 3903 9 1414
2518 1.7298273034304406 -0.66242257669956939 7.1472823614084398 0 0 0 1.1548033155723842 1 1485 10 3890 9 1421 4 1147
2519 1.0207467663089178 -0.591815812105283 7.2912343058221332 0 0 0 0.69087147843354924 1 1481 10 3894 9 1423
2521 2.1479956228337791 -0.69892385081253883 7.0994526346544662 0 0 0 0.4418635732784697 10 5673 9 1440 4 1150
2522 2.1729398783646539 -0.63224831606671217 7.0614347693124904 0 0 0 0.11707063295245268 10 3947 9 1483
2523 1.014255796431216 -0.5030576161359237 7.2427647204200483 0 0 0 0.37085235802099775 10 3950 9 1492 4 1182
2525 0.88060508724981224 -0.26601520901351827 6.9514040200029328 0 0 0 0.44185466528118256 1 1650 10 4048 9 1635
2526 0.57197537367961504 0.063129691076438552 6.9034915680938873 0 0 0 0.58617186693847301 1 1767 9 1764 10 4159
2527 0.35365877140149532 0.14014138852453542 6.9533661214028895 0 0 0 1.0162119684359925 1 1801 10 4199 9 1777
2528 0.032348512161392534 0.17229608722625891 7.0046623359729248 0 0 0 1.1304778120246273 1 1799 9 1779 10 1811
2529 0.74312551133060645 0.29736288254792564 6.7846486816890517 0 0 0 0.70529703502763763 1 1883 9 1841 10 4295
2530 1.8859832326769812 0.33558948418333118 6.4248695906955238 0 0 0 0.23921946465374599 10 4354 9 1967
2531 1.6385680750916993 0.36103616917867415 6.4886406231840814 0 0 0 0.059977102005990955 10 4356 9 1969
2532 1.708959126948949 0.35521667452626882 6.4717483255246364 0 0 0 0.19237532420855089 10 4357 9 1970
2533 1.708959126948949 0.35521667452626882 6.4717483255246364 0 0 0 0.19237532420855089 10 4358 9 1971
2535 -0.22267620665074966 0.54652092360811555 6.8932859616457369 0 0 0 0.85754768730038855 1 1983 10 4369 9 1977
2536 0.53606041087645317 0.49495555567493682 6.7972861107677165 0 0 0 0.35101261594269356 1 1995 10 4376 9 1980
2537 -0.24931768095050774 0.57317751157838925 6.9052432205076837 0 0 0 0.1540339180827916 10 4383 9 1983
2538 1.1264566794959603 0.45937731654641295 6.5556327787517414 0 0 0 2.051767460832183 1 4955 9 1991 10 4378
2539 1.6223098576048722 0.41154818411824085 6.4811801735811772 0 0 0 0.33056590682084336 10 4386 9 1993 4 1584
2540 0.075350595184668384 0.56110786925997613 6.866581074930485 0 0 0 0.66923236277145726 1 2014 10 2123 9 1996
2541 0.96598910331018861 0.48190867542539639 6.6704205217064505 0 0 0 0.96293200004126589 10 6087 9 1998 1 4964 4 1588
2543 1.671221147858899 0.45317727872765129 6.4434258335093002 0 0 0 0.0032304982537144479 10 7444 9 2014
2544 0.94503544547424423 0.60015762195447764 6.6230107676909569 0 0 0 1.3733561766317264 1 5027 10 4464 9 2061
2545 0.90793163152122114 0.69776769129915128 6.5849571011184143 0 0 0 2.1019216766217244 1 2166 10 4527 9 2116
2546 0.9217937903892176 0.73230495159291664 6.5819148019882503 0 0 0 2.0989922668824996 1 5119 10 6231 9 2135
2548 0.34486854593291572 1.0502754799470473 6.9525689729400471 0 0 0 0.85396906830716046 1 5287 9 2304 10 6408
2550 0.23171048845488112 1.1341214839675111 6.8740833395751011 0 0 0 1.339252486391838 1 5363 10 4959 9 2369
2554 -0.71542982302039437 -4.5182113881716557 8.9463256723882445 0 0 0 0.31337422311824303 9 3475 10 3021
2555 -0.71542982302039371 -4.518211388171661 8.9463256723882516 0 0 0 0.3133742231181938 10 3022 9 3476
2556 -1.2990495289327804 -4.236832919957056 9.080047285283678 0 0 0 0.10019570571760816 10 3059 9 3524
2557 -0.81225714852412123 -4.2614609794191631 8.9262521452459325 0 0 0 0.31039316210429557 9 3528 10 3057
2558 1.4840581399843193 -4.4578204107842412 8.381125721836117 0 0 0 0.45474960329966785 10 3050 9 3541 4 7022 5 7098
2560 1.983386715913906 -4.4959467547904097 8.2593414594551344 0 0 0 0.71298724842500782 9 3545 4 5230 2 158
2561 2.0107646143023405 -4.4619760723192368 8.2278283878624379 0 0 0 0.95189666694294495 10 3055 9 3551
2562 1.7306382531785676 -3.5071650880356793 8.0357745219288041 0 0 0 0.53924964804069031 9 3672 5 337 4 5319 2 333
2563 0.28796014892501637 -2.4213006414683065 7.9442562404021873 0 0 0 0.61564479270926642 10 5170 9 3872
2564 -0.18521382516708729 -2.3261044006583416 8.0372592596932471 0 0 0 0.54944480269202123 9 3877 10 5176 4 5515 5 4841
2565 0.45012804294135256 -2.3807499224079711 7.9224169881481936 0 0 0 0.58538451601619013 10 5179 9 3883
2567 1.0493935172885671 -2.2849286574198233 7.5685315796920785 0 0 0 1.8452520523202771 1 725 9 3900 10 3286
2568 1.051123401850772 -2.2340552762744337 7.5500360198594416 0 0 0 0.32504454325354226 10 5194 9 3941
2569 2.2252924706671533 -2.245947225457448 7.4442341823106313 0 0 0 0.44944100459316699 10 3363 9 3990
2570 2.1426383040061943 -1.8547784850739393 7.304928085003132 0 0 0 0.23443426682372601 10 5268 9 4056
2571 -1.0894342722348402 -1.3405177877734717 8.0304385666362013 0 0 0 0.6757421969848435 1 6427 9 4112 5 867
2572 -1.4149427547477724 -1.3075159524967994 8.1171535320176549 0 0 0 0.60210933220866425 10 5351 9 4114 4 5656 5 871
2573 -1.1217024807428961 -1.3358050975801932 8.0387336374134826 0 0 0 0.57029855031480792 10 5350 9 4115 4 5657
2574 0.78418742704712407 -1.4632225491756234 7.5593605440414393 0 0 0 1.6016541783675848 1 4132 9 4130 4 3690 5 5003
2575 0.78418742704712407 -1.4632225491756234 7.5593605440414393 0 0 0 1.6016541783675848 1 4133 9 4131 4 3691 5 5004
2576 -1.0953539793810541 -1.2715761027341119 8.0170634159196421 0 0 0 0.52861029891360456 1 4142 9 4133 5 5006
2577 0.69620345018293328 -1.3738241306801271 7.5718798443356636 0 0 0 1.8821047214241453 1 1073 9 4154 10 3597
2578 1.6776967399854568 -1.3924817674669199 7.274996374805637 0 0 0 0.31943577029676518 1 4174 9 4179 4 3726 5 925
2579 1.9771481492262355 -1.4192162462017333 7.2040982392365533 0 0 0 0.68228531329702069 10 3604 9 4180 4 5690
2580 -0.95413421184224079 -1.144016612236868 7.9366916968829724 0 0 0 0.19411764839062859 10 5380 9 4181 4 3713
2581 -0.16867369000116775 -1.1329354048767932 7.7281942730471558 0 0 0 2.1230616419671877 1 4207 10 5394 9 4223
2582 1.5059372273803691 -1.2815242349288822 7.3048505758028179 0 0 0 0.39387693235163823 1 1156 9 4225 4 941
2583 1.7628580693955409 -1.1234376649893638 7.2564884138001835 0 0 0 0.87503306420867788 1 4315 10 5471 9 4310 4 3794
2584 1.9084622432723366 -1.1220887227515739 7.1897069675962735 0 0 0 1.8382909688571585 1 4317 9 4311 10 3720
2585 1.0778867460586399 -0.91213724834096388 7.0429603591422829 0 0 0 0.6831195741904853 1 1266 9 4331 10 3715
2586 -1.4755949338734289 -0.73599744449025262 8.0063863810500013 0 0 0 0.1005582792887806 9 4337 4 5775
2587 2.1279481549008836 -1.026108802949985 6.9775336736024824 0 0 0 2.4526448441181339 1 4345 9 4344
2588 1.8824012985598253 -1.022551938789094 7.1565767103368634 0 0 0 1.2284330791197857 1 4355 10 5511 9 4355 4 3825
2589 2.2078753557695165 -1.0188742793721948 7.0195622136687659 0 0 0 0.39760047485986882 10 5512 9 4361 4 3837 5 1121
2590 0.17557892320818833 -0.88674619814970301 7.7469638985472997 0 0 0 2.0545052164622657 1 4375 10 5531 9 4363
2591 1.847283959923286 -0.99400711270622366 7.1563696495160318 0 0 0 1.095275960547212 1 4367 10 5515 9 4364 4 5790 5 5151
2593 1.4859649701053013 -0.83250822217682352 7.3522201152299766 0 0 0 0.24307136706629298 1 1396 10 5607 9 4454
2594 0.66946134268714153 -0.74166714989571869 7.6012144048469716 0 0 0 1.4422382676513561 1 4464 10 5629 9 4466
2595 0.88154579370768904 -0.68967209763143533 7.5118741703952425 0 0 0 1.0701916446767314 1 4490 10 5650 9 4492 5 1236
2596 -0.97329448150742015 -0.47145313421323137 7.9078583950843253 0 0 0 0.85468000225225405 10 5661 9 4502 4 1105
2597 2.1409372437180711 -0.73089571621308502 7.1008322479643429 0 0 0 0.49509807975395664 10 5657 9 4506 4 3897
2598 0.65920033735735473 -0.64385594227125897 7.6678679966012275 0 0 0 1.4571878314196356 1 4515 10 5671
2599 1.7309476336234104 -0.64158256873266739 7.1416573694531476 0 0 0 1.4087899330574143 1 4530 10 5674 9 4519
2600 0.85874214823532691 -0.57496122000848149 7.506184197698059 0 0 0 0.95395746703050233 10 5691 9 4525 1 4547 2 1382
2601 2.2393520285105875 -0.64951851186056042 6.9356119076011735 0 0 0 0.27728425355259967 10 5677 9 4528
2602 0.018050511269642869 -0.47285946521493433 7.6703031349792008 0 0 0 0.85101048654521527 6 1995 9 4532 8 1254 5 1297
2603 2.1485064077699261 -0.66827973459244994 7.1517412275795911 0 0 0 0.12347948125292157 10 5692 9 4534
2604 -0.96043796049905894 -0.1085137467335244 7.3946436125689052 0 0 0 1.5389563707253764 1 4643 10 5778 9 4611
2605 1.3916893332235449 -0.064302127517968308 6.6766455114187098 0 0 0 1.6533594624930796 1 4735 10 5866 9 4746
2606 1.0467223721857823 0.0082239988369487479 6.7662989187419766 0 0 0 0.86627347871795302 1 4753 9 4761 4 4091
2607 0.26553744546547314 0.15551829642746687 6.9489220177452111 0 0 0 0.98066727329334724 1 7071 10 7283 9 4785 5 1664
2608 1.4885910713261166 0.058359129295412725 6.5903599245976991 0 0 0 2.0682530179675087 1 4787 9 4790 10 5922
2609 0.86495941734973436 0.25635587872823568 6.7624266318090571 0 0 0 0.63728922950412181 1 4815 10 5964 9 4806 5 1733
2611 0.7267457006109197 0.29572613207962517 6.7831268810990766 0 0 0 0.65437254970770353 1 4826 10 5983 9 4817
2612 0.92234695103304465 0.27726017282297238 6.7351432954388946 0 0 0 1.0419855342218933 1 4827 9 4818 10 5982
2613 0.30042903105261665 0.33528695556628663 6.8809473388244093 0 0 0 0.53216090268891458 10 7335 9 4819 1 7116
2614 0.52131889672561926 0.43044150640890694 6.8031194847989029 0 0 0 1.4189730939025418 1 4903 9 4865 4 1541
2615 1.7424678395332207 0.31400494748534979 6.4769982859433268 0 0 0 0.18560815455439084 9 4868 4 1534
2616 0.63632013266590415 0.4339326603174537 6.7776169177108629 0 0 0 0.71426541404574928 1 1958 9 4874 4 1554
2618 -0.84693577339639492 0.61958488035191706 7.1175628916808513 0 0 0 0.9381014888062208 9 4888 4 4206
2619 0.037182891620988798 0.59794557375558277 6.8297581550447761 0 0 0 0.72341294210790208 1 7230 10 7440 9 4910
2620 -0.46284673998497128 0.64867471694710388 6.9177388977738952 0 0 0 0.92308512625436734 10 6102 9 4913 4 1608
2621 0.58574128564873518 0.56097961492821946 6.7516646178554991 0 0 0 0.50859646435577899 1 4989 10 6112 9 4916
2622 1.9013503507967344 0.44322366482927605 6.4009488897337166 0 0 0 0.95940866381450229 8 1748 9 4922 5 1902 10 6109
2623 0.66762084636209462 0.57680887937739234 6.7150765568689197 0 0 0 0.56488771278085004 1 7256 10 7455 9 4929 4 1617
2624 1.5926144403025693 0.50459262143603512 6.4652225174709663 0 0 0 0.36149593716755579 10 8482 9 4936 4 1627 2 1944
2626 1.300896611808533 0.55008586400294313 6.5382287771294445 0 0 0 0.60394977725121779 8 1772 9 4944 4 1638
2627 -0.063181404781926867 0.69298215377648265 6.8448219031313151 0 0 0 0.90834913090125491 1 5026 9 4951 4 1652
2629 1.4161016180154977 0.60565292030592488 6.4814470402198081 0 0 0 0.9396451513791052 6 2660 9 4974 10 6171
2630 1.4383571322372894 0.63998385550735193 6.4660332443144659 0 0 0 0.19874521980288756 10 7501 9 4987
2631 0.88119884303537721 0.78134734082931856 6.564802421856494 0 0 0 2.1434376717524848 1 5155 10 7539 9 5029
2632 0.88119884303537721 0.78134734082931856 6.564802421856494 0 0 0 2.1434376717524848 1 5156 10 7540 9 5030
2633 0.92694521936861496 0.80390804628454693 6.568893240037637 0 0 0 0.32889450573348694 10 7556 9 5040 4 1735
2635 0.91634770720642233 0.8257544947257166 6.5780152547559503 0 0 0 1.9086081322644735 1 5181 10 7561 9 5046 4 1740
2636 0.44080626625593433 1.058889375444301 6.9377353495842842 0 0 0 1.4053977357598242 1 5307 10 6429 9 5131
2637 0.35677182566341287 1.0783189902528634 7.0047489805404624 0 0 0 0.9570074685231601 1 7474 10 7710 9 5138
2645 0.99490471999626795 1.4972570591737862 6.2907660756629689 0 0 0 0.13337454470092286 9 5496 4 2281
2646 0.75685273872658021 1.7197388062747752 6.9804487211049402 0 0 0 0.25390397559032274 1 9154 4 4617
2648 -1.690663719715189 -4.4837400323902541 9.2598421389331609 0 0 0 0.41964611324434176 10 5015 9 5988
2649 1.4180165570275172 -4.1674314214223793 8.4064981068761551 0 0 0 0.26814026367169363 10 5059 9 6062
2650 -0.76247709966284682 -3.9510078105939939 8.9529267823116001 0 0 0 0.76320340237069351 10 5063 9 6063 2 348
2651 2.0614344876797048 -4.078887466638367 8.1109082497812377 0 0 0 2.5183220279249992 1 6175 6 7354 8 2060
2652 2.2637651720860696 -2.6949042769448814 6.965207278542394 0 0 0 2.0107667662151734 1 3824 9 6128
2653 2.0081145619128491 -2.5695174372575211 7.4612773286931429 0 0 0 2.0485716959546787 1 3906 9 6210 4 5521
2654 2.1959159814927585 -2.4171284957352404 7.417726429615807 0 0 0 0.051568013804241558 10 6646 9 6256
2655 2.1032271397174389 -2.3198210701402449 7.2520280571534421 0 0 0 0.5195128385308575 1 6306 9 6257
2656 0.057012324326541575 -2.2105475897655711 7.980942621015803 0 0 0 0.58897476463169629 9 6264 10 5214
2657 1.0455275148045444 -2.2039714589144141 7.5407214335984296 0 0 0 1.4997734882499829 1 6317 9 6274 4 7231 5 7318
2658 1.0469948227775359 -2.2046980451328446 7.543301974179017 0 0 0 1.3132754052078268 1 6318 10 6656 9 6275 4 7232 5 7319
2659 2.2939066064269289 -2.3207528346626649 7.2467777183731776 0 0 0 0.51444714302965366 9 6276 5 4914 4 5596 10 6651 2 3391
2660 1.7073405935305486 -2.2080290097311237 7.491763864995086 0 0 0 1.2758642592781122 1 6336 10 6673 9 6298
2661 0.944049321809316 -1.7963829259787392 7.6312294354404582 0 0 0 1.4837579197329238 1 4047 9 6339 4 3638 5 7367
2662 0.944049321809316 -1.7963829259787392 7.6312294354404582 0 0 0 1.4837579197329238 1 4048 9 6340 4 3639 5 7368
2663 1.6153203234299636 -1.7238791001288856 7.3827784609175389 0 0 0 0.41045497836315853 1 4087 9 6351 4 5644 5 827
2664 2.0666250237296393 -1.6706270288565028 7.1233076006884213 0 0 0 1.3816916118795581 1 4092 9 6362
2665 -1.4287037726309544 -1.2814594304837921 8.1290865427931394 0 0 0 0.98804335843901936 1 4136 9 6387 4 5659 5 4999
2666 0.11305829851897975 -1.4127387681784891 7.7330311175497517 0 0 0 1.7521878240029167 1 4127 8 2406 9 6392
2667 0.8933494954861726 -1.4677910068692237 7.5308217729188565 0 0 0 1.8339791339593072 1 4134 10 5355 9 6395
2668 1.6011862174312606 -1.4858439362560589 7.3297946639079825 0 0 0 0.65767458512446386 1 4147 10 5359 9 6400 4 5671 5 5008
2669 1.7186905609308722 -1.4974171555396196 7.2934211629388068 0 0 0 0.59478997094741293 1 6443 8 3576 10 6758 9 6401 4 7299 5 5009 2 3619
2670 2.1264892367277 -1.5142895316962757 7.1621407680719535 0 0 0 2.2935899657765253 1 6444 9 6402 2 3596
2671 1.6305081097740899 -1.4204690932248554 7.3017207645034246 0 0 0 0.69292693064851862 1 6461 10 6768 9 6412
2672 0.82171141133414105 -1.3252588529922373 7.5108609406850597 0 0 0 1.135795524698642 1 6471 9 6416 4 7309 5 5025 2 1058
2673 -0.92246126416068508 -1.1008332207581686 7.9342057038365468 0 0 0 0.37204192669883351 1 6504 9 6428 4 5693 5 5041
2674 -0.0019245425466397515 -1.1645516828303368 7.8156372657284638 0 0 0 1.7279038649127008 1 8321 9 6448 10 7986
2675 -0.69901338377006439 -1.036488500470041 7.8206093809951334 0 0 0 1.335274372298012 1 8318 9 6458 4 5718 5 980
2676 1.7248661889985015 -1.262285381876745 7.3152695322072958 0 0 0 0.66759924356369771 1 6568 10 5415 9 6474
2677 1.8417164611588559 -1.2657399377587437 7.2719249030337068 0 0 0 1.2089531833813225 1 6569 10 5419 9 6478
2678 -1.0012394447502706 -1.007797801067706 8.0077288681161143 0 0 0 0.65312856822824084 1 6590 9 6481 4 7330 5 7453
2679 0.21341799877022946 -1.1432344352740555 7.8165663059666342 0 0 0 0.61914292633366619 9 6484 10 6853
2680 1.9045555736175854 -1.247572653238604 7.2514473948794489 0 0 0 0.97743521710255532 1 4261 9 6491 10 6839 4 3770 5 988
2681 -0.6862240552330976 -0.90829024523552238 7.8071153553565908 0 0 0 0.7903605887801044 1 6636 9 6520 4 5742 5 5102
2682 0.057511910019806239 -1.0156321877807901 7.7844284844754474 0 0 0 1.9683285258236334 1 6646 9 6523 10 6885
2683 1.9411234193263238 -1.1415049819352987 7.1565625515790234 0 0 0 1.6037371064384136 1 4298 10 5453 9 6526
2684 -0.66139611676343191 -0.86913726830275639 7.7884925817587556 0 0 0 0.81182298928424323 1 6654 9 6537 4 5758 5 5125
2685 1.9317501083382544 -1.1025328743823852 7.148315291122854 0 0 0 1.6631904418955823 1 6652 10 6883 9 6541
2686 0.29965059522938975 -0.98564719638827691 7.753364066169036 0 0 0 1.4366177836124046 1 4343 10 6901 9 6548 10 5507
2687 0.37055708226041117 -0.9831521006728704 7.7232558231616233 0 0 0 0.69766310435731926 10 6903 9 6550 5 5108
2688 0.39632140007453198 -0.97701285059767873 7.7254840931589266 0 0 0 1.9311045646844474 1 6669 10 6910 9 6557
2689 0.39632140007453198 -0.97701285059767873 7.7254840931589266 0 0 0 1.9311045646844474 1 6670 10 6911 9 6558
2690 0.27038131686441036 -0.93016446990941493 7.7374317990068073 0 0 0 0.63541943462944106 9 6571 10 6918
2691 0.31099621352900086 -0.93120424102177934 7.7337225263621789 0 0 0 1.8653724832099388 10 6931 9 6576 1 6684
2692 0.52834925270687638 -0.95180138834500805 7.6823200896935537 0 0 0 1.7625345912032548 10 6924 9 6577 1 6681
2693 0.52834925270687638 -0.95180138834500805 7.6823200896935537 0 0 0 1.7625345912032548 1 6682 10 6925 9 6578
2694 0.61889721218220373 -0.92851178970751802 7.663049313050224 0 0 0 1.9595229693900675 1 6699 10 5533 9 6585 1 4381
2695 -0.86135748452072813 -0.7365284926067881 7.9167974533522489 0 0 0 0.46986661013645126 1 6706 9 6589 2 1344
2696 2.2211181682134749 -0.98483520184330153 7.011578385320405 0 0 0 0.46488545020308297 10 6928 9 6593 5 5170
2698 0.58511361481110236 -0.88142078373129706 7.6527205699948277 0 0 0 1.8406951051085183 10 6961 9 6600 1 6715
2699 0.62752046847906728 -0.86537546763084627 7.6334240025878461 0 0 0 1.6132836453066632 1 6730 10 6967 9 6606
2700 0.68109521727592648 -0.87530163173148257 7.6272028218015704 0 0 0 1.5241603166049291 1 4409 6 8094 10 5558 9 6607
2701 2.0000668961201913 -0.96083198485995147 7.1736433024297934 0 0 0 1.7153122943254875 1 6718 9 6609 10 6946 2 1163
2702 2.0002015825704911 -0.96038520850490272 7.173375913360954 0 0 0 2.006693886799602 1 6719 9 6610 10 6947
2703 1.5015846607368442 -0.90586467215162803 7.3150085691305717 0 0 0 0.50193540819296967 1 6736 9 6621 10 8050 5 1152 4 3844
2704 1.5015489440775389 -0.90606314203679594 7.315152947299624 0 0 0 0.49126684591566788 1 6737 10 8051 9 6622 4 3845 5 1153 2 1199
2705 1.9392782867866825 -0.9404896780115094 7.2235423426727134 0 0 0 1.6379287592074403 1 6745 9 6631 10 8053
2706 0.67832056570808952 -0.84641217747335951 7.6320468106328816 0 0 0 1.9453514656280166 10 6984 9 6634 1 4427
2707 0.68990485369928367 -0.79660373254405981 7.6097753234671526 0 0 0 1.8035274822433445 1 4447 10 5605 9 6653
2708 2.140063472905247 -0.89716548927277184 7.1267202913049559 0 0 0 0.70853753621688575 9 6655 4 5829 10 8064 5 1186 2 1185
2709 0.95971795528421122 -0.77702693997689065 7.3801489477165356 0 0 0 1.2413408344049024 1 6771 10 6989 9 6657 5 1198
2710 2.1626724500102501 -0.88765279329593794 7.0910925952313288 0 0 0 0.64244811105824007 9 6661 4 5838 10 6987 5 1194 2 1186
2711 0.88762731793078575 -0.78938886122418328 7.5527383320638037 0 0 0 1.2719609476185696 1 6780 9 6663 10 6998
2712 0.68317961224841273 -0.72035093730129496 7.5763200561899984 0 0 0 1.5546839473902363 1 4469 10 7009 9 6686
2713 2.1572614664638357 -0.82462289761248375 7.0765035313741675 0 0 0 0.42360610329530857 9 6687 4 5852
2714 -0.080809924683875406 -0.61959103340704202 7.7364567513927716 0 0 0 1.585770922410783 1 6799 9 6693 5 5247 2 1376
2715 0.1245245447483898 -0.59793626562174329 7.6758293444166634 0 0 0 1.4185537315566372 1 6804 9 6700 10 7028 5 5255
2716 0.68444944607085423 -0.64947304171464748 7.5820001940089288 0 0 0 1.644910980621491 1 6811 10 7034 9 6705
2717 1.1583198964707999 -0.53980528435039832 6.9203355496810319 0 0 0 0.2477390096143168 1 4501 9 6721 4 5902 5 1333
2718 1.0547611802974834 -0.59007292482325069 7.2779967600006881 0 0 0 0.6117558145805071 1 4516 10 5663 9 6723
2719 -0.040926108545238926 -0.50110457615282189 7.6968827062826675 0 0 0 0.80613385186790032 10 7056 9 6727 5 5272
2720 0.63603051504369756 -0.55779300084532601 7.5733373904770742 0 0 0 1.6621993219881819 1 6831 10 7058 9 6731
2721 -0.0040548800214833831 -0.45185395635069947 7.6651390043857806 0 0 0 0.70588234124683902 10 7063 9 6737 4 5884
2722 0.82730118572138167 -0.28443896301786631 6.9511212316303777 0 0 0 0.56925698536977465 1 6880 9 6792 10 7113
2723 0.98684197993736034 -0.29902848234465668 6.9069317161136832 0 0 0 0.77477576226734957 1 6882 10 7114 9 6793 4 5965
2724 0.98684197993736034 -0.29902848234465668 6.9069317161136832 0 0 0 0.77477576226734957 1 6883 10 7115 9 6794 4 5966
2725 0.36640769870644002 0.078351360430244377 6.9881861677116586 0 0 0 0.7864103275397295 1 7027 10 7252 9 6886
2726 -0.1845660314268309 0.13686106012925209 7.066339987234123 0 0 0 0.8397413084174653 1 7026 10 7254 9 6887
2727 0.2773265756340445 0.09382456292750585 6.9862100832000937 0 0 0 1.0313618278784102 1 7034 9 6888 10 7255 4 6075
2729 0.26834197723827935 0.11610983931503729 7.0687132479982298 0 0 0 1.0043502969664659 1 7060 9 6905 10 5914
2730 0.6974036720102007 0.080192961973278826 6.9559606743186446 0 0 0 0.63605323111655077 1 7061 9 6908 10 7269
2731 1.9318570402313751 -0.0072971855636907853 6.5307068310555758 0 0 0 0.26955135205224301 10 7268 9 6916 2 1637
2732 0.28830464603924799 0.18346542399381813 6.935075074153632 0 0 0 0.81024811116874085 1 8677 10 8346 9 6922 4 7686 5 5548
2733 0.89694447975359848 0.21739910210062055 6.7470496060085452 0 0 0 0.75250552351547906 1 7089 9 6937 10 7309 4 4126 5 1712
2734 1.177502503803715 0.21981394490764655 6.6334071347839973 0 0 0 1.4401980559970402 1 8711 9 6941 5 1727
2735 0.94478624033481462 0.25551294621433829 6.7467616071673362 0 0 0 1.2117467243749707 10 8398 9 6950 1 7106
2737 0.87620066459612833 0.28579440658060601 6.7243349962782002 0 0 0 1.1085929719483687 1 7124 9 6973 10 7328
2738 0.34395828012974211 0.33423694786657093 6.8772990659448032 0 0 0 0.66134136384052911 1 8745 9 6975 10 7347 5 5624 4 6179
2739 -0.054494354289106643 0.49352705581728634 6.9113489692195902 0 0 0 0.71217832160403383 1 4918 9 7020 4 4179 5 1851
2740 1.9054812549260427 0.31740215627781976 6.4256834099632716 0 0 0 0.13983500596193141 9 7026 4 6206 5 1841
2742 0.97187280912007901 0.49791375647217462 6.6569023253390016 0 0 0 1.5316323062286752 1 8800 10 7435 9 7056
2743 1.253266425183174 0.47649904648481245 6.5653352179361226 0 0 0 0.59332074851636485 6 8570 9 7060 5 1890
2744 0.89379491908632724 0.52806114353518563 6.673723468080011 0 0 0 1.5982291466687939 1 7239 10 7445 9 7064 4 1603
2745 0.88445995714817172 0.54981723588768572 6.66924748040097 0 0 0 0.8730100675151562 1 8821 10 8479 9 7073 4 6229 5 1924
2746 -1.2101373104952213 0.74917904041539951 7.2397252190037973 0 0 0 1.2167493905893159 9 7076 4 4223 8 1704
2747 0.96399738340606256 0.58264754857386936 6.640556337836574 0 0 0 1.634315505976506 1 7268 10 7465 9 7084 4 1639 1 5023
2748 -0.9643397971799792 0.7563738543717462 7.1331256887643173 0 0 0 0.49304122454305011 9 7086 4 4235
2749 0.82554018303370102 0.63219145444257707 6.6578192606003137 0 0 0 1.1326626642602422 1 8836 10 8497 9 7093 5 1977
2750 1.499435586195327 0.56486610183610042 6.4709125085177979 0 0 0 0.24311303332284248 10 7478 9 7094 5 1968
2751 0.81218202656339955 0.65596694145892787 6.6490912287028419 0 0 0 0.15397989269867041 10 8503 9 7103 4 6241 5 1996
2752 0.84681091378609252 0.68488913236861426 6.6177386540919514 0 0 0 0.46589191580433587 10 7495 9 7111 4 4257 8 1830 5 2015
2753 0.88829723761109636 0.73852400830743159 6.6076930910602947 0 0 0 1.5411116444993147 10 8541 9 7116 1 7324 4 4277
2754 0.90360401282703351 0.76241120314791788 6.5845461616306125 0 0 0 2.2191493615670774 1 8888 10 7523 9 7126
2755 0.92236094934652424 0.76890883661154108 6.5656694207546691 0 0 0 2.1162858874668 1 7339 10 7530 9 7131
2756 1.5087349338826213 0.82620169025951895 6.5489939492390423 0 0 0 0.48776040693601352 10 7602 9 7159 4 4310
2762 1.0467877037368287 1.1730820631641217 6.3961249738474715 0 0 0 0.32795967103475793 9 7265 5 2389
2764 1.0407269329936581 1.2271649782392637 6.3746729149399251 0 0 0 0.31888114423755304 9 7283 4 4490 5 2432
2766 0.97608677662665555 1.2529894917155187 6.3196805525289967 0 0 0 0.13035681590777334 9 7300 4 4503 5 2457
2768 1.9438553041016096 -4.3355570308555471 8.3342986063721956 0 0 0 0.61822941705041601 10 7806 9 7801 5 7128
2769 0.95777502874813503 -4.0898021458265825 8.392065752593755 0 0 0 1.0203198672396634 10 7808 9 7803 4 8412 5 8917
2770 -0.7317365194086084 -2.3267422055449876 8.2106421812212744 0 0 0 1.7740200191598323 1 6284 9 7909 2 3480
2772 2.3811758169224078 -2.4336208382687481 7.2603201769878822 0 0 0 0.66261526563489259 9 7935 5 7270 2 3367
2773 0.89457713750676326 -2.3208397912823742 7.7875200523072259 0 0 0 0.36538282569786246 10 6659 9 7955 4 7200 5 7262
2774 2.0872617524522123 -2.3294189517179369 7.3048806952552248 0 0 0 0.57262423406178453 1 8162 9 7959
2775 1.5632407733164304 -2.2460208429630457 7.6605675866088569 0 0 0 1.3630738961305788 1 6341 9 7989 10 5237
2776 1.7348022628349733 -2.1911424822387593 7.4822271083384511 0 0 0 1.0464075818062029 1 8190 9 7994 4 8552
2777 1.7348022628349733 -2.1911424822387593 7.4822271083384511 0 0 0 1.0464075818062029 1 8191 9 7995 4 8553
2778 1.8667062669779513 -2.2348937158608981 7.5231224353956456 0 0 0 1.7658426762412198 1 8193 10 7885 9 7996
2779 1.9821185439193363 -2.1983284061480259 7.3970805242047808 0 0 0 1.4528220744229401 1 9422 10 8804 9 7997
2780 -1.4467190051067551 -1.8006346397123318 8.4030400686838238 0 0 0 0.39972912661238319 1 6370 9 8001 2 980
2781 -1.4467190051067551 -1.8006346397123318 8.4030400686838238 0 0 0 0.39972912661238319 1 6369 9 8002 2 981
2782 2.1364388115339676 -1.8006015818462955 7.2763961872806728 0 0 0 0.17015440257536779 10 7914 9 8034 5 7379 4 7269 2 5413
2783 -0.98285472357956694 -1.3536636508855078 8.0000180933890572 0 0 0 0.83873536757875178 1 8256 9 8063 4 8629 5 9131
2784 -1.205052397809498 -1.3314388505195858 8.0695284584598426 0 0 0 0.77563069241982252 1 6431 9 8068 4 7279 5 7397
2785 -0.8942197259115654 -1.3576965939979981 7.9768300970996071 0 0 0 1.1660963783984963 1 8257 9 8071 4 8630
2786 -0.73568247608240456 -1.3726558557403254 7.9343923880773284 0 0 0 1.1072164708627372 1 6423 9 8073 4 7281 2 3691 5 9132
2787 0.60386841620341813 -1.4463452540298449 7.6083756471601314 0 0 0 0.41189459982279103 9 8075 4 7289 5 7403 2 3649
2789 1.7462140387555847 -1.4692165957869869 7.2808861673893848 0 0 0 0.79152948029128112 1 6454 9 8090 10 6762 2 3624 5 5014
2790 0.85801067576847345 -1.3403422763961887 7.5064659179096402 0 0 0 1.4437376271832798 1 8289 9 8097 2 5488
2791 0.85801067576847345 -1.3403422763961887 7.5064659179096402 0 0 0 1.4437376271832798 1 8290 9 8098 2 5489
2792 1.841329625784627 -1.3024151509498141 7.2781937384342923 0 0 0 0.48645606133810382 1 6546 9 8114 4 7332 5 5053 2 1030
2793 0.063666845871534913 -1.1341701609416281 7.8046483891304232 0 0 0 1.9949157406143501 1 8333 9 8122 10 8000
2794 -0.80814721600721295 -0.98949107726178642 7.8774798095469416 0 0 0 0.26503505286854584 1 6593 9 8134 5 5074
2795 1.7628181474005353 -1.1597066720175779 7.2636484473204623 0 0 0 0.67341113065744296 1 8344 10 8018 9 8153 5 7467 4 7345 2 3698
2796 -1.0429392162408357 -0.86440042327427702 7.992979717889817 0 0 0 0.91123760035940016 1 6656 9 8157 2 3794
2797 -0.69307746073767718 -0.87484229318329887 7.8119203483553807 0 0 0 0.76698517685919276 1 6653 9 8158 4 7355 5 7479
2798 0.42561888403088233 -0.99320492521163584 7.722926556349079 0 0 0 1.6739712728335323 1 6667 9 8161 10 6906
2799 0.25244486773025721 -0.95560072821474151 7.7412737695394993 0 0 0 0.63253859076054697 10 8037 9 8169
2800 0.23425881500052226 -0.92253509060274763 7.734788706434637 0 0 0 2.0475429010150017 1 6677 10 6923 9 8176
2801 0.14062312708748381 -0.84079714993307086 7.7432415665556276 0 0 0 1.9339001918377694 1 8365 10 8046 9 8188
2802 -0.74428039103722243 -0.72759983111902538 7.8885188767587833 0 0 0 0.80810325183495024 1 8371 9 8192 2 1345
2803 -0.74409722751982033 -0.72097311771380179 7.864847214922114 0 0 0 0.79937204031134756 1 8372 9 8193 5 5174
2804 0.15160379448115621 -0.80610310254650719 7.7378496756044672 0 0 0 1.80142990255307 1 6750 10 6977 9 8203
2805 0.64269744520710637 -0.83995775801367889 7.6112646618605888 0 0 0 1.5497397979052945 1 8380 9 8208 5 7502
2806 2.2138674849393318 -0.93344185866832385 7.0085493111873136 0 0 0 0.070022449561870037 9 8212 4 5814 5 5193
2807 2.2138674849393318 -0.93344185866832385 7.0085493111873136 0 0 0 0.070022449561870037 9 8213 4 5815 5 5194
2808 0.2923957543106866 -0.76431579112197567 7.6673070047049006 0 0 0 1.679163494077258 1 6767 9 8219 4 7400
2809 0.15368034589250645 -0.59773988083142027 7.6776472796266058 0 0 0 1.9024679753427032 1 8421 9 8259 10 8093
2810 0.64869492393258121 -0.63479615278364254 7.5594810043947991 0 0 0 1.5280444854527289 1 6815 9 8264 10 7033
2811 0.86176919027259846 -0.63718803853089145 7.5159304963943452 0 0 0 1.2548207263781948 1 8426 10 8100 9 8268
2812 0.86176919027259846 -0.63718803853089145 7.5159304963943452 0 0 0 1.2548207263781948 1 8427 10 8101 9 8269
2813 0.66168927137093692 -0.60111149430246469 7.5609617279270349 0 0 0 1.4852852332179953 1 8437 9 8271 10 8111
2814 1.0171911138778205 -0.57686279501344651 7.2654961163171725 0 0 0 0.81091974710100112 10 8104 9 8272 4 7484
2815 0.21479248024954214 -0.48331704915246826 7.6396535556605141 0 0 0 1.7687475929495049 1 8448 9 8281 10 8124
2816 0.94105221694251862 -0.29849268068424423 6.9336185607715199 0 0 0 0.58577590647993105 1 8471 9 8314 10 8162
2818 0.7542010253678415 -0.045867772069559991 6.8538737904953795 0 0 0 0.66143235788078025 10 9040 9 8406 1 9663
2819 0.32730104802844345 0.0084326864140705192 6.9452860283416653 0 0 0 1.1134967105032998 1 9671 9 8416 10 9070 4 7623 5 7697
2820 -0.74812322944212217 0.11323490587842125 7.2266418824010934 0 0 0 1.4515366340065716 1 8601 9 8425 4 7620 5 5472
2821 1.2591683686403954 -0.059407718068663566 6.7072813809143899 0 0 0 1.5556209499019236 1 8602 9 8428 10 9078
2822 1.6628030624961163 -0.1024124846763298 6.6174772170873011 0 0 0 0.052087595245966373 9 8430 2 5696
2824 1.6076931744733471 -0.038238825591723251 6.648304632922045 0 0 0 0.6828889878194927 10 8287 9 8443 4 7661 5 7764
2825 0.26040995173102921 0.089111164089627354 7.0248650763261598 0 0 0 1.0212585659503479 1 8641 9 8449 10 8317
2826 0.53749136003596976 0.064394438034301268 6.9174613721009379 0 0 0 0.74147005673458077 1 7021 10 8302 9 8450
2827 1.6176700599463394 -0.018474684467814962 6.607661401139282 0 0 0 0.12937591813032259 10 8306 9 8466
2828 1.5940039991475559 0.035042149059113521 6.6015335613525874 0 0 0 0.62861580982500442 10 8341 9 8482 5 5531 4 6111 2 1661
2829 1.0441283853588075 0.088619161946503794 6.8025350784955201 0 0 0 1.9255116649208368 1 8672 9 8483 10 8343
2830 -0.19618850368262755 0.25938035132136644 7.1104161120357636 0 0 0 1.1242996636258979 1 8690 10 8361 9 8499 2 1801
2831 0.072268230631315128 0.24207535303192881 6.9676684952315888 0 0 0 1.0887059154257106 1 8686 10 8352 9 8500
2832 0.072268230631315128 0.24207535303192881 6.9676684952315888 0 0 0 1.0887059154257106 1 8687 10 8353 9 8501
2833 1.2232600867564325 0.1455759692283487 6.69532958348326 0 0 0 2.1291801236087502 1 8694 9 8503 10 8354
2834 1.6775888611885297 0.10796200550784237 6.5605520370455483 0 0 0 0.456559814535132 9 8505 4 7695 10 8355 5 5560
2835 0.58488778215835668 0.24719172288228555 6.8338457148219858 0 0 0 0.55901004851344727 1 8704 10 8369 9 8510 5 5575
2836 1.8267624826612623 0.1466334726937602 6.5025486894251188 0 0 0 0.13600536801123358 10 8370 9 8514
2837 -0.18003788418749217 0.34303841168373361 6.9967493508273586 0 0 0 0.83194375814403121 1 7093 9 8519 10 8387 5 5595
2838 0.56107569006924951 0.28201103187198406 6.8240662110098267 0 0 0 0.76006262655338575 1 8730 9 8525 10 8390 4 6162 5 5596 2 4112
2839 0.59924122797878421 0.27998018747760078 6.8393096180178397 0 0 0 0.83212183990211464 1 8731 10 9210 9 8526 4 7716 5 7835
2840 0.66355577680933986 0.27405245970707537 6.7936579652302393 0 0 0 0.68322434105288532 1 8727 10 8393 9 8527 4 6163 5 5598
2841 1.8937943093215401 0.16372802480257581 6.4715638228548569 0 0 0 0.50740576286812744 9 8531 4 6168 5 5590 10 9193
2842 1.2564948672184881 0.24664048460781937 6.5981927920874446 0 0 0 0.0017199111446133826 9 8541 10 9708
2844 0.72848355075196336 0.52765689843772845 6.7274449466259725 0 0 0 0.70444991902216281 1 8808 9 8579 5 5705
2845 -0.022915652670532631 0.61341873349288323 6.8753693613167641 0 0 0 0.62933916841865567 1 9823 6 8585 8 4041 10 9239 9 8587 4 7767 5 7905
2846 1.6081234702330183 0.47339101896630403 6.4648053588314749 0 0 0 0.88212240182683155 10 8472 9 8593 4 6224 5 7901
2847 0.9324514335298989 0.68424603132303663 6.6048554921108877 0 0 0 0.38407561991637162 10 9265 9 8631 4 4259 5 2020 2 2061
2848 0.87191653684996118 0.75991880039639648 6.6113452512925424 0 0 0 1.5004278344042072 1 8886 10 8549 9 8639 4 6267
2849 0.83391790780095965 0.76240103890842525 6.6093379802637555 0 0 0 0.51089283348838355 10 8552 9 8641 5 5771
2850 0.83822107763339915 0.76351372285429964 6.6263552284543978 0 0 0 1.1720510703494074 10 8553 9 8642 1 7331 5 5772
2851 -0.37781946481927192 0.90305266141368978 6.8410054468842718 0 0 0 1.2281925582632727 6 10182 9 8650 8 4111
2852 0.90779469036078975 0.79246814653557807 6.5837880408602025 0 0 0 0.40943882248651448 10 8566 9 8652 4 6281 5 5781 2 2108
2853 0.97163623528442455 0.8278333033283618 6.5370065193684077 0 0 0 0.50666460310368933 9 8659 10 9294 4 6290 5 5794
2855 1.0242414603309746 1.0499980382970397 6.3987896689521575 0 0 0 0.14005740378109632 9 8707 2 2285
2858 0.78638291654485748 1.3184948308281621 6.7840098026682201 0 0 0 1.2973788187830049 1 9065 9 8753 4 6433 5 2419
2859 0.66911481496590497 1.3694255095588119 6.9401838345260911 0 0 0 1.7397936259230018 1 9072 9 8759 4 6434
2863 -0.83683653344580744 -4.4786317885455578 8.9773475604712321 0 0 0 0.18627167679155693 10 7781 9 9071
2865 1.7711135118773591 -4.3500243035631971 8.2455307541837719 0 0 0 0.62055393729763653 10 7794 9 9092
2866 2.1372614308473361 -4.2895507551420176 8.1274689300220917 0 0 0 0.61766430772870218 10 7800 9 9098
2867 -0.99525987052089071 -3.9884690418812045 8.9997768139067205 0 0 0 0.51643394947268295 10 8725 9 9101 2 5231
2868 -0.75049363089036036 -3.9490944642440731 8.8510030265530482 0 0 0 0.97974788924132805 9 9103 10 8723
2869 0.85302311357841032 -4.0703278613132259 8.518702258918788 0 0 0 0.30790570189919109 10 8727 9 9109
2871 0.8377155135684401 -2.2100699584210837 7.7530944790459921 0 0 0 0.40284138978486927 9 9202 4 9422 5 9044
2872 0.70640149910475747 -2.271279038308101 8.0169454683968411 0 0 0 0.30568466315084819 10 7884 9 9209
2873 0.85318313259273726 -2.1116461169089766 7.7527818009797231 0 0 0 0.3865259111756788 9 9221 10 8809 4 8550 5 9058
2874 -0.7466895365452525 -1.8928747340292089 8.1677902193472462 0 0 0 0.55924549655317812 9 9225 5 10246
2875 -0.87398162456392203 -1.8195410383197179 8.212784641746671 0 0 0 1.4762944826389475 1 9446 9 9235 4 8563 5 10250
2876 -0.026272143374313949 -1.4372760609692627 7.7636864371404322 0 0 0 0.5525357670327592 10 7931 9 9274 5 9136
2877 -0.95558602761222289 -1.3154914953736299 7.9857781993005306 0 0 0 0.75760272325549793 1 8264 9 9277 5 9139
2878 1.8786020705917315 -1.5534045945462645 7.2616736737253937 0 0 0 0.87348037247796351 1 8263 10 7934 9 9281
2879 1.4671105965458011 -1.4359869645713348 7.342495464045796 0 0 0 1.1860340819852531 1 9498 6 10975 8 3584 9 9295
2880 2.1597573515309914 -1.4691611036440153 7.1838830752812743 0 0 0 0.32468651573279567 10 8872 9 9305 2 5455
2881 2.155643582562853 -1.4665222748608884 7.1778887778237648 0 0 0 0.017962558348523255 10 8873 9 9306
2882 -0.20129691803680841 -1.2207564534218824 7.7530161158608255 0 0 0 0.6159773962851719 10 8884 9 9309 2 5514
2883 0.90295538710479828 -1.317801153596468 7.5068589859750228 0 0 0 1.0976930998131935 1 9513 9 9310 10 8886 4 9501 5 9174 2 6975
2884 2.1382171910458423 -1.4037137852350146 7.156978513757335 0 0 0 0.23455002340102771 10 7962 9 9312
2885 -1.5397270148691615 -1.0477391476578064 8.0998132572483712 0 0 0 0.52697320200684694 10 8898 9 9318 4 9503 5 10309 2 5553
2886 2.1023213220030836 -1.3744899269043707 7.1729295191243239 0 0 0 0.40540442521840558 10 8890 9 9319 4 8664 5 9179 2 6944
2887 -0.15279408857618859 -1.1208223777307078 7.7249406657298811 0 0 0 0.27900374706507436 6 11018 9 9324 5 9187
2888 -1.0078695940641722 -0.93191123355215433 8.016912052902736 0 0 0 0.4247021394723044 1 8347 10 8912 9 9340 2 3773
2889 -0.74748926770085111 -0.9254912701100616 7.8467630287927062 0 0 0 0.64435038498336306 10 8910 9 9341 5 9202
2890 1.7728614788128518 -1.0726634714988448 7.2456677585071292 0 0 0 0.30200880011080949 9 9351 5 10335 4 10148
2891 0.45713484911023261 -0.82979390950105125 7.6462588598459229 0 0 0 1.6940224954402072 10 8951 9 9371 1 9565
2892 0.10495696692305602 -0.69399374033410177 7.7027377151614713 0 0 0 1.3843416905639283 1 8403 9 9381 10 8076 4 8706
2893 0.10458683483349279 -0.69330203910128951 7.7006423170797715 0 0 0 1.828316371027384 1 8404 9 9382 10 8077
2895 0.42287598105538737 -0.00053360842320701856 6.9486903291317175 0 0 0 0.80771319985555401 10 9072 9 9465 1 9676
2896 1.0235430028387209 -0.04054616260693647 6.7343120869493429 0 0 0 0.62792683125957083 1 9680 10 9059 9 9476
2897 1.0613163545302178 -0.048132716393573714 6.7269396513808477 0 0 0 0.65389413932951101 1 9682 9 9478 10 9050 4 7638 5 7705 2 3952
2898 0.11876236592054948 0.040341909297665166 7.0273327370289369 0 0 0 1.1957387614072592 1 9709 9 9483 10 9090
2899 1.6861192641064009 -0.097869577845387579 6.5860491965887666 0 0 0 0.28177141287568475 10 9076 9 9486
2900 0.76833838367111407 -0.012349855875970015 6.8569909035175796 0 0 0 0.49283548511694358 1 9714 10 9084 9 9493
2901 0.76701533698689828 -0.011404020425653381 6.8518158381617287 0 0 0 0.50950977586610802 1 9715 10 9085 9 9494 5 7713 4 7637
2902 1.5416749802333387 -0.083433858680784331 6.644942531026703 0 0 0 0.59312788224143143 9 9496 10 9080 5 7702 4 7639
2904 0.14807562389997514 0.052128396415566089 6.9747986040305507 0 0 0 0.72908763103552188 10 9095 9 9505 4 8811
2905 1.3811970745538769 -0.054968331760714945 6.6716128677650319 0 0 0 1.5841256051858781 1 9725 10 9087 9 9507 5 7726
2906 0.86836466262798617 0.0027917361980766969 6.8004205378895639 0 0 0 0.72969473605708113 10 9104 9 9514 2 3979 5 7754
2907 1.2108597116839752 -0.013252605479731821 6.7532739794259182 0 0 0 1.1846270550840963 1 9732 10 9113 9 9521
2908 -0.59045537228889489 0.15651414551996637 7.1825697145357967 0 0 0 1.0269606727629281 1 9734 10 8310 9 9524
2909 1.9228965293238525 -0.020504994766512741 6.5699944411831979 0 0 0 1.3293865112006258 10 9135 9 9532
2910 -0.41772172382651945 0.20994315691316026 7.076217297088867 0 0 0 1.0590489771289795 1 9742 9 9533 5 5533 2 4080
2911 -0.20614751010445445 0.20865965369924713 7.0227487283153698 0 0 0 1.1497999862072887 1 9747 10 9141 9 9534
2912 1.8626897020436137 0.021597214790552474 6.5269924203457768 0 0 0 0.30766433669893767 10 9136 9 9537 4 7682 5 7794
2913 0.26379522940885031 0.1860327954394046 6.9677290052072705 0 0 0 0.80509453444420365 1 10516 10 9145 9 9540 10 9690 5 7800 4 7684 2 5801
2915 -0.26092068231421617 0.34570935291891619 6.9955711404169785 0 0 0 0.84129096669288184 1 10519 9 9554 10 9700 2 4136
2916 -0.26220335045147969 0.34645617255502004 6.9943072506705786 0 0 0 0.9738192108826802 1 10520 10 9701 9 9555 5 7843 4 7713
2917 0.81283228881978609 0.25699217849912698 6.7669106857784351 0 0 0 0.97124010377118319 1 9783 10 9202 9 9560 4 7720 5 7836
2918 0.72426787010958826 0.26309718392801379 6.8131225339485546 0 0 0 0.46769073155792995 10 9199 9 9563 1 9781
2919 0.716784480335935 0.26660550241801378 6.7903119292990191 0 0 0 0.50608608002455235 1 9782 10 9200 9 9564 4 7717 5 7828 2 5833
2921 -0.057567394353606686 0.72819114761587345 6.8812536028830875 0 0 0 0.45085233961501636 1 10597 10 9770 9 9592 2 4276
2922 1.4761593150870309 0.74838879596827312 6.5202866136849762 0 0 0 0.15160104782916214 9 9606 4 6278 5 5777
2923 0.93404846775299777 0.85149058163717217 6.5531615716087428 0 0 0 0.52555194958181117 10 9301 9 9615 4 7815
2924 0.93404846775299777 0.85149058163717217 6.5531615716087428 0 0 0 0.52555194958181117 9 9616 10 9302 4 7816
2925 0.88315050217939295 0.92314841025865468 6.5668411012924599 0 0 0 0.47405308413743269 10 9815 9 9625 4 7824 5 5831
2926 0.89346726850766989 0.95549779743935215 6.5392141107966477 0 0 0 0.66227699967985587 10 9826 9 9638 4 7844 9 8673
2931 0.71471932341640776 1.456650688932541 6.9000211788788697 0 0 0 1.4971215187310802 1 10011 9 9704 4 7943
2932 0.80110955575524523 1.7001579424915836 6.5215815938662232 0 0 0 0.42846854292009962 9 9781 4 9069
2933 1.9283974902653387 -4.5177447828724695 8.2715481468393133 0 0 0 1.0334964995368714 10 8705 9 9911 4 10012 2 7720
2934 -0.61008469486424077 -4.094744215642371 8.755412635565003 0 0 0 0.95842311921637746 9 9915 10 7797
2936 -0.80218241159174419 -4.1015417230763189 8.9774675091612828 0 0 0 0.76370949945795097 10 8718 9 9925 2 5217
2937 -1.4653160270481063 -4.0416123619522217 9.1746229453896095 0 0 0 0.80782343008464286 10 8722 4 8399 5 8905 9 9927 2 5235
2938 1.8429569625118549 -4.183055789980501 8.264197132253031 0 0 0 0.19968877409028371 10 8724 9 9933
2939 2.0749514167783842 -4.2384861870864086 8.2721025191969026 0 0 0 0.44869625007935232 10 8726 9 9935
2940 2.1985853854366022 -3.423754858342118 7.8648461796001978 0 0 0 0.61523675935632305 10 9385 9 9972 4 9353 5 10149 2 6731
2941 1.1483938488882817 -2.4831998732978739 7.5907920479770592 0 0 0 0.4618870538388069 10 8764 9 10002 4 9392 5 10192
2942 0.31341295729665014 -2.3210833101415345 7.9121390807314933 0 0 0 0.56129552703540819 10 8773 9 10009
2943 -0.69774611961528354 -2.2174139652504046 8.1855339468932868 0 0 0 0.56390687534550243 9 10013 5 11066 4 10076
2944 2.2008711175673228 -2.3599952298267728 7.4506792590604789 0 0 0 0.37708906350675198 10 8790 9 10030
2945 0.51591139136341113 -1.5595507526900259 7.6277993292544304 0 0 0 1.5070275304702898 10 8854 9 10059
2946 0.02755131982114415 -1.441578110430465 7.7624036358203705 0 0 0 0.68953057968593667 9 10063 10 8860 2 6967
2947 1.6808590053035859 -1.5358685686321809 7.3203387649719049 0 0 0 0.45339632259423235 1 9488 10 8861 9 10066 4 10120 5 10286 2 6922
2949 0.66008846496991846 -1.4392646860542413 7.591322117501627 0 0 0 0.52295371517679157 10 8865 9 10070 4 9483 5 10287 2 6956
2950 2.0986636277776314 -1.5571790329964346 7.2087801825318705 0 0 0 0.63517727210841612 10 9484 9 10071 4 10122 5 11116 2 7883
2951 2.0953809139616002 -1.5520538411188891 7.1920884631971251 0 0 0 1.6284410677717993 1 10340 10 9485 9 10072 2 7884 5 11117
2952 0.8503835254079759 -1.413211705708078 7.5454313956101995 0 0 0 1.0750068434937796 1 9494 10 8869 9 10074 4 9487 5 10295 2 6960
2954 1.7843249466875712 -1.2349502192826021 7.3002533742959006 0 0 0 1.0105832421016312 1 10365 10 9509 9 10103 5 10319
2955 -0.13596941492118039 -0.97828193423439136 7.7494067209385546 0 0 0 0.59398653565992132 6 11983 8 5022 9 10108
2956 0.97075620833772192 -1.0240142292235193 7.402817715576945 0 0 0 1.2577705128519039 1 9534 9 10110 4 9537 5 10334
2957 -1.2743059468808029 -0.79936377795306568 7.9745489470888566 0 0 0 0.99090404667977772 1 10372 9 10111 4 9535 5 10336
2958 0.26748522608573638 -0.85794223549727333 7.3873509877031927 0 0 0 1.3313887804688516 6 11049 8 4465 9 10113
2959 0.46219329521729963 -0.97520874135164637 7.708343024459543 0 0 0 1.7789669915453075 1 9540 9 10115 10 8923
2960 0.46219329521729963 -0.97520874135164637 7.708343024459543 0 0 0 1.7789669915453075 1 9541 9 10116 10 8924
2961 1.0317423181248053 -0.94752840063539812 7.3195161957137351 0 0 0 0.9396895012616211 1 11012 9 10118 10 9954
2962 0.21203167704353082 -0.88742974750347214 7.7375420839282549 0 0 0 1.8761740048592823 1 9545 10 8930 9 10120
2963 0.21203167704353082 -0.88742974750347214 7.7375420839282549 0 0 0 1.8761740048592823 1 9546 10 8931 9 10121
2964 -1.0392797775994327 -0.72296980479616757 7.8805431315994579 0 0 0 0.86226498514177941 1 10380 9 10122 5 10348 4 9548 2 5613
2965 1.0263783485811362 -0.84500875123172947 7.3113428326480099 0 0 0 1.014061136260938 1 9557 9 10127 10 8937 4 9556 5 10357
2966 1.7515041167651586 -0.80791575534301119 7.1283000616497123 0 0 0 1.4741573479812657 1 10394 9 10136 2 7016
2967 0.96986010978229054 -0.72241270133480739 7.3895974776690396 0 0 0 1.4378628008412997 1 10399 9 10138 5 10365
2969 -0.14024967604454991 0.057894479180745605 7.0392022989767318 0 0 0 1.0195887093328844 10 9617 9 10219 1 10444
2970 0.73529790566515529 0.010254735272853636 6.8814120636258842 0 0 0 0.53848103791486668 1 10482 9 10253 2 7174
2971 1.5822114235713149 -0.061373065373675297 6.6405196952783418 0 0 0 1.638974844852499 9 10255 10 9650
2972 -0.19728497968508305 0.10930577566174467 7.0796681920684614 0 0 0 1.3692784307776658 1 10499 9 10260 2 5782
2973 0.57822059420561256 0.035162987117402747 6.9170643751820746 0 0 0 0.68475272653863328 1 10488 9 10266 10 9664
2974 1.2821037815936274 -0.02777948107403716 6.7351796993870297 0 0 0 1.5946522345739236 1 10491 9 10269 5 9348 4 8825
2975 1.3592197765754535 -0.027559118560678792 6.7063221258240988 0 0 0 1.0954098764554083 1 10503 9 10272 10 9666 5 9359 4 8837 2 7165
2976 1.4394148875478345 -0.03003552491995938 6.6872460065891115 0 0 0 1.7051678916762139 1 10507 10 9672 9 10273 4 8841 5 9374
2977 0.22847687008390871 0.33413111867086631 6.9082473447131783 0 0 0 1.0891682482876002 1 10533 9 10292 10 9718
2978 -0.23348961108808811 0.38252899336635182 6.9610408166815541 0 0 0 0.84501726742427097 1 10529 9 10293 10 9714
2979 0.37505135008849905 0.32746344013752082 6.8434372870822084 0 0 0 0.67448324524883119 1 10536 9 10296 10 9720 2 7243
2980 0.68946452267890446 0.300472537144306 6.7826913474020678 0 0 0 0.79474786640420048 1 10538 9 10298 10 9722 5 9426
2981 0.83920858001508547 0.28394431210422022 6.7459449067098722 0 0 0 0.98941878465179267 1 10539 9 10299 10 9706 4 8864
2982 1.3152028510090932 0.24879777450482943 6.6211868751319791 0 0 0 1.4884267102703697 1 10543 9 10300 10 9723 4 8869 5 9430
2983 0.92725151171337172 0.41454977176680624 6.6914594961566172 0 0 0 1.0523564297576231 1 10563 10 10063 9 10316 4 8881 5 9469 2 5871
2984 0.54122260630637098 0.45598514952890495 6.7740820130417516 0 0 0 0.62692843009869148 1 10561 10 9746 9 10320 4 8887 5 9473 2 5885
2985 1.4176825648327653 0.36918116188751771 6.5500836131942552 0 0 0 0.62217466997570126 9 10321 4 8882 8 4688 5 7874 2 5864
2986 0.2304181100678013 0.55186609157358502 6.8853100245784677 0 0 0 1.2060205981825438 1 11130 10 10080 9 10326 4 8895 5 9482 2 7287
2987 0.98659169566512428 0.48545083924368349 6.5945473344253065 0 0 0 1.3121995376641697 1 11126 10 10071 9 10327 4 9683 5 10476
2988 -0.22061917935542658 0.59525114705775495 6.9223672350929792 0 0 0 0.76344231823976383 6 12149 9 10329 4 9680 1 11128 5 9488 2 7292
2989 0.14970241201522355 0.59573070877260403 6.8807017267893329 0 0 0 0.11003743660639606 10 10086 9 10333 4 8901 5 7900
2991 -0.5797899101049887 0.79362234302576973 6.9635921577509086 0 0 0 0.037668295562792921 1 10600 4 8911 5 9518
2992 0.9465983852058335 0.75558124185375131 6.5031786128232723 0 0 0 0.82194389369008158 10 10108 9 10350
2993 0.87960224621284333 0.85454978088989764 6.5659397337782357 0 0 0 0.31842892382285287 10 10114 9 10353 4 7814 5 9533
2994 0.85452659620732163 0.93097852524957714 6.591254575439768 0 0 0 0.68412042596503175 10 10124 9 10362 4 8942
2995 0.51467096053120309 1.1480753460585684 7.0089954303993007 0 0 0 0.51287643878003486 1 10674 9 10372 4 8957 5 9565
2996 0.92295614873571952 1.3941114136677537 6.4350093749523101 0 0 0 0.24598729480014322 9 10398 4 9006 2 6233
2997 0.69059694458133736 1.5190972732085251 6.8621578444242433 0 0 0 2.5370009791156893 1 10728 9 10401 4 9750 2 6234
2999 -1.2287937926800956 -4.1678912432890609 9.0243379470094798 0 0 0 0.54803647117002396 10 9367 4 10438 9 10529 5 10989 2 6729
3000 -1.0772357562697821 -3.909329963924034 8.928544810361549 0 0 0 0.12456915373256866 10 9374 9 10535
3001 1.6161008323484065 -2.41298928194874 7.6064099673790349 0 0 0 0.83476647761889833 1 10262 9 10581 4 10085 5 11069 2 8559
3002 1.8759682506266511 -2.4288270039612998 7.5277981673588776 0 0 0 1.6841856563913269 1 10263 9 10582 2 8552 10 9415
3003 2.143862263837415 -2.4614694527317291 7.4907594744971 0 0 0 0.67406847631164835 9 10584 4 10093 10 8775 5 11070 2 7801
3004 0.71811784439067639 -2.33109769902507 7.8462571539869685 0 0 0 0.4473704891878531 9 10586 4 10083 5 11068
3005 1.8758840599778814 -2.2066565000592719 7.2421161556452258 0 0 0 1.1540294392586876 1 10932 9 10601
3006 1.8634092466007099 -2.3174833008746711 7.4780044333147728 0 0 0 1.9073582411728356 1 10274 9 10604 2 8561
3007 0.94213178964736288 -2.2028052830940377 7.7475776776050767 0 0 0 0.26216855426241192 10 9908 9 10613 4 10102 5 11087
3008 1.6242490740665856 -2.1634659315539828 7.5404301037634562 0 0 0 0.86605741811502168 1 10951 10 9911 9 10615
3009 1.590537652029413 -2.1798248213138871 7.6429805558745096 0 0 0 1.1307800577475697 1 10305 9 10616 5 11094
3010 1.4516871190025129 -2.0730894445502637 7.6614453301375001 0 0 0 1.0815533952733742 10 9461 9 10617 4 10105 1 10315 5 11095
3011 2.0379173139577755 -2.125607162388059 7.5517561070813759 0 0 0 0.77396581841749201 10 9918 9 10618 4 9442 5 10247
3012 2.0870624252363452 -1.8283204392521955 7.2997468426066758 0 0 0 1.5819606903773393 1 10963 9 10626 4 10111 5 11099
3013 0.83521232748917495 -1.6297201249495354 7.5651079118668365 0 0 0 1.2555551761560404 1 10334 9 10632 4 10505 5 11677
3014 0.84835748375178721 -1.5459509891796031 7.5264520911513042 0 0 0 1.1213511955091593 1 10978 9 10633 10 9483 4 10511 5 11680
3015 1.9962538556231506 -1.5522051377596731 7.2240659670261822 0 0 0 1.2332589011085517 1 10980 10 9937 9 10638 4 10517 5 11115 2 8617
3016 0.46074218498900743 -1.1781258901998688 7.8161781705878282 0 0 0 2.6948289757091963 1 10998 9 10648
3017 0.56593722500744004 -1.1383410098839712 7.7150103465572606 0 0 0 0.39836149560210488 9 10652 4 10135 5 11133
3018 -0.9257214604904459 -0.81950540115603265 7.868605177810629 0 0 0 0.47842159337492618 10 9523 9 10654 5 10339 4 9539 2 7045
3019 0.75745916602027641 -1.0167750886181142 7.6326159446634314 0 0 0 0.27236138950077976 10 9955 9 10656 5 11144
3020 -0.85567627764459853 -0.78785118675249488 7.8576480691725035 0 0 0 0.48040217482659076 1 11014 9 10657 5 10344 2 7050
3021 0.40667406343681484 -0.9473481297384454 7.7559277018445485 0 0 0 1.764282861784449 1 11019 10 9965 9 10660
3022 0.51574248328430206 -0.93005533124705808 7.7203628884118176 0 0 0 2.0081850346747139 1 11028 10 9972 9 10665
3023 0.96501145098026941 -0.032706500680117427 6.7169385065009974 0 0 0 0.74336139579738558 1 11081 9 10720 10 10022
3024 0.96501145098026941 -0.032706500680117427 6.7169385065009974 0 0 0 0.74336139579738558 1 11082 9 10721 10 10023
3025 0.62437977803765643 0.085731987642370833 6.8722290714849636 0 0 0 0.68209416448496918 1 11096 10 10044 9 10727 4 9636 4 10216 5 10434 2 8076
3026 1.8503540632243094 -0.0290213677805915 6.554586448137254 0 0 0 0.41734400991814119 9 10729 4 10219 10 10043 5 11210 2 8065
3027 0.30068758079378605 0.24370976365726735 6.9000774819099888 0 0 0 1.1143915611290764 10 10261 9 10736 1 11385 5 11232
3030 -0.16064331127951798 0.32072064551920965 6.9993834370152035 0 0 0 0.77317854938388586 1 11110 9 10742 10 10267 5 10446 4 10240
3031 0.73770307204068963 0.44008383309466226 6.7314234572248184 0 0 0 0.71777854419373144 1 11121 10 10065 9 10753 4 9672 5 10469 2 7263
3032 0.84884024166547811 0.42682921077078911 6.7027028959085246 0 0 0 1.1973707224467425 1 10562 10 9740 9 10754 4 9668 5 10466 2 7259
3033 0.66037371366837727 0.44897011965741473 6.7475099034577095 0 0 0 0.72684500845143774 1 11120 10 10064 9 10755 4 9671 5 10468 2 7266
3034 0.96071720602397748 0.45556898747331676 6.652078770776976 0 0 0 1.343204943000387 1 11124 10 10069 9 10757 4 9675 5 10474 2 5886
3035 1.4719146502682867 0.68580279701764457 6.4912119070221337 0 0 0 0.95548714815929048 10 10291 9 10772 4 9699 5 10498
3040 2.2267955150036123 -3.7204602520307315 8.2588370367711619 0 0 0 0.47269545748271102 9 10895 4 10451
3041 1.9664543265453058 -2.273360177166591 7.5273102976051671 0 0 0 2.0829726616512914 1 11307 10 10178 9 10936 4 10492 5 11658 2 8567
3042 1.7669161379206109 -1.7516252741406466 7.3555211729435506 0 0 0 1.1418955143391234 1 10970 10 9931 9 10944
3043 1.959430002018723 -1.6337244549547603 7.2404339902898966 0 0 0 1.1509366475615341 1 10979 10 9934 9 10948 4 10512 5 11682 2 8612
3044 0.74053737022950628 -1.4308592106267888 7.5644685605345368 0 0 0 1.3305693546648731 1 11320 9 10953 10 10197 4 10782
3045 0.76209534767042508 0.08115918645520788 6.8424278637692488 0 0 0 0.53428607631047031 10 10248 9 10976 1 11370 4 10217 5 11214
3046 0.76438148798025973 0.080518922755613564 6.8497438470803287 0 0 0 0.60420256912018699 1 11371 9 10977 4 10218
3047 0.46502294203750705 0.23649255719110618 6.8813688451849746 0 0 0 1.0785268320473573 1 11386 10 10263 9 10982 4 10226 5 11233
3048 0.45717622264243518 0.47293047533753158 6.7945029906672225 0 0 0 0.79544679813998198 1 11400 9 10993 10 10279 4 10248 2 8116
3049 0.72876644251543665 1.5711526771976025 6.8404398894670537 0 0 0 1.8906628595636206 1 11446 9 11024 4 10316 2 7464
3050 -1.2573220917379477 -1.8509281656008809 8.2852967907358774 0 0 0 1.9319851264049839 10 10185 9 11096 4 10957 5 12284 2 9102
3051 -0.77217831625859601 -1.4121713117281356 7.945948825652315 0 0 0 1.3406661667586304 1 11315 9 11101 4 10966 5 12060
3052 1.695757285229355 -1.6143202738798208 7.3131649055938794 0 0 0 0.75858018402744165 1 11318 10 10195 9 11103 4 10778 5 12065
3053 0.46789901778559934 0.12939557447794639 6.8931536149448318 0 0 0 1.4772764666723659 1 11532 9 11128 10 10373 4 10576 5 11753
3057 0.68132608887598023 -1.1956613569847787 7.6699554628689937 0 0 0 1.0635845401059245 1 11624 10 10427 9 11196 4 10975 5 12070 2 9132
3058 0.0049396689027355863 -1.0653700267539052 7.7899001063854243 0 0 0 0.88650261245713669 9 11197 10 10429 4 10787 5 12072 2 9469
3059 0.84551694684420342 -1.0299056480349456 7.5760296085230525 0 0 0 1.3221567504103346 1 11633 9 11200 10 10433 5 12076 4 10790 2 9141
3060 0.91029127759193407 -0.87075129106992066 7.4690507164109876 0 0 0 1.1643493928874904 1 11636 9 11203 10 10436 4 10980 5 12300 2 9147
3061 1.3786516542694947 -1.4704067769771316 7.3969825554305242 0 0 0 0.96423197368397218 1 6442 9 8079 6 9653 7 8882 10 6759 4 5670 5 7407 2 3631
3062 -0.035770293093033485 1.0973463514816912 6.720549768752301 0 0 0 1.310915344421032 1 2539 9 2335 10 6454
3063 0.42379241807578372 1.1736591061701998 7.0350912512609955 0 0 0 1.1758867117472471 1 5397 9 5189 4 1885
3064 0.47279290269461061 1.3596160058489855 6.9736875729036853 0 0 0 0.73058690773433632 1 7630 9 5307 4 2023
3066 0.29609613364121551 1.098218237683438 7.037348924260951 0 0 0 1.2161443354428481 1 7477 9 7198 4 6333
3067 0.40037305270866491 1.3048215522978324 6.9872376352614642 0 0 0 0.63442148356471162 1 7602 9 7266 4 4444 5 2374
3068 0.37956422965576764 1.5467167075393415 6.9562998394119901 0 0 0 1.4106466545495442 1 10037 9 9716 5 8158 4 7958
3069 0.27776182035953428 1.5259815120596123 6.9644892748672573 0 0 0 1.5915964701890772 1 11191 9 10806 5 10575
3070 0.41224033437651336 1.2064126107505013 6.9700130358289227 0 0 0 1.7012963350183035 1 11427 9 11006 4 10287 5 11304 2 8222
3072 1.8080618212278143 0.37229730129113209 6.3961606930922237 0 0 0 3.224836098772907 1 1987 6 2564
3074 1.3672004619668381 1.0158029936099364 6.4801973012973439 0 0 0 1.751214261348355 10 4943 9 2378
3076 -1.2136254273601539 0.60981534973805651 7.2428876270146709 0 0 0 0.46186293242460785 9 4879 4 1558
3081 -0.18553980599980152 1.7551372768974829 6.7236139043146199 0 0 0 0.5856816941519517 9 8866 4 4651
3082 0.096671073931155996 -0.65137467528219362 7.7000265152203298 0 0 0 0.34838480366975844 10 8967 9 9388
3085 -0.66554893395762882 1.0614640970244038 7.0972278495421213 0 0 0 0.9667514187391163 1 8934 10 9320
3086 2.249763009140918 -4.2996833849345695 8.0454089396340986 0 0 0 0.67492026852366971 10 7796 9 9921
3089 1.8608834573159354 0.091714263853186997 6.5245762418365638 0 0 0 1.5225649872618354 9 10738 4 10223 5 11220 10 10052 2 8078 8 5513 6 12661
3090 1.5485670549696726 0.52464083083414881 6.4689795301550541 0 0 0 0.76412213799892437 9 11137 4 10598 10 10453 5 11776 2 8752
3091 1.0243487760125438 -0.52742360657687637 7.2769618750354912 0 0 0 0.84362250440513853 1 1531 4 1175 10 3934
3092 1.7324673200391902 -0.59091188471450962 7.1285846422377963 0 0 0 1.2750215403524665 9 1474 4 1180 10 3941 1 1538
3094 1.0158636819941405 -0.47985884909953069 7.2430240313120633 0 0 0 0.72774165317074624 1 1563 10 3980 4 1190
3095 2.0841069942292725 0.31843171576459056 6.3871556717687596 0 0 0 2.0163784911916078 10 6071 4 1566 8 1692 6 2562
3096 -0.76930959383076247 0.71263637035642791 7.0759956498344145 0 0 0 1.5328896567132164 9 4933 10 4446 4 1620
3097 -0.20679350906496374 0.6625078491245836 6.9028669021648055 0 0 0 0.59932382289220743 1 5007 10 6128 4 1631
3098 1.0021308203186097 0.7665777048306569 6.5305586965623892 0 0 0 1.8597856798100938 1 5149 9 2169 4 1727
3099 -0.67507489832030287 0.95458868586340673 6.9989047653269285 0 0 0 0.81861828842811146 9 5042 4 1739
3100 1.3632703874872298 0.78596603347227156 6.4830871120534068 0 0 0 0.36479051410317354 10 7568 4 1741
3101 1.2557343867292161 0.87228615183789671 6.4747675795685051 0 0 0 0.94772732690035533 8 1978 4 1789 6 6352
3102 0.47093594529540111 1.0729972409929225 6.9977483749271983 0 0 0 1.6346159548431196 1 5312 4 1818 10 7711
3103 1.7359962361441383 1.0001489079645787 6.608433954833119 0 0 0 0.11309016711414363 9 5175 4 1856
3104 1.6158139953990338 1.0747682516396702 6.5953925809196488 0 0 0 0.29620001700248921 9 2424 4 1906
3105 1.9296482660787255 1.1577460445445475 6.4750732113610869 0 0 0 0.43652459116678144 9 5287 4 1987
3106 1.6069010223882367 1.1858161508449079 6.5364366453550895 0 0 0 0.23908152186562839 9 2546 4 1991
3107 -0.58286401983444935 1.3660968320079538 6.9021952986807467 0 0 0 0.14674354078544072 9 5290 4 2029
3108 -0.60998629467136234 1.3803119339049132 6.9041164058532569 0 0 0 0.43272890615599952 9 5296 4 2044 5 5990
3109 1.0349586989953621 1.2781245508183059 6.3201323064785466 0 0 0 1.5550286148897117 1 5585 6 3079
3110 0.83895017753296686 1.3549249224551831 6.6000670461316533 0 0 0 0.20014344066560802 9 5356 4 2100
3111 1.4812077686151419 1.3602111946525255 6.4550972241291174 0 0 0 0.15378115306316523 9 5410 4 2158
3113 1.7389966477826422 -3.3119330347547842 7.9856625828488195 0 0 0 0.45306098702345654 9 3696 4 3411 5 369
3114 1.9142225032989919 -2.1570435164636921 7.5689971847324102 0 0 0 0.33739173910434445 9 4008 4 3620 5 730
3115 2.0032349650537205 -1.6757465505572253 7.2335383003496005 0 0 0 0.10853486782892162 9 963 4 3671 5 842
3116 -1.8571838357184876 -1.2477884799663197 8.0618013776240094 0 0 0 0.53430461658014761 7 1695 4 3675
3117 -1.8507878218714768 -1.2266340188701628 8.0629451535388039 0 0 0 0.92271120560716557 8 893 4 3681 5 882
3118 0.46663642394971366 -1.4175393009273149 7.6406478880135067 0 0 0 0.20436305867674812 9 4136 4 3693 5 886
3119 2.1159981401036387 -1.5415140570064294 7.189433473877533 0 0 0 0.23118293753093844 9 4142 4 3697 5 895
3120 -1.5243455563902024 -1.1124658692795351 8.1395021939465426 0 0 0 1.0175510481085464 1 1107 4 3703 5 924
3121 -1.2918679162012048 -0.86502275387279459 7.9889103981195708 0 0 0 0.2424291767070719 9 6516 4 3779 5 1027
3122 1.5519961168571568 -1.1407455846555337 7.2889846507736884 0 0 0 0.31181241194138848 10 5449 4 3783 5 1020
3123 -1.5686094175320768 -0.76913884536502497 8.0357014790517383 0 0 0 1.7781474582002392 1 4336 4 3798 5 1086
3124 2.1721843687069748 -1.1157198495085945 7.0543723096936999 0 0 0 0.16311995462995513 9 4318 4 3813 5 1055
3125 2.1756811790275301 -1.0865921623002939 7.0409404918997502 0 0 0 0.28071880801142374 9 4329 4 3818 5 1090
3126 -0.78540946559357472 -0.73729055081272987 7.8807385352633075 0 0 0 0.1947816203393764 9 6590 4 3828 5 1130
3127 1.5463327742995887 -0.92580736104002714 7.3162868416744358 0 0 0 0.46083179423179166 1 6722 4 3840 10 6954
3128 2.0500104812129174 -0.95710425593356074 7.1530066655339066 0 0 0 0.16364677169875744 9 6616 4 3847 5 1150
3130 -0.42751863847516358 -0.48784099572876749 7.3433317302072654 0 0 0 0.42794901227548915 9 4481 4 3901 5 1289
3131 1.6917378526648594 -0.65008766197765933 6.8369848673324052 0 0 0 0.12922448359354941 9 4498 4 3912 5 1295
3132 -0.9920408476063598 0.57116406418064014 7.1798517985049246 0 0 0 0.57393299625081118 9 7017 4 4176
3133 1.8924638512872378 0.33594923725665193 6.4361570306850151 0 0 0 0.7241084316916675 8 1686 9 4884 4 4189
3135 1.864144834439686 0.35174650676463065 6.4406824609715718 0 0 0 0.0177872838404191 9 7034 4 4195
3136 1.3327021100271712 0.4166622464801516 6.6139804077031368 0 0 0 1.4776532231967181 1 7214 4 4199 5 1859
3137 -1.1491742970560321 0.67516570802870712 7.2235025772049299 0 0 0 0.50051514821440501 9 7053 4 4209
3138 -1.1779563592162854 0.70956113246696206 7.2236251546606178 0 0 0 0.61586946847999768 9 8584 4 4214 5 1918
3139 0.84566824827731224 0.68451604126793952 6.6180129567664094 0 0 0 0.63838301715898982 8 1831 4 4258 5 2016
3143 1.0758178267987322 0.75378317323841304 6.5025172309993353 0 0 0 0.44704775895184562 9 7135 4 4292 5 2076
3144 1.2831848194753863 0.8636397136712467 6.450536372406483 0 0 0 0.44858681250331645 10 8602 4 4327 5 2148 2 2160
3145 1.6738814341714296 1.0016128035377176 6.6019486040718478 0 0 0 0.30627975489038511 9 5173 4 4375 5 2235
3146 1.6802534143690582 1.0025298345968126 6.6136396789901788 0 0 0 0.19317531306251517 9 5174 4 4376
3147 0.52620083256340122 1.2864307415619765 6.9275202597331447 0 0 0 0.2358954925048051 9 7267 4 4446 5 5952
3148 1.8581093479118169 1.159651252362546 6.4483698518944603 0 0 0 0.83703476167322088 9 8747 4 4459 5 2376
3149 1.9734938382489777 1.2987237098347548 6.3793677581801678 0 0 0 0.86236207280433519 9 7327 4 4523 5 2486
3150 -0.50725516349938449 1.6183321332913478 6.6741571219033222 0 0 0 0.055841856347266766 9 7395 4 4608
3151 1.0783552456642407 1.6756811615599383 6.147162054841167 0 0 0 0.18035226005622099 9 8892 4 4697
3152 1.8248935851580319 -4.4182650248474316 8.2557439197006133 0 0 0 1.4169308783807502 9 6043 4 5234 10 5041 5 7108 8 2034 6 7331 7 6716
3153 1.655228227475372 -4.0934063125370104 8.3174735205221246 0 0 0 0.6102590044566264 9 6072 4 5267 5 4566
3154 1.6924709009860128 -3.3116638481266918 8.0516726525662481 0 0 0 0.66890078028711508 9 6115 4 5337 5 4624
3155 -2.2214035587909278 -2.5085574583076728 8.7736282902931819 0 0 0 0.49113419875126008 1 3876 4 5353 5 4658
3156 2.7427572700099843 -2.8964102110357852 7.4416790237737294 0 0 0 0.86988397227631231 10 5117 4 5425 5 4684 2 406
3157 -0.8911715761361747 -2.1595162569462025 8.2037536009791836 0 0 0 0.11879465653753669 9 675 4 5531 5 620
3158 1.7348009765707035 -2.3394664331009296 7.521803061422367 0 0 0 0.43705910944705606 9 6273 4 5570 5 4900 2 635
3160 -0.71540759804527643 -1.3498517273612314 7.9227456877839293 0 0 0 0.24643490288670689 9 6386 4 5662 5 4998
3161 2.1920257855412921 -1.5452753721950598 7.1714520707428955 0 0 0 0.24531071516348624 9 6399 4 5674 5 5007
3162 0.99680025198043887 -1.3526147760014418 7.4855676243280937 0 0 0 0.55543577122589893 9 6414 4 5682 5 5024
3163 -0.96889235933152007 -1.1197955849730286 7.946499634006277 0 0 0 0.17496076959038928 9 6420 4 5687 5 5036
3164 -1.0952337760182884 -1.080301030082421 8.0332282889242084 0 0 0 0.055038791742677153 9 8103 4 5691 5 5042
3165 -0.92246126416068508 -1.1008332207581686 7.9342057038365468 0 0 0 0.37204192669883351 1 6503 9 6427 4 5692 5 5040
3166 1.8207275963758893 -1.3757892626670309 7.2527718248130206 0 0 0 0.49824043757230124 9 6423 4 5694 5 5030
3167 -0.83500242524834678 -1.0485567940033054 7.8919869796042965 0 0 0 0.48908678205635009 1 6538 9 4230 4 5709
3168 1.8728454767896265 -1.2784276004134962 7.2617398261464521 0 0 0 0.20338330457979648 9 6468 4 5726 5 5065
3169 1.4300622547857644 -1.1592818047001803 7.3072212868024824 0 0 0 0.15898013577992867 1 6612 4 5738 5 5081 2 3704
3170 -0.46364519954703493 -0.9602855659858095 7.516627717424738 0 0 0 0.54013031906060072 9 4244 4 5739 5 5097
3171 2.127554572846472 -1.1467873086611831 7.1029975180797811 0 0 0 0.13065368486631693 9 6530 4 5761 5 5103
3172 2.127554572846472 -1.1467873086611831 7.1029975180797811 0 0 0 0.13065368486631693 9 6531 4 5762 5 5104
3173 1.6720793443318249 -0.96942357464336082 7.2000294036413282 0 0 0 0.41061472167113122 9 6586 4 5793 5 5154 2 1169
3174 -1.1124330481079681 -0.66891508407820199 7.8889371217108577 0 0 0 0.67184339681345018 10 6963 4 5796 5 5188
3175 -0.68437988278515416 -0.67974036448456265 7.8419942231115805 0 0 0 0.17457385639557157 9 4411 4 5801 5 1173
3176 -1.141325034687771 -0.60312590125225318 7.9261925126407435 0 0 0 0.27235369213429089 9 4429 4 5808 5 5212
3177 1.8393589080127883 -0.89182721022850264 7.1783400867610005 0 0 0 0.21777300730901059 9 6640 4 5813 5 5199
3178 2.1890134763366631 -0.93412422365583614 7.0284211648360948 0 0 0 0.85229569847128384 9 8210 4 5816 5 5192 2 1170 6 5536
3179 1.7058448470498351 -0.85203026615354027 7.2185248803065587 0 0 0 0.84097222380481151 9 6659 4 5828 5 5210 2 1233 1 6774
3181 2.1538928246100375 -0.88588775040667267 7.0750012287704305 0 0 0 0.33434512197800204 9 6660 4 5837 5 1193
3182 0.85138685418259308 -0.56779594697303326 7.4744594171541836 0 0 0 0.42478591272998312 9 4524 4 5877 2 1381
3183 0.93853426583929478 -0.4847173829140623 7.3357035402563069 0 0 0 0.2090929150742574 9 6745 4 5900 5 5298 2 1408
3184 0.93870791471134296 -0.48453154357532641 7.3358765857506949 0 0 0 0.1579442520542651 9 6746 4 5901 5 5299
3185 1.2057930016241361 -0.31525821531415332 6.8301525257351994 0 0 0 0.21488322926973133 9 6800 4 5977 5 5355
3186 0.71454578216785725 -0.053407703827092597 6.846512157704514 0 0 0 0.36368006582049356 9 6865 4 6038 5 1563
3187 1.4145746892461109 -0.059073607457662394 6.6750941508284294 0 0 0 0.25753821246704783 6 8368 4 6062 8 2910 5 5480
3188 -1.0057093287451024 0.2217089716864804 7.3049281009371096 0 0 0 0.65725421376370552 9 6898 4 6079 5 1639
3189 1.0831678461016236 0.078652240647912569 6.6683637087390117 0 0 0 0.1582635294612196 9 8481 4 6113 5 5535
3190 0.75710340245943053 0.12431236441140317 6.8306959178525384 0 0 0 0.65813959502422248 1 7072 9 6921 10 7286 4 6114
3191 1.5936002826313342 0.10866934454611916 6.5785459001388071 0 0 0 0.16774466567830212 10 8350 4 6133 5 5557
3192 0.48494589075080202 0.24597365854174943 6.8585451860032709 0 0 0 0.7800442570881333 1 8702 10 9173 4 6140 1 9765 5 5574 2 4101 9 8509
3193 0.16510969087934824 0.29806598568985515 6.923474613515042 0 0 0 0.71278229521403402 1 8709 4 6149 10 9183 5 5584 2 4114
3194 0.37357512567936957 0.28646526999176392 6.8550184764251485 0 0 0 0.82266818242485229 1 8710 4 6153 5 5585
3195 1.7749836158568661 0.16067832444442032 6.5149373284908911 0 0 0 0.39657632939012522 10 8371 4 6154 5 5578 2 1747
3196 1.9140296026220689 0.14781468034154949 6.4595424294574624 0 0 0 0.050695124612319814 9 6945 4 6155 5 5579
3197 -0.23065841958926533 0.51334197667803805 6.9465124031396845 0 0 0 0.78502753767062239 1 7188 9 8561 10 7414 4 6208
3198 -0.91570204133358191 0.57197864726011471 7.1565826791913327 0 0 0 1.593352792067684 1 4925 4 6209 5 1855
3199 0.60462745109499427 0.53161166587492903 6.7189643877219272 0 0 0 0.20709880400401293 3 1150 4 6218 5 1894 2 1960
3200 0.39390404904849863 0.80650017070694402 7.0027951363866361 0 0 0 0.32277362267667142 9 7120 4 6258 5 2033
3201 -0.93205885929582943 0.93299698253920649 7.1321924511225641 0 0 0 0.39948573151335659 9 7128 4 6271 5 5780
3202 1.9203864123259611 0.71451517583159885 6.4571860198795559 0 0 0 0.46417656782505184 9 8654 4 6275 5 2069
3203 1.534258331698483 0.7674072876727589 6.5838719790468847 0 0 0 3.1208978137303625 1 9868 4 6277 5 5776
3204 0.31987589933864385 0.97735571367100327 7.0872274889173239 0 0 0 1.0824487720395999 9 9618 4 6295 5 5802
3205 1.4491398385362109 0.89829532913939791 6.5257642203351534 0 0 0 0.37522446876842031 9 8671 4 6319 5 5829
3206 1.8932598310097131 0.91132396304024554 6.5497586172949998 0 0 0 0.38199157212012741 9 8683 4 6322 5 2178
3207 0.98843657610233204 0.939196336370691 6.4718076150525237 0 0 0 0.12126028551499929 9 8674 4 6331 5 5845
3208 1.605546186379293 0.97843867085176905 6.6301572752516984 0 0 0 0.33712920499095911 9 7206 4 6335
3209 1.5994938693098386 0.97764197119993002 6.6189758577196729 0 0 0 0.38758483784471798 9 7207 4 6336 5 2211
3210 1.4096151306355282 0.9932905161754696 6.5199366803509768 0 0 0 0.2260930165467884 9 7212 4 6341 5 2238
3211 0.2509007004867449 1.1826708078836887 7.0757216209841749 0 0 0 0.40073481299196895 9 8702 4 6348 5 5887
3212 0.81594159610544181 1.0808244848747113 6.7008195351277449 0 0 0 0.234525770545185 9 7219 4 6349 5 2263
3213 1.9715310392051084 1.0693559662018415 6.5416471102164486 0 0 0 1.1504746602464651 9 8729 4 6367 2 2287
3214 1.831948258199434 1.0834873330573409 6.5165386927303022 0 0 0 0.52397571618365701 9 8735 4 6372 5 5912
3215 1.7786799224983385 1.0913996696957882 6.5104154997906747 0 0 0 0.70320057521906953 9 7243 4 6376 5 2311
3216 1.7607592537798784 1.1573025580024117 6.490320763251046 0 0 0 0.60245485137761456 9 8743 4 6405 5 5946
3217 1.0202077322417435 1.1922123077182647 6.3841945095921462 0 0 0 0.55215175559239793 9 8744 4 6422 2 4526
3218 1.0774642785552386 1.2545116236990368 6.5084731175192276 0 0 0 1.8274096613140269 1 9060 4 6435 5 2429
3219 0.75502304276437959 1.343569029187575 6.8012406815628275 0 0 0 0.83226452346216162 9 8760 4 6441 5 2442
3220 -0.62077622018113421 1.4006461897357474 6.9183884999128233 0 0 0 0.52386591939270621 9 7284 4 6443 5 5993
3221 1.7152682816537592 1.3147421531699555 6.4213549578070754 0 0 0 0.53245666448278905 9 8786 4 6476 5 2482
3222 0.22282217354650172 1.5399264989557349 6.9825538349776055 0 0 0 0.85886312500221085 9 8797 4 6496 5 6051 1 10027
3223 0.87982267237125533 1.5107612361338949 6.5244341804583934 0 0 0 0.56111622288443552 9 8822 4 6545 5 6092
3225 1.1067217795244542 1.4637280576727787 6.1896289645541467 0 0 0 1.1404221288553633 9 8841 4 6570 5 6113
3226 -0.88148010873347638 -4.3027216543822684 8.9693344956641816 0 0 0 0.14245183985628604 9 6029 4 7007 5 7088
3227 1.7745568708086479 -4.6198416761209113 8.3416656191360623 0 0 0 0.80368168852841293 9 6018 4 7012 2 3192
3228 2.6395616626593075 -4.3039474052538687 7.9363189670320509 0 0 0 0.64670405395525288 9 7795 4 7037 5 7132
3229 2.6395616626593075 -4.3039474052538687 7.9363189670320509 0 0 0 0.64670405395525288 9 7796 4 7038 5 7133
3230 -0.89834029589144337 -2.5210246760231567 8.2670959824428181 0 0 0 0.31008138540976854 9 6169 4 7098 5 4689
3231 -0.80725074713962397 -2.4249042629936679 8.1899362414385237 0 0 0 0.11493808259501409 9 6191 4 7142 5 7215
3232 -1.096749932198291 -2.2949342633587548 8.2870825817147242 0 0 0 0.35757647639780954 9 7905 4 7155 5 7231
3233 1.0963301891469317 -2.3852320238171125 7.5870923445891343 0 0 0 0.61783486197625015 9 6215 4 7182 5 7251 2 3409
3234 -0.4428845195202557 -2.0877963833339415 7.9006046890462596 0 0 0 0.31789401514228238 9 6259 4 7212 5 7313
3235 1.6669059039009271 -2.3258723329199986 7.5537894743874796 0 0 0 0.58982792150930019 1 6329 4 7219 5 7298 2 3410
3236 1.8026952660403073 -2.3407273641415371 7.5132141683482034 0 0 0 0.55252513959897265 1 6328 4 7221 5 7294
3237 1.5694891222372456 -2.0830277222884757 7.6254791898940404 0 0 0 0.88300574544279298 9 9231 4 7249 5 7343 1 6364 10 5248
3238 2.2620892389118881 -2.0889914196155184 7.1882968207123774 0 0 0 0.25519342481711105 9 7999 4 7252 5 7347
3239 -1.2899950946206726 -1.3234635191910866 8.0752217047452604 0 0 0 0.22929078069524733 9 8061 4 7277 5 7395
3240 1.8652593960989867 -1.4361784178107309 7.2293813255011141 0 0 0 0.61073750828368012 9 8095 4 7310 5 5021 2 993
3241 2.0907082354159101 -1.296183308936429 7.1324377683686446 0 0 0 0.14883266091461222 9 6460 4 7336 2 3654
3242 2.0893782515680139 -1.1929311167525691 7.1215957190001502 0 0 0 0.17892660888064235 9 8147 4 7349 5 5088
3243 2.0893782515680139 -1.1929311167525691 7.1215957190001502 0 0 0 0.17892660888064235 9 8148 4 7350 5 5089
3244 0.42223385431380134 -0.98562396702358457 7.7017570776408739 0 0 0 1.2103151635860356 9 8160 10 6905 4 7353 1 6666 5 5112 2 1192
3245 0.5478286174284438 -0.98053113061032349 7.6824354440832616 0 0 0 0.42762089944870174 9 8171 4 7359
3246 1.4061950696755487 -1.0601792584992624 7.3086744917313542 0 0 0 0.34709584814373634 1 8350 4 7362 2 5517
3247 2.2225239174137044 -1.1288864854627421 7.0368158130073013 0 0 0 0.36990099194559561 9 8159 4 7371 5 7478
3248 1.3658215100357984 -0.98637856478461439 7.2930279559473385 0 0 0 0.23284003857018928 1 8358 4 7374 5 7488
3249 0.9646362560879147 -0.91548595966476121 7.3939740630436654 0 0 0 0.10022240683125465 9 6583 4 7382 5 7494
3250 0.9646362560879147 -0.91548595966476121 7.3939740630436654 0 0 0 0.10022240683125465 9 6584 4 7383 5 7495
3251 2.2170899128379871 -0.96051571200559693 6.983246778963057 0 0 0 0.19595512739301815 9 8194 4 7404 5 5182
3252 2.2170899128379871 -0.96051571200559693 6.983246778963057 0 0 0 0.19595512739301815 9 8195 4 7405 5 5183
3253 1.4858104963688481 -0.8179835049528984 7.3432423935233304 0 0 0 0.38488323593452217 9 9383 4 7421 5 5214
3254 1.7005352857077385 -0.8206240481719933 7.2327731835002078 0 0 0 0.73422572358351779 1 8400 9 6670 4 7429 10 8069 5 5228 2 3763
3255 -0.45608605708396566 -0.45547850359106345 7.3353468731638163 0 0 0 0.38460187068774121 9 8258 4 7482 5 7581
3256 1.1174171478106383 -0.49932594701014715 6.9094336138829933 0 0 0 0.68285779016383208 1 8428 9 6732 10 8092 4 7495 2 3848 6 9831
3257 0.91043656122314021 -0.056549753750315915 6.8241489444707399 0 0 0 0.21332681911445059 9 8411 4 7608 5 7671
3258 0.3377110903518652 0.048089934238302087 6.9451021471475975 0 0 0 0.22056460815539833 9 9511 4 7654 5 7757
3259 -0.018981375085732281 0.12990967623333974 7.0485529879407061 0 0 0 0.15525350312712641 9 8463 4 7666 5 5510
3260 0.97724804764122919 0.034008712930620369 6.7424014247224227 0 0 0 0.154108093960899 9 9527 4 7667 5 7781
3261 0.92289364079729974 0.11824123145586128 6.78261027427068 0 0 0 0.24902000241309474 1 9749 4 7685 5 7797
3262 0.48412485851937903 0.16630040183706127 6.8790458520787636 0 0 0 1.0239839687119525 1 9753 10 9146 4 7687 5 5545
3263 0.33351018049956282 0.21130777577756907 6.9121670402896749 0 0 0 0.23401829169478208 10 9157 4 7689 5 7807 2 4076
3264 0.28279570029965778 0.22280525467631257 6.9139895851212616 0 0 0 0.12001397592426383 9 6933 4 7690 5 5565
3265 2.0191366426579682 0.061802413163604408 6.4283119459300755 0 0 0 1.0835247256854268 10 9150 4 7694 5 7806
3266 1.9993456061638633 0.097371368322081833 6.4443575519925309 0 0 0 0.3616383552980606 10 9165 4 7700 5 7813
3267 1.0074334796051292 0.22660547142716683 6.6673242469892937 0 0 0 0.12800308550626882 9 9553 4 7705 5 7821
3268 1.3442481337933605 0.21874482316948826 6.6318904686225535 0 0 0 1.7768828033895332 1 8736 4 7728 10 8394
3270 0.54820616878634953 0.31830810687899463 6.8077024886160675 0 0 0 0.60137648755366047 1 8750 10 8412 4 7735 5 5627 2 4124
3271 0.18091975922878786 0.37037247694471664 6.8864814203079909 0 0 0 0.43519668278375967 1 8752 4 7737 10 8417
3272 0.1809197592287875 0.37037247694471648 6.88648142030799 0 0 0 0.43519668278376294 1 8753 10 8418 4 7738
3273 1.102397070579326 0.27757255412791954 6.6114947069259484 0 0 0 0.22833499795817322 9 6978 4 7740 5 7856
3274 1.088197477745426 0.43170067580784688 6.5577863577889133 0 0 0 0.58445224458860323 9 8568 4 7758 5 7878
3275 -0.020243895088591785 0.61551533856612273 6.8800985332756595 0 0 0 0.38541490825404928 9 8586 4 7766 5 7904
3276 -0.85651566590920614 0.8395280735241526 7.0909647183643667 0 0 0 0.2221255510071978 9 8629 4 7786
3277 0.9727558432289537 0.70576482284403808 6.5902679695493545 0 0 0 0.2617153073150319 9 9598 4 7790 5 7943
3278 0.47224117348886874 0.8504733957659617 6.9733289971324979 0 0 0 0.39222164314334024 9 8651 4 7797 5 5774
3279 0.49312383985497293 0.88891345852986914 6.9775180085608834 0 0 0 0.27069395347326347 9 9610 4 7801 5 7956
3280 0.36904326892671768 0.96007177281537859 7.1028012234498092 0 0 0 0.73060438272255024 9 9617 4 7805 5 9531
3281 1.9232619125656645 0.78558855483442136 6.478795203198608 0 0 0 0.6705573199146585 9 10357 4 7806 5 7961
3282 0.28429142142828306 1.0253952579415735 7.096778512583195 0 0 0 0.25593316976441477 9 10364 4 7818 5 7982
3283 0.55087513218846829 1.0102601744876103 7.0412441868990552 0 0 0 0.65477572722731248 9 9630 4 7820 5 7984
3284 1.0962531540631202 0.92970797749926792 6.4498646147149081 0 0 0 0.31467163931432934 9 8675 4 7845 5 5844
3285 1.914398956206393 0.93940458748717426 6.521265078326592 0 0 0 0.24891880597536939 9 9644 4 7850 5 8007
3286 1.914398956206393 0.93940458748717426 6.521265078326592 0 0 0 0.24891880597536939 9 9643 4 7851 5 8006
3287 -0.46754779493511445 1.0727971468784185 6.799131342241127 0 0 0 1.0754398260839482 9 9636 4 7853 5 8017
3288 1.9531777115229947 0.9769591620275172 6.4944176150499944 0 0 0 0.50792007960519714 9 8696 4 7863 5 5865
3289 1.5799062449311305 1.0225288343813304 6.6175385960729596 0 0 0 0.29873579308240167 9 9653 4 7864 5 5872
3290 1.5799062449311314 1.022528834381331 6.6175385960729605 0 0 0 0.29873579308239789 9 9654 4 7865 5 5873
3291 1.6716508704837651 1.0226573520944948 6.570809739317145 0 0 0 0.20485867348666031 9 8699 4 7873 5 5880
3292 1.8943195616854669 1.0244031578418089 6.5601164647509611 0 0 0 0.432023953503131 9 9661 4 7874 5 8036
3293 1.6465017082922802 1.0484034491401435 6.6351777201754478 0 0 0 0.11653280264649699 9 9659 4 7878
3294 1.6466027169423407 1.0481978884220444 6.6337605728731299 0 0 0 0.45130731024258125 9 9660 4 7879 5 5886
3295 -0.43766258387215212 1.2340919189549435 6.7475709387280531 0 0 0 0.9752357246379656 9 8725 4 7899 5 5938
3296 -0.43766258387215212 1.2340919189549435 6.7475709387280531 0 0 0 0.9752357246379656 9 8726 4 7900 5 5939
3297 0.97477621745913012 1.1311340138693109 6.4505022041967655 0 0 0 0.18096188157935275 9 9674 4 7901 5 8080
3298 0.51361282823546639 1.3186177056845365 6.9625650872020106 0 0 0 0.73210360934619578 1 9979 9 9686 4 7909
3299 1.0357601116410677 1.2807721490424577 6.6321000223373359 0 0 0 1.2567376143920763 1 9981 4 7914 5 5983
3300 1.7627037447599996 1.2229962182588139 6.4587129581614402 0 0 0 0.53352030589630417 9 9695 4 7916 5 8109
3303 -1.8449517292248137 -3.9690760742604616 8.9448747668960404 0 0 0 0.60314910974982727 9 6034 4 8397 5 8900
3304 1.7940596565698375 -4.3832693648867282 8.2839668285735115 0 0 0 0.98224627298723455 9 9093 4 8403 5 7117
3306 1.8984280080478455 -2.1175573037879221 7.5459696015569824 0 0 0 0.20609043382904282 9 9230 4 8571 5 7342
3307 -0.55716337172853458 -1.4411318900901033 7.7275983059598605 0 0 0 0.36712065330448235 9 9260 4 8627 5 9127
3308 -0.080030161301139643 -1.3885103247427681 7.7731245357568195 0 0 0 0.20186659505433455 9 9278 4 8633 5 9141
3310 -1.0723087528338975 -1.2381548845296915 7.9980297660741462 0 0 0 0.33553280974040978 9 8077 4 8639 5 7416
3311 -0.95246792495896315 -1.2053230726750341 7.9411973619216667 0 0 0 0.1656722087940459 9 9296 4 8643 5 9163
3312 -0.17542784612530318 -1.2644867263011541 7.7566997409683713 0 0 0 1.2569257899030526 1 8288 10 7961 4 8647 5 9167
3313 1.3357562041585846 -1.4171902448480203 7.4148881619414153 0 0 0 0.21535905827502 9 9301 4 8648 5 9161
3314 2.0460550207186219 -1.471126093301365 7.2028595539755971 0 0 0 0.34643896558544068 9 9299 4 8651 5 9165 2 6926
3315 1.0061240688863726 -1.3045117871120868 7.2736015122103854 0 0 0 1.3373245363549253 1 8284 4 8660 5 9175
3316 0.8789485191087536 -1.1827524696157929 7.4686126846949392 0 0 0 0.26457428020278712 9 9330 4 8668 5 9189
3317 0.84067288284088626 -1.13593801879876 7.5345771457599264 0 0 0 0.57122721691889256 9 9338 4 8673 5 9198 2 3717
3318 0.87397072954746868 -1.1416984137418451 7.4952742134591679 0 0 0 0.25006859538482334 9 9337 4 8674 5 7460
3319 0.9377655935001652 -1.0750683330307274 7.4105076431641006 0 0 0 0.84924782814774713 1 9531 10 8909 4 8680 5 9201
3320 0.90678704737719085 -1.0024114516660307 7.4536985261575754 0 0 0 0.16257141786300353 9 9350 4 8684 5 9208
3321 1.6722377894017182 -0.69057982357851633 7.2356179701068646 0 0 0 0.20365960207142078 9 10151 4 8720 5 7558
3322 -0.50231970705438223 -0.35886321261068249 7.3076000771484049 0 0 0 0.28313736338933876 9 9399 4 8741 5 9275
3323 2.094389461474305 0.30347430111808305 6.388041571244834 0 0 0 1.0661878130466025 10 9739 4 8884 2 5846
3324 -0.17794164143436669 0.5149626732068362 6.9458839235014418 0 0 0 0.56490869604342653 9 9568 4 8885 5 7876
3325 0.14798761048216286 0.59479265335572507 6.8828171526620281 0 0 0 0.57643356844366744 1 10575 10 10085 4 8900 2 4233
3326 0.77397797605949592 0.79723537143537571 6.6705949694865048 0 0 0 0.11214384121085745 9 10352 4 8923 5 9527
3327 1.113052466571165 0.84154717982749561 6.4694947531542173 0 0 0 0.15399260724084921 9 10355 4 8933 5 9537
3328 1.113052466571165 0.84154717982749561 6.4694947531542173 0 0 0 0.15399260724084921 9 10356 4 8934 5 9538
3329 0.89168455192248774 0.99493047010602265 6.5949393487535506 0 0 0 1.4481871340418391 1 11163 4 8952 2 6043
3330 0.96869285470313926 0.96275955341885 6.4853591578190279 0 0 0 0.361351265637603 9 9642 4 8955 5 8013
3331 0.91086565183542967 1.0323538976381417 6.5858239910571532 0 0 0 0.44648445863694253 9 10368 4 8959 5 9562
3332 0.93332548261267612 1.1247327129861862 6.531025528866186 0 0 0 0.35138169055559154 9 10378 4 8972 5 9585 2 4470
3333 0.2916054936653113 1.3452123027050342 7.0339770063975262 0 0 0 0.42739869480422654 9 10387 4 8982 5 9598
3334 0.57814552278466247 1.3202421670098381 6.9375617477371128 0 0 0 0.61479189674479029 9 9687 4 8983 5 8101
3335 0.8740935004565954 1.2609283964826266 6.5736345577636648 0 0 0 0.18898154631442118 9 10390 4 8984 5 8106
3336 0.26788717689745817 1.4467387964185774 6.9763351057739751 0 0 0 0.76242256208902048 9 9701 4 8989 5 8132
3337 1.507173781052535 1.3097504543834955 6.5113866115279517 0 0 0 0.46652033117030633 9 10394 4 8990 5 9615
3338 1.5669362661492503 1.3651940084849352 6.4467117362314621 0 0 0 0.26554247375260814 9 10400 4 8999 5 9626
3339 0.30562425841570107 1.5210201096558706 6.9319267393025168 0 0 0 0.846818728136288 9 10399 4 9005 5 9630
3341 0.89456910287772817 1.6477579079214963 6.3938824522031918 0 0 0 1.9038986522428996 1 10781 2 4750
3342 0.89157694295068335 1.6843750616072395 6.3812083444481811 0 0 0 1.7348673538833705 1 10787 2 2633
3344 2.0972414152895902 -4.5639345972637351 8.2354116624678433 0 0 0 0.67942671495354912 9 7775 4 9310 5 10105 2 6667
3345 2.3195581225733592 -3.5045887052767766 7.6528484955682856 0 0 0 0.60001208629854752 9 9962 4 9351 5 10145
3346 1.8917807126730961 -3.0409159089101618 7.618258224023938 0 0 0 1.4223339740642202 9 9139 4 9368 5 10165
3347 0.59405564757625684 -2.4124879181501231 7.8666412254768776 0 0 0 0.44328434400245093 9 10005 4 9397 5 10193
3349 1.4937808703092306 -2.4337439914235133 7.6550763713828358 0 0 0 0.22591903932685423 9 9181 4 9407 5 10210
3350 -0.72303240284936499 -1.4552355063699898 7.9301721760302373 0 0 0 0.34009604904181451 9 9265 4 9466 5 9125
3351 0.31793882353387581 -1.4050435885212997 7.6810660159178337 0 0 0 0.43615712648140081 9 10068 4 9479 5 10288 2 5486
3352 0.31793882353387581 -1.4050435885212997 7.6810660159178337 0 0 0 0.43615712648140081 9 10069 4 9480 5 10289 2 5487
3353 0.37483621496673042 -1.4097280981010316 7.6650673295618041 0 0 0 0.3893968658753762 9 9282 4 9481 5 9147
3354 0.37483621496673042 -1.4097280981010316 7.6650673295618041 0 0 0 0.3893968658753762 9 9283 4 9482 5 9148
3355 -0.14577610143995468 -1.3174770206552477 7.780902506425492 0 0 0 0.25721316688640006 9 9291 4 9485 5 9153 2 5501
3356 -1.5863715537758325 -1.1462754654719467 8.1686293898490234 0 0 0 1.222873899262154 1 9506 4 9491 5 10300 2 5541
3357 -1.4830957508023999 -1.1530621805675347 8.1033045001842119 0 0 0 0.29519238410275117 9 9298 4 9492 5 10301 2 5539
3358 -0.12941815126353701 -1.2511764379352805 7.7372860656309399 0 0 0 2.1483084474312468 1 8291 10 6773 5 9171 2 3713 4 9497
3360 0.89839305971847538 -1.315363762134153 7.5040766222024704 0 0 0 1.4968580527187505 1 9514 10 8887 4 9502
3361 1.4713271327744841 -1.3306219127617294 7.3358233417878029 0 0 0 0.53624337646096254 1 10348 9 10090 4 9507 10 8893 5 10305 2 6965
3362 -0.12744936690217859 -1.153236310754004 7.7243087877659082 0 0 0 0.27253295561217461 6 11014 4 9508 5 9184
3363 2.0180137733758738 -1.373501587560088 7.1784522632531091 0 0 0 0.32206141648271602 9 9317 4 9512 5 9178 2 6945
3364 0.95019638011827179 -1.2353863864991117 7.4619289947582272 0 0 0 0.19921169876758871 9 10096 4 9513 5 10314
3365 1.7893232502433896 -1.2381408796591455 7.3069739650476606 0 0 0 0.89062768881438037 1 10364 4 9518 10 9508 5 10318 2 7913
3366 1.6848458665213746 -1.1329153602519695 7.3048051168782386 0 0 0 0.29827291548721502 9 9346 4 9526 5 10325 2 6990
3367 1.054604243672022 -1.0193445020881082 7.1412899744562921 0 0 0 1.4046270882921232 9 9342 4 9540 5 9211
3368 0.99768527298805632 -0.94319160174946437 7.376670999437426 0 0 0 0.08586120873952087 9 10119 4 9549 5 10345
3369 2.2283553753847944 -0.70940026007933277 6.655850704264866 0 0 0 0.15880014208781687 10 9984 4 9579 5 10374
3370 0.22130491699253405 0.03578873186740858 6.9657538291713905 0 0 0 0.25766686221884921 9 10229 4 9614 5 9332
3371 0.22188825337293833 0.035382568397738602 6.9678291479777119 0 0 0 0.33265836271659416 9 10230 4 9615 5 9333 2 5749
3372 0.52691583086439364 0.0091549280780899456 6.8917233440789518 0 0 0 0.2402600429158297 9 10236 4 9617 5 9334
3373 1.6151539707431859 -0.092138636228921503 6.6195557416482993 0 0 0 0.061415547450371553 9 10243 4 9621 5 10413
3374 1.4388462145918597 0.32334053574055438 6.5430159490272306 0 0 0 0.42218941277758437 9 10745 10 10057 4 9664 5 10459 2 7244
3377 0.99097103341463244 0.48681164606291921 6.5974432828130736 0 0 0 1.4277859438188969 1 11127 10 10072 4 9684
3378 0.99314113878121624 0.76875465773549678 6.4882236520176084 0 0 0 0.73174179344260981 10 10109 4 9703 5 10504 9 10773 2 7319
3380 -0.9236767824213431 1.3486227393926287 7.2982344305955467 0 0 0 0.89700592066556095 9 10791 4 9727 5 10546 2 6135
3381 0.74306009409431661 1.2994576031394518 6.8152736906282758 0 0 0 1.5529540037516067 1 10702 9 10795 4 9734 2 6156
3382 0.48258444874506429 1.5348297263616708 6.9071223822305221 0 0 0 1.350064411200868 1 11195 4 9749 2 6237
3383 1.494407172114677 1.4032505863249989 6.4548573086676813 0 0 0 0.25538646110589308 9 10809 4 9752 5 10576
3385 1.930361381127613 -4.5169751353393437 8.2701002986714762 0 0 0 0.91709346849102902 9 9910 4 10011 2 7719
3386 2.2741778406959967 -3.3823394011580366 7.6700356903092937 0 0 0 0.91004103437433348 9 10896 4 10047 5 11031 5 11622
3387 -1.5724056588488724 -2.2265732658836845 8.4183351246657683 0 0 0 0.66037090561426115 9 10563 4 10068 5 11053
3388 -0.98151847597632502 -2.1915612444495305 8.2566623809849862 0 0 0 0.43870289781779648 9 10574 4 10073 5 11064 2 7852
3389 -0.69857824832516513 -2.2157806604996502 8.1823525495566738 0 0 0 0.69467403189332688 9 10012 4 10075 5 11065 2 6865
3391 -1.4750391280964705 -2.0385365327713805 8.3750465467595436 0 0 0 0.72313852710014714 9 10594 4 10086 5 11076 6 11938 8 4970 2 6901
3392 1.5074101113450207 -2.2625900064949773 7.6459902212633901 0 0 0 0.076216484299991769 9 10038 4 10103 5 10231
3393 1.4194764415834071 -1.7546851330317397 7.4838047976460205 0 0 0 0.20395622411041514 9 10628 4 10114 5 11102
3394 -1.4914812004935529 -1.0867529424031341 8.0818792064495284 0 0 0 0.37269343162170887 9 10083 4 10124 5 11121 2 5544
3395 2.1302200092942063 -1.0125729879963925 7.0788816753390966 0 0 0 0.83365562256335723 9 10959 4 10159 10 9957 5 11158 2 7934
3396 1.8051109768752138 -0.94673056334813466 7.1773533303388444 0 0 0 0.39390836775133647 9 10667 4 10160 5 11162 2 7948
3397 -1.032740966741537 -0.48564023778961968 7.8526216392103123 0 0 0 1.1904359201356072 1 11349 4 10169 5 10368
3398 -0.016383512657281437 -0.51592582785547658 7.6829546432467382 0 0 0 0.39345380188551843 9 10693 4 10175 5 11178
3399 -0.55488129538514863 -0.44901781007180824 7.366728039096115 0 0 0 0.11389135025692797 9 10684 4 10177 5 10376
3400 0.17563270620193391 -0.40323592481792603 7.3470642172309173 0 0 0 2.5944849327887263 9 10154 4 10185 5 11185
3401 1.0774020743937647 0.0065809291843186863 6.7485732460871279 0 0 0 0.2388565303949112 9 10724 4 10206 5 11207
3402 1.0774020743937647 0.0065809291843186863 6.7485732460871279 0 0 0 0.2388565303949112 9 10725 4 10207 5 11208
3403 0.16448483731470281 0.12292322872284475 7.0129302984621757 0 0 0 0.45031960169836593 9 10974 4 10212 5 11211
3404 0.14153168429925136 0.25961522558860228 6.9251475786430525 0 0 0 0.7837222210551239 1 11381 10 10259 4 10224 5 11225 2 8098
3405 1.0745047990640664 0.19588815188275244 6.6728487720448344 0 0 0 0.3176935864265224 9 10741 4 10235 5 10445
3406 0.40979978936252726 1.0535903375450248 7.0601535856654776 0 0 0 0.27484232064304864 9 10778 4 10272 5 11293
3407 0.65062462638256668 1.0682033235733102 6.9563513373909904 0 0 0 0.53082775329194509 9 10781 4 10276 5 10520
3408 0.63623815036691467 1.1430674145215789 7.030955313796122 0 0 0 1.5048915797369464 1 11425 9 10783 4 10278 5 11298 2 7370
3410 0.75666009622382246 1.520270116547827 6.7413858211339592 0 0 0 0.9662970603119746 9 10812 4 10314 2 6246
3411 -1.4086036968012148 -4.1973674244736578 9.1305889278378132 0 0 0 1.0408315049499799 9 10880 4 10436 5 11601 2 8505
3412 1.9729348970175902 -2.9564280952297528 7.601562546887636 0 0 0 1.5337389206231078 9 10906 4 10465 5 11632
3413 -0.92186135911812273 -2.2708789732384438 8.2366540691609949 0 0 0 0.30041177828654497 9 10567 4 10476 5 11056
3414 -1.5498940623826107 -2.1478864596647536 8.4167934437305263 0 0 0 0.49826984878144698 9 10572 4 10479 5 11654
3415 1.9294784535298406 -1.4370715014213811 7.2111442088577054 0 0 0 0.43576050712536291 9 10954 4 10518 5 11688
3416 2.1417726954234602 -1.2872453752687119 7.1072778637869964 0 0 0 0.14846499931535087 9 10645 4 10529 5 11132
3417 -1.2074607975517286 -0.84340229377162401 8.0205968963566381 0 0 0 0.56153155407733113 9 11110 4 10534 5 11699 2 8670
3418 1.818947664970646 -1.0928350571633465 7.0856984207052571 0 0 0 0.28225228249539402 9 11109 4 10536 5 11701
3419 1.5433796087158504 -1.0370546409701824 7.2487966072993517 0 0 0 0.45014986582238098 1 11331 4 10538 2 8645
3420 1.0603454279295046 -0.87677450332360551 7.2054787330222947 0 0 0 2.0045475946811089 9 10961 4 10543 2 8656
3421 2.0930500817262025 -0.8717950122866398 7.1187748164112605 0 0 0 1.2243501909040948 9 11114 4 10547 5 11712
3422 1.8430317856420735 -0.14932398263799251 6.5772739701007135 0 0 0 0.1426765103162006 9 11127 4 10574 5 11741
3424 0.92666022476499832 0.5522670667491949 6.5146453113849621 0 0 0 0.66858007528557728 9 10995 4 10597 5 11262
3425 -0.61392151213222845 1.2903801411646467 6.9208394521827428 0 0 0 0.70226312033487359 9 11010 4 10617 5 11312
3427 2.2488598745136974 -4.1764313944989242 8.0853568812652483 0 0 0 0.50887723371275173 9 11071 4 10741 5 12026
3428 2.3156642777553063 -2.820771240492121 7.3226353825752417 0 0 0 0.59849372529635114 9 10909 4 10749 5 11637
3429 1.8128628401042102 -1.6267776250858437 7.3007161843430897 0 0 0 0.10709955059520881 9 10947 4 10779 5 11681
3430 2.0933315152528875 -1.4524064121632716 7.1976399559399269 0 0 0 1.5097196673391078 9 11106 4 10786 5 12066 2 9440
3431 1.5163396631082426 -1.1445305398976766 7.2949817053043988 0 0 0 0.5796938963488325 9 11108 4 10788 5 12073 2 9126
3432 -0.37106827060785896 -0.72205777295976026 7.5043503174412036 0 0 0 2.2681823761190039 9 11201 4 10793 5 11707
3433 0.94090576546927218 0.99026912691671554 6.5208082085661125 0 0 0 0.39633733560369749 9 11225 4 10837 5 12128
3434 0.54369160370078728 1.3241018291156419 6.9430582254986408 0 0 0 0.14393493441289504 9 11147 4 10842 2 8826
3435 0.54619837597492571 1.3252311873093789 6.9507822776870052 0 0 0 0.26531733453248563 9 11148 4 10843 2 9258
3436 1.189195812698667 -2.4366287699869358 7.5606372727985338 0 0 0 0.27604275822452401 9 11086 4 10948 5 12277
3437 0.10964354831130711 -1.1604657687254025 7.7838858128301789 0 0 0 0.88558953112982408 9 11195 4 10974 5 12069 2 9465
3438 1.7446941826146927 -0.89963976273746937 7.1602517014615135 0 0 0 0.21406547322564307 9 11204 4 10982 5 12301
3439 0.50914103226842677 0.47079468430775051 6.7737799066513951 0 0 0 0.73286848562711271 9 11219 4 10994 5 12313
3440 0.50914103226842677 0.47079468430775051 6.7737799066513951 0 0 0 0.73286848562711271 9 11220 4 10995 5 12314
3441 1.5572669698766848 -1.4459936304862513 7.3327079043696184 0 0 0 0.65545208201936356 1 11618 4 11090 10 10419 5 12452
3442 1.5555135674158314 -1.4446819948825482 7.3300118492804822 0 0 0 0.66084946938467815 1 11619 10 10420 4 11091 5 12453 2 9672
3443 1.3341470106290756 -1.3805494394852229 7.3559107423688612 0 0 0 0.71743585285833256 9 11194 4 11092 2 9673
3444 1.6591836605474919 -1.3038732976794114 7.3065393542087778 0 0 0 1.6211975960163862 10 10495 4 11093 2 9674
3446 1.0839986350481481 0.5228369303455157 6.5397333073607848 0 0 0 1.2839039861724766 1 10579 10 9758 9 10334 4 9687 3 6114 6 12151 7 10325 8 5170 5 9492
3447 -1.4397533517520937 -1.0622020912506962 8.0626662970195966 0 0 0 1.104335553708564 9 9314 4 9500 6 9740 8 3614 1 8305 5 10306
3448 0.066875452072914815 1.8019054806264645 6.8746786869744048 0 0 0 1.4039183289299471 9 5561 4 2364 1 7843
3449 -1.6206988739368999 0.93768148612446622 7.2810369167920843 0 0 0 1.0508305306402739 8 1790 4 4271 6 6281 5 2058
3450 -1.6206988739368999 0.93768148612446622 7.2810369167920843 0 0 0 1.0508305306402739 8 1791 4 4272 6 6282 5 2059
3451 2.7608460524613094 -2.4160743116767014 7.2822448094942995 0 0 0 0.91887446010785112 10 6661 4 5591 2 543
3453 0.17431961762558745 1.5583548073456199 6.979469173429619 0 0 0 1.337597042463859 9 9722 4 7962 5 8160 1 10724 2 4646
3454 0.13309289667705657 1.6124808035779106 6.9769347331670062 0 0 0 1.3162044944112627 9 11023 4 10315 1 11445 2 7463
3455 1.9586700879331693 -3.8617424312339943 8.319972490551125 0 0 0 0.53691542590706087 4 3344 9 314 5 279
3456 -0.44417691431911022 -2.1122512349485718 7.9046783977776105 0 0 0 0.2152096139092782 4 5556 9 3906 5 671
3457 -0.97607426762038774 -1.9776619042402659 8.1890358120686226 0 0 0 0.19071629583964192 9 3968 10 3358 5 699
3458 -0.42919248616272943 -1.659536318343144 7.7748407440602829 0 0 0 0.29688864077662952 4 5620 9 4031 5 786
3460 -0.5678821854736823 -1.5893652816011425 7.7608369181918926 0 0 0 0.35045233946473314 4 3647 9 4044 5 806
3461 1.613101490938174 -1.724463974836282 7.3803823734971878 0 0 0 0.12956234103965095 1 4088 4 5643 5 828 2 881
3462 1.7086646207130534 -1.4737173752918897 7.295221815474517 0 0 0 0.61934296265994837 1 1062 5 903 10 908
3463 -1.2563218062948629 -1.1183914416759488 8.0132016681634166 0 0 0 0.080762780620516728 4 3708 9 4176 5 926
3464 -1.2563218062948629 -1.1183914416759488 8.0132016681634166 0 0 0 0.080762780620516728 4 3709 9 4177 5 927
3465 -0.98189194517461864 -1.0506137187917139 7.9852384014259057 0 0 0 0.17584038251447573 4 3741 9 6447 5 951
3467 0.21610096431480996 -0.95490684826235861 7.7440939491080112 0 0 0 1.4875997901837863 1 4346 10 5514 5 1051
3468 0.53935834537926453 -0.93672203545104182 7.9073565114848092 0 0 0 0.84420562911881813 6 5588 5 1069 8 1108
3469 -1.3983076947190516 -0.69728619219041388 8.0410112370709204 0 0 0 0.47279613794966835 4 3821 9 4367 5 1125
3470 1.6882637739531288 -0.68914288598940732 7.2313822003003905 0 0 0 0.77617354996877452 1 6820 10 7040 5 1258
3471 0.15719243707186925 -0.54070475428532017 7.6403319692100879 0 0 0 1.2962493288623493 1 4521 5 1268 10 7048
3472 -1.1538277733281874 0.13575796177772781 7.3414530194075001 0 0 0 0.96330329028645023 4 6040 9 6866 5 1588
3473 0.32604426648110352 0.028138226364549442 6.9456830249419914 0 0 0 0.78346197643261817 1 7002 5 1595 10 7224
3475 1.2668123934840918 0.041814230258373844 6.6851811874445142 0 0 0 1.0664541452838583 1 7055 5 1648 10 8324
3476 0.1963842445306242 0.14791351610257683 6.948617155267077 0 0 0 0.96533860354665857 1 7059 5 1659 10 7275
3477 0.80052479715626246 0.12928761280133763 6.8301737224921162 0 0 0 0.73476972142852859 1 7076 4 1431 5 1672
3478 1.420883652521334 0.21025315965674762 6.6085015617169036 0 0 0 2.0201326397872807 1 7098 5 1729 10 5961
3479 -0.20691193103682598 0.34326557998920149 6.9940515195725919 0 0 0 0.7806785270692872 1 8714 10 8386 5 1739
3480 1.396308015224371 0.23113472240628072 6.6134126932376684 0 0 0 0.17876092974379496 4 4137 9 6968 5 1747
3481 0.81137552474256358 0.29190769922099075 6.7765969140667952 0 0 0 0.37792350205936676 1 7129 4 4145 5 1755 10 7337
3482 -0.0027874856914595083 0.35702204377672936 6.9508225115016655 0 0 0 0.34571664562523957 1 7110 4 6173 5 1760 10 7333
3483 1.3652878574300169 0.27934683768018786 6.6057621952832131 0 0 0 0.9296779304476317 1 7151 5 1786
3484 -1.156881827567984 0.605459772447275 7.2310973895664903 0 0 0 0.60225392594529836 9 4880 5 1858
3485 1.7608429145791191 0.38377571829950591 6.4540571051877347 0 0 0 1.2033535685578458 10 7427 5 1866 6 8550
3486 1.0188453501175758 0.59111951120886586 6.5974925566537657 0 0 0 0.99121486313855467 1 8830 4 4244 5 1963
3487 -1.0718309865177673 0.76272013420222606 7.1929653455479059 0 0 0 0.48879189151423291 9 4942 5 1966
3488 -0.782341252881122 0.74796094796753254 7.0770114621811011 0 0 0 0.50909544913213423 10 7474 5 1974
3489 -0.85389632331194876 0.76722545343003479 7.0957119987696391 0 0 0 1.0214357258597164 7 2716 5 1985 9 4955
3491 1.0356400914946666 0.63714882806241446 6.539278144754948 0 0 0 2.0329536669877086 1 8841 10 8502 5 1999
3493 -1.566331152222189 0.93536857518975702 7.2687900238525813 0 0 0 1.0388968383623489 4 4273 8 3154 5 2060
3494 0.98775251760392668 0.85025908313951437 6.4755265603637078 0 0 0 0.0097686090220310863 10 8587 5 2123
3495 -0.88877433278691786 1.3469691536309478 7.2748624781183242 0 0 0 1.2625194275210276 4 4429 9 7241 5 2351
3496 1.6592195421140861 1.1620984847965907 6.494694119465966 0 0 0 0.23249378353454536 9 7273 5 2365
3497 -0.62702717268711283 1.3117138173822915 6.9313021739173823 0 0 0 0.15412883627180582 4 6404 9 7254 5 2379
3499 -0.87616659802774088 -4.4900767021107919 8.9743665512617152 0 0 0 0.37962670340991705 4 5196 10 3028 5 4504
3500 -1.5537096172116869 -4.1661072287827183 9.1191284406567359 0 0 0 0.35688538643164219 4 7010 9 3534 5 4536
3501 1.533979951773202 -4.4560798146317158 8.3723355618297983 0 0 0 0.55139255666996689 9 3544 5 4539
3503 1.8037669239059044 -2.4604878828138639 7.5508062799230258 0 0 0 0.10817157663933612 9 6225 5 4858 2 572
3505 -0.42493897775172845 -1.4422050418683316 7.6903755508145739 0 0 0 0.15277896834403357 4 5654 9 8042 5 4985
3506 0.99945442913436988 -1.5564273845001224 7.352146368733794 0 0 0 0.37953110089432673 4 7283 9 6366 5 4987
3507 -0.21692396989911963 -1.3797563700256588 7.794314965952279 0 0 0 1.4403686904624693 1 4125 5 5001 10 5353 2 1067
3508 -0.20257298157963252 -1.3829797638571868 7.7973013705817547 0 0 0 0.21606289616884455 9 6391 5 5002 2 1068
3509 1.6572336677289228 -1.4274792542560399 7.297627790118983 0 0 0 0.66531992899233805 4 5683 9 4162 5 5020
3510 0.90210514080399529 -1.2414656449507115 7.4735075573976735 0 0 0 0.27115380922764309 9 6434 5 5043 2 1096
3511 0.37146355024193922 -0.98444422624115968 7.7273266085217278 0 0 0 0.72712146759182117 4 7351 9 6549 10 6902 5 5107 2 1197 8 2553
3512 0.93092988785531838 -1.0350808809670675 7.4432328829264325 0 0 0 0.25654040553863294 4 5759 9 6535 5 5111
3513 1.0124373683407457 -0.9432998157578969 7.3629927725708688 0 0 0 0.28920028963590599 4 7378 9 6579 5 5142
3514 1.4349301809480508 -0.8864321194098076 7.3134397929458625 0 0 0 0.18156681002033345 4 5803 9 8209 5 5186
3515 2.2102727912128408 -0.9082425763049865 7.0387736976770787 0 0 0 0.11493088776020222 4 5830 5 5203 2 1177
3516 0.86655130044506223 -0.74818711425383777 7.517561161425184 0 0 0 1.0684525625039318 1 6786 5 5226 10 7005
3517 -0.03974094617416693 -0.50045585003476323 7.6954611811833029 0 0 0 0.60988693996668919 4 5869 9 6726 5 5271
3518 2.22210718988855 -0.65747527810965845 6.6717588050959256 0 0 0 0.31153935770883112 10 8084 5 5287
3519 0.023790596801326353 -0.39602262893328527 7.6442463756199137 0 0 0 0.66384835077338622 4 5897 9 6750 5 5301
3520 0.023790596801326353 -0.39602262893328527 7.6442463756199137 0 0 0 0.66384835077338622 4 5898 9 6751 5 5302
3521 2.2200058696665135 -0.019440775330412361 6.4436966959973576 0 0 0 0.33566201934564699 6 8395 5 5524 2 3960
3522 2.2200058696665135 -0.019440775330412361 6.4436966959973576 0 0 0 0.33566201934564699 6 8396 5 5525 2 3961
3524 0.97137710614402517 0.34471718762912446 6.642598980871762 0 0 0 1.3964835713330663 1 8761 9 8557 5 5664 10 9219
3528 2.0707704861089291 0.40840196649636312 6.3611257737708762 0 0 0 1.428219418832738 8 3123 10 8469 5 5703
3529 -0.15457679849122474 0.62509426469706031 6.9054779286294652 0 0 0 0.52054871063368646 1 8817 10 8474 5 5717 2 2006
3531 -1.1112600926369842 0.80477215281275827 7.184656190631272 0 0 0 0.19514562895627882 9 9588 5 5741
3532 1.1223705618303372 1.0415733474073128 6.3676957987394003 0 0 0 0.24425948351999791 9 8709 5 5906 2 2286
3533 1.5317806898041462 1.1365086660531303 6.5851692334214356 0 0 0 0.049126632972368356 9 9678 5 5925
3534 0.030692459464817034 1.289479116942708 6.99604168562864 0 0 0 0.73672966538531315 9 9681 5 5940 2 4503
3535 0.0077074230084114596 1.6608578202803645 6.895475688504785 0 0 0 0.57569708846439116 4 6565 9 9744 5 6120
3536 1.4276661152949892 -4.4310789458718984 8.3969414666018025 0 0 0 0.791464931847916 4 7025 9 6040 5 7100
3537 1.0696137812193489 -2.4161387464426367 7.6048232627151275 0 0 0 0.13129096569438503 9 7910 5 7245
3538 -0.44334321985572606 -2.1804561891342353 7.9161130852089769 0 0 0 0.50873001480328228 4 7194 9 7930 5 7263
3539 -1.3232444675014872 -2.0837778043815072 8.3387761978239627 0 0 0 0.7219095353965872 4 8509 8 3503 5 7279 2 3566
3540 1.1258824561554814 -1.4400815791044621 7.2826887018326723 0 0 0 0.71883355803859394 1 8261 4 7298 5 7415 2 3637
3541 1.0404225569265109 -1.3488063743660155 7.2845278658796664 0 0 0 0.87809760027867623 9 8089 10 7946 5 7430 1 6445 2 3661
3542 1.0365742859419311 -1.3489911881094807 7.2836014780139058 0 0 0 1.0011909171885633 1 6446 10 7947 5 7431
3543 1.9238871299737104 -1.2864905008076986 7.2116521560198503 0 0 0 0.43032996090617415 9 9328 5 7450 2 5483
3544 1.0502224924143975 -0.80959210086924904 7.0748598329506569 0 0 0 0.52349706761662651 4 7415 9 8190 5 7526
3545 -1.0847222259286244 -0.56926954517305295 7.8511031604015615 0 0 0 0.25467842139212576 4 8708 9 8228 5 7537
3546 -1.0847222259286244 -0.56926954517305295 7.8511031604015615 0 0 0 0.25467842139212576 4 8709 9 8229 5 7538
3547 -0.46381492446013772 -0.33031231596021721 7.3015477544486824 0 0 0 0.59420580207098317 4 8743 9 8280 5 7598
3548 0.60254195272328603 0.0061482404587407981 6.883155464023532 0 0 0 0.27621359918099908 4 7642 9 9492 5 7725
3549 -1.2348323434811823 0.17657437581543656 7.3641266825771803 0 0 0 0.55044275280725896 4 8791 9 9498 5 7745
3550 -1.2632758196335974 0.20453634277202012 7.3861692137562516 0 0 0 0.69485000786964912 9 9518 5 7770 2 4075
3551 -0.98072252434512652 0.22005677656794054 7.2731007256324203 0 0 0 0.35875982197861234 4 7670 9 8462 5 7790
3552 0.26326443273235817 0.18463177548259632 6.9622590145950545 0 0 0 0.59855926976896168 4 7683 10 9144 5 7799
3553 1.7389066883584312 0.17807897255093419 6.5094454579343308 0 0 0 0.37292977525978871 4 7730 10 9203 5 7826
3554 0.25263864102940464 0.30203893142971555 6.8923479125790807 0 0 0 0.68345609634864657 1 9777 5 7831 10 9197
3555 0.25044566132856572 0.30370772295610732 6.8825234101348229 0 0 0 0.67698267866786677 1 9778 4 7715 5 7832 10 9198
3556 1.1624319272755976 0.43610588333753514 6.5465793120495066 0 0 0 1.7207570849027274 1 9811 10 9223 5 7879 2 4174
3557 0.93467506134576361 0.62045243311309239 6.6144421959955775 0 0 0 0.31194188768552944 4 8905 9 9589 5 7920 2 5942
3558 -0.22959510024449561 0.72857018977313392 6.8996187264899955 0 0 0 0.83096662104003716 7 7896 9 9590 5 7928
3559 -1.1126793595954327 1.1891768437040149 7.3946887830974566 0 0 0 0.5923119487582178 4 7836 9 9641 5 8012
3560 0.22552907500750438 1.2076613569403831 7.0898999966032328 0 0 0 0.38500213756590645 4 7883 9 8719 5 8055
3562 2.0217199258708782 -4.3819478476739899 8.1445474183775612 0 0 0 1.2373512518563607 1 8053 5 8906 2 5144
3563 -1.0793379762906066 -1.4408819062881943 8.0230204776611949 0 0 0 0.71179464274038351 4 9462 9 8044 5 9117
3564 -0.00048459901383313825 -1.0624523066434581 7.7884151086845179 0 0 0 0.21772184221735147 4 8669 9 9339 5 9197
3565 -0.77776861243557394 -0.7826799289048203 7.8831775790282217 0 0 0 0.54708347127983503 4 8687 9 10661 5 9217
3566 2.0782223278073473 -0.88976072455372213 7.1991808492849243 0 0 0 0.56334276986709575 9 10134 5 9233 2 7006
3567 2.1295849273647418 -0.74766410053077537 7.1186175395653306 0 0 0 0.484364868125642 4 8719 9 10149 5 9255
3568 1.1678194657809677 -0.37299916876858497 6.8665884518703466 0 0 0 2.0452597392230243 4 8753 9 10162 5 9286
3569 1.0142750393678226 -0.25783393772876767 6.8149173025694152 0 0 0 0.19218157497711355 4 8765 9 10170 5 9296
3570 -0.23578965032453456 0.077872465616902711 7.0843952072362137 0 0 0 0.26350687764663877 4 9610 9 10224 5 9340
3571 0.41813283923722638 0.055414425304115431 6.9291939117700183 0 0 0 0.44735177331442494 4 8836 9 10264 5 9370
3572 -0.17425553948505199 0.22426701314895622 7.0223646151153059 0 0 0 0.67020524833461081 1 10514 5 9393 10 9687 2 4091
3573 0.95426465081480771 0.24171859283222041 6.7061447764052442 0 0 0 0.137305200052355 4 8859 9 9561 5 9403
3574 0.22028158784955221 0.33814706535134798 6.8801312022556633 0 0 0 0.67692119198164946 1 10532 4 9644 10 9717 5 9435
3575 0.53252594358215166 0.3172850574576852 6.8093931428136969 0 0 0 0.60223449675281759 1 10537 5 9438 10 9721
3576 1.1500142755847707 0.46908651176913474 6.5568160862596265 0 0 0 0.92695285054624577 4 8898 5 9483 10 10074 2 7276
3578 -1.8252419552008978 0.69660984604158882 7.3267666352447272 0 0 0 1.0354912499445321 4 9678 8 4676 5 9487 6 11271
3579 0.97268257097839017 0.65229524898429403 6.6064019475083047 0 0 0 0.18260408860755742 4 8909 9 10343 5 9510
3580 -0.67076993533544738 1.0828246107926907 6.9793865389178258 0 0 0 1.607005185179823 4 9712 9 9628 4 7833 5 9554
3582 -0.54758322658656389 1.2055980411569378 6.7846142754946595 0 0 0 0.81539735671228286 4 9726 9 10375 5 9584
3583 -0.99374180029915382 1.4671695170914723 7.2881262956757231 0 0 0 1.5861603674395859 4 8985 9 10389 5 9604
3584 2.0600865016864334 -4.3607845825434524 8.2627376463760847 0 0 0 0.87291058465487803 9 9926 5 10114 2 6683
3585 2.1058384896690261 -2.3460440471779762 7.5174282850184113 0 0 0 0.18463379519470502 4 9426 9 10611 5 10227
3586 -1.2078645327076876 -1.2884523666016878 8.0691271480876612 0 0 0 0.30328490244116757 1 9489 4 9475 5 10284
3587 0.96155553918105396 -1.4262250828785299 7.5175150361495078 0 0 0 0.2764555946469972 4 9488 9 10075 5 10296 2 6954
3588 1.8383446191933368 -1.149072105191278 7.2600234418053073 0 0 0 0.71180543652241335 4 10140 9 9344 5 10326
3589 0.6520344654953083 -0.80491337203252233 7.5956073361031642 0 0 0 0.42556190552147871 9 10132 5 10355 2 7033 4 9554
3590 1.615153970743185 -0.09213863622892135 6.6195557416482984 0 0 0 0.061415547450339579 4 9622 9 10244 5 10414
3591 0.96848139496817476 0.53490262223673735 6.6076101278902097 0 0 0 1.5214649844419237 1 11135 10 10087 5 10485
3592 0.98053224428269681 0.81774839351239115 6.5564727813295445 0 0 0 1.2207385156312638 1 11412 10 10293 5 10509
3593 -1.0074915480220763 1.3472162731036061 7.303735997039511 0 0 0 0.9936906363702388 4 10292 9 10790 5 10545
3594 0.93809908619609494 1.2079131912464967 6.4891263089564966 0 0 0 0.29697011002173607 9 10794 5 10552 2 6144
3596 1.6218934067487474 -2.3130822328078846 7.5890484235702393 0 0 0 0.45952452201134797 9 10600 5 11082 2 8565
3597 0.33916960702336785 -1.1515203544897952 7.7894553673484683 0 0 0 0.1043990537971564 9 10647 5 11127 2 7933
3598 1.8477707174148144 0.090587126166004631 6.5049582375367025 0 0 0 0.97669320088392508 9 10737 10 10051 5 11219 2 8077
3600 0.61498786443734377 0.20372942823391232 6.8360857732859133 0 0 0 0.50731632512390812 1 11382 10 10252 5 11223 2 8092
3601 0.14153168429925148 0.25961522558860217 6.9251475786430534 0 0 0 0.78372222105516465 1 11380 4 10225 5 11226 10 10260 2 8099
3602 1.3845965679346901 0.15650964680577553 6.6187817067787584 0 0 0 1.5529882548559144 1 11391 4 10228 5 11228 10 10257
3603 0.74504194511892152 0.21518386212088458 6.7519078186199284 0 0 0 0.53916292884266837 1 11387 4 10231 5 11234
3604 0.74504194511892152 0.21518386212088458 6.7519078186199284 0 0 0 0.53916292884266837 1 11388 4 10232 5 11235
3605 -1.4292565080883983 0.82063670629199403 7.2605223230933031 0 0 0 0.78837313178313506 6 12707 8 5553 5 11269
3607 1.1505403229726809 1.092570285093138 6.38939096290654 0 0 0 0.26760639332861541 4 10293 9 11007 5 11307
3609 -0.9042816911694862 -4.2272385815303988 9.0025728715425188 0 0 0 0.71613967434342873 9 10882 5 11603 2 8498
3610 1.0297988592203919 -2.150653768521591 7.535084449580209 0 0 0 0.77776261583199047 4 10494 9 10931 5 11660 2 8586
3611 1.6211889965604447 -2.1231717097947804 7.5269701130745776 0 0 0 0.5752401470294215 1 11311 4 10496 5 11663 10 10182 2 8584
3612 1.299807155588901 -0.26029118234112125 6.8010101333703474 0 0 0 0.84174295719461656 4 10806 9 10973 5 11724
3614 -0.45702215073349844 0.040047127752069422 7.1517588979128046 0 0 0 2.1694302874752727 4 10812 9 11121 5 12098
3615 -0.08618470462027493 0.24731259291186306 7.0095685317819179 0 0 0 1.3918420014204402 1 11642 5 12106 2 9186
3616 -0.08618470462027493 0.24731259291186306 7.0095685317819179 0 0 0 1.3918420014204402 1 11641 5 12107 2 9187
3617 -1.4678158334097808 -0.94744880769598649 8.0437191326176709 0 0 0 1.3220746752420467 4 3758 8 1047 1 1206 10 5425 9 4242 5 995
3618 -1.32067662960238 -2.1408086971634352 8.3405430358277624 0 0 0 0.76516332680414967 9 9185 4 9403 5 9015 3 3992 6 9599 7 8849 8 4363 2 3556
3619 0.033779648014869434 0.52451537498217427 6.8800383955626607 0 0 0 0.47712610912070047 1 7208 10 7424 6 8561 7 5818 5 5683
3620 -0.69593692112761008 0.58793462834962229 7.0907369522915991 0 0 0 1.3540934270537088 1 11652 10 10514 5 12315 9 11221 4 11103 2 9207
3621 1.371992228476447 0.43079427568779644 6.5438459474346269 0 0 0 0.4830991104915846 6 10098 8 4030 5 5687 9 8574 10 9229
3622 1.9306959004690365 -2.4698231716077772 7.494638430005728 0 0 0 1.28336954622822 1 3936 4 5533 10 3277 9 3892 5 4859
3623 -0.49530761390766859 0.73190004289125732 6.8985825464530022 0 0 0 1.602868992332585 9 8612 5 1987 6 8616 7 5894 1 8832
3624 -1.4001130513575655 0.84126110515295605 7.185535262781217 0 0 0 1.8606960198201676 1 5057 10 6188
3625 -1.398941026225057 0.86884105928528133 7.1599389369126589 0 0 0 1.81975278887303 1 7299 10 7502
3626 2.7598808453591297 1.4139152482391435 6.2880162147288656 0 0 0 1.2884867386538541 3 1725 5 2569 4 2223
3627 2.7103426650815114 -2.8779767908480358 7.3500794984046678 0 0 0 2.7149536836269546 1 3859 4 5424 5 4683 2 405
3628 1.4277511967424084 0.77532843506554039 6.5134853271031856 0 0 0 0.79440995351625909 10 10398 5 11281
3629 1.7850394988711316 0.37338582529417647 6.452993515826301 0 0 0 1.1842415451298092 3 4300 6 10094 8 4029 5 5677 9 8569 10 8453 2 1871
3630 2.2749490091013538 -5.430980472711358 8.5652492043867117 0 0 0 0.5961323027554164 4 5159 2 40
3631 -0.52633919841455901 -4.0012930062764047 8.5662003156875333 0 0 0 1.8805239471994113 1 3743 2 310 10 5036
3632 2.1043275674492117 -2.6368746956187747 7.4849267793162442 0 0 0 0.20167468943917477 5 4821 2 489 4 7162
3633 0.99048729830127991 -2.6701262989865375 7.6398846849064812 0 0 0 0.49524714808437792 8 400 2 530 6 7582
3634 1.6639397088532144 -2.6024162869800258 7.6065471997975473 0 0 0 0.30571187169983838 5 4819 2 535 4 5502
3635 1.5266312668836346 -2.6134067328401658 7.6125326827413549 0 0 0 0.36341460827829203 4 3537 2 537 5 528
3636 2.7608460524613094 -2.4160743116767014 7.2822448094942995 0 0 0 0.91887446010785112 4 5590 10 6660 2 542
3637 1.9348684291404612 -2.4735302112841535 7.5040704240192513 0 0 0 0.059207445463022666 4 5534 5 4860 2 562
3638 -1.0906159442853873 -2.4021195639275126 8.2748560510646154 0 0 0 0.49871767466647193 5 7210 2 770 4 7136
3639 0.90471048459062753 -1.4051988894104988 7.5331363076472559 0 0 0 0.41483014269324964 5 902 9 6409 2 1023
3640 2.0963581017998503 -1.1890309474075487 7.1242396188108996 0 0 0 1.9649090341527959 1 6619 10 5440 2 1070
3641 -0.10149644006510669 -1.2757372463689349 7.7319498531402058 0 0 0 1.2650878626025115 1 6460 4 7302 5 7427 10 5367 2 1109
3642 -0.17344717860573242 -1.2672681723267647 7.7969243229930534 0 0 0 0.40276670367200246 8 3601 2 1112 6 9707
3643 0.11541106344064994 -1.206266326493332 7.7844640815423016 0 0 0 1.4746123600100882 1 6521 2 1135 10 6801
3644 0.38984868327328936 -1.1931503517370261 7.8010658747669908 0 0 0 1.4145216870300583 10 6844 2 1137 1 6581
3645 0.26799305035618043 -1.169004141253726 7.8296718086576593 0 0 0 1.4786761210918478 1 6595 2 1144 10 6849
3646 2.1359634531625842 -0.88532720424045053 7.0861313851865262 0 0 0 1.5880664477067805 1 8391 6 8064 8 1158
3647 0.88495506965412196 -0.81947116332575709 7.5580301909702285 0 0 0 0.56564289923990463 8 2635 9 4436 2 1274
3648 0.87112591749374835 -0.7547848690943143 7.5153296364922291 0 0 0 0.45778513901806323 8 2652 2 1294 6 8131
3649 2.2438762844316247 -0.093505728091395179 6.455991155753102 0 0 0 0.36797997316478814 4 6078 5 1614 2 1573
3650 2.2438762844316247 -0.093505728091395179 6.455991155753102 0 0 0 0.36797997316478814 4 6077 5 1613 2 1574
3651 -1.1455023175217287 -0.09963635805692142 7.4333135347215 0 0 0 0.31371820692439345 1 8494 2 1604
3652 1.9189199896166902 -0.03201752262429701 6.5744813246806908 0 0 0 0.38057150763608144 4 6097 2 1616 5 5504
3653 1.6120985449763321 -0.025356149863095347 7.0046670188611477 0 0 0 0.86466054436323481 8 1529 9 6910 6 5953
3654 1.6001463296417795 0.028910492074508728 6.6112827366951299 0 0 0 1.5110171654769393 5 5532 8 1541 2 1662 4 6112
3655 0.3529591863803781 0.30206060366191645 6.8776496174630699 0 0 0 0.6817518731934773 1 8724 2 1826 10 8397
3656 1.5896288874503075 0.30570918784497009 6.510985088493956 0 0 0 0.18501873341125008 10 7392 2 1828
3657 0.072878252183048914 0.31344322593831592 6.948277807059787 0 0 0 0.68898515061026966 1 8715 10 8378 2 1837
3658 1.0411570825736183 0.3440446083694107 6.5800212674112508 0 0 0 0.94284716299746674 1 8760 10 8424 2 1852
3659 -0.20440800210726701 0.34047538741537453 7.0124535700939132 0 0 0 0.93352919857613148 1 8713 10 8385 2 1855
3660 -0.18629100411491614 0.3728249447665723 7.0458734144102255 0 0 0 0.5302263874401737 1 7123 2 1867 10 7350
3661 1.2706549753189966 0.50034872116317186 6.5343207779836199 0 0 0 2.5515232608888998 1 7240 10 7443 2 1929
3662 0.31276772306095013 0.53206232790452179 6.8570227157868286 0 0 0 0.79128963231535465 1 8792 2 1952 10 8460
3664 0.93629801993201611 0.68927880488221149 6.6052631394373771 0 0 0 1.9352769663054443 1 8862 9 8630 2 2060
3665 0.54351409199713463 0.90003387980696392 6.930517292769018 0 0 0 1.3211386903784728 1 8913 2 2129 10 8590
3666 2.3801277595727366 0.98045191057028502 6.1004742807003174 0 0 0 0.73231877172428528 4 4427 5 2312 2 2278
3668 -0.012239247652988878 1.4353640498990337 6.9166503617603592 0 0 0 0.97364293408771496 1 9082 9 7306 2 2449
3669 -0.11055533141727357 1.6323470976118595 6.7831977744549103 0 0 0 0.10537555132026805 1 9137 2 2556
3670 1.9991266526300862 -2.6508131610208903 7.4906580265980436 0 0 0 0.28364331204346621 5 4810 2 3349 4 5496
3671 1.9991266526300862 -2.6508131610208903 7.4906580265980436 0 0 0 0.28364331204346621 5 4811 2 3350 4 5497
3672 1.9535120654983762 -2.6446464426500378 7.4675089685618534 0 0 0 0.67703667019145397 1 6257 5 4809 2 3351
3673 2.098453421166226 -2.3756412409491476 7.4427848178741112 0 0 0 0.17655879055009668 4 7222 5 7287 2 3392
3674 1.6478602500319341 -2.4226944609686809 7.6083161876312317 0 0 0 0.13290264472756652 4 8515 2 3398 5 9017
3675 -0.79532932717318361 -2.4703204103300109 8.2422797575053934 0 0 0 0.26075247979200911 4 8470 5 8986 2 3447
3676 -0.044648846057142706 -2.2778217541993717 8.0283384006297975 0 0 0 0.23139444919736979 8 3473 2 3470
3677 -1.0385921110729104 -2.107247405145666 8.2621656594390931 0 0 0 0.26265437150329679 4 8512 2 3550 5 7281
3678 2.0477734884156389 -1.708161924574314 7.2318380231535127 0 0 0 0.32905333443656787 5 7384 2 3563 4 8628
3679 2.3755914128241966 -1.6498715584943588 7.0157679930129309 0 0 0 0.50234444670023448 10 5306 2 3565
3680 -1.4797128362516314 -2.0692972951672259 8.3914901333653891 0 0 0 0.3662097957416246 4 8505 5 7275 2 3570
3681 1.1250937482190426 -1.4400959871763819 7.281772678027119 0 0 0 0.78305178377865714 1 6424 4 7297 2 3636 5 7414
3682 0.69898523766034248 -1.4066124023011193 7.5732057285342993 0 0 0 1.2373933295592312 1 6447 2 3657 10 6761
3683 1.9258394143586697 -1.2832115257228571 7.2060491657790893 0 0 0 1.496199370863609 10 7978 2 3658 1 8315
3684 2.3451774943814767 -1.1518945471559785 6.7581025236452197 0 0 0 1.3272002079569385 1 6578 6 9696 8 3653 2 3676
3685 2.3451774943814767 -1.1518945471559785 6.7581025236452197 0 0 0 1.3272002079569385 1 6579 6 9697 8 3654 2 3677
3686 0.39796663889278977 -1.0148964554162974 7.7378059366570646 0 0 0 0.19138044331890439 10 8029 2 3750
3688 1.0870234489813821 -0.78534691696406489 7.022818861189112 0 0 0 0.5016731573640939 1 6700 2 3776 10 8042
3689 -2.1067438726925936 -0.9267449274912557 8.3186502339578823 0 0 0 0.42796416310773483 4 8662 5 9188 2 3791
3690 0.52557977477338136 -0.81994460899676236 7.9928710943843688 0 0 0 1.1789129739440676 4 7385 2 3793 5 7499
3691 0.28222648084734736 -0.70657378004676119 7.6641954327406951 0 0 0 0.34685481436934024 4 7413 2 3809 5 7527
3692 0.90192296167740926 -0.020909713427400299 6.8000142695620838 0 0 0 0.23688635106126144 4 8813 5 7716 2 3966
3693 0.76550658567662055 -0.012703474112871291 6.8420559948613517 0 0 0 0.21270601800241351 5 7712 2 3969 4 7636
3694 -3.6482085767800205e-05 0.067795688413172739 7.0190175849946774 0 0 0 0.029013721263546122 5 7741 2 3998 4 7648
3695 1.5263501926033598 0.19541773964451034 6.5886411666110778 0 0 0 0.63991393467211566 5 7824 2 4070 4 8856
3696 1.4947590433382885 0.20145513036892246 6.6002991964051025 0 0 0 0.13844163185228664 5 5589 2 4074 4 6167
3697 -1.4974262289395506 0.22459387361517827 7.4525933654777203 0 0 0 0.19845067180945952 5 7777 2 4088 4 7652
3698 0.40715278228023627 0.29408530521098991 6.8637483288352206 0 0 0 0.81234375646616497 1 9779 10 9206 2 4121
3700 -1.2382098371605181 0.38608998274299366 7.3045770933935961 0 0 0 0.040662101244575859 10 9179 2 4148
3701 0.14078420462050451 0.38659045942953851 6.9367581821513564 0 0 0 0.26803689806314152 5 7862 2 4150 4 8878
3703 1.1564533144701767 0.52695801345960747 6.5054762391984058 0 0 0 2.0850244174519688 1 9828 10 9241 2 4213
3704 -0.18621291175002866 0.54978206746592395 6.9327485298987526 0 0 0 0.17697657490467564 4 8892 5 7883 2 4217
3707 -1.5192837961142862 1.2427795369717212 7.212164429127764 0 0 0 0.24184875481433679 6 10239 2 4463 8 4174
3708 -1.1935264054544994 1.3206927145658596 7.2445684598083249 0 0 0 0.9103811198233186 1 9939 2 4501
3709 -0.30757528440180221 1.3184537399616789 6.7558967020131151 0 0 0 1.2236929740841875 1 9977 6 10292 2 4558
3711 2.4041749608188621 1.274678304032127 6.0348576979592714 0 0 0 1.0271888738789452 4 6498 2 4626 5 6047
3712 -0.39391831280252981 1.5522716953479891 6.586495447146703 0 0 0 0.28445963088225534 1 10740 2 4702
3713 -0.39141711819574376 1.560639497641273 6.6144502249873911 0 0 0 1.6522345659629123 1 10741 6 10374 2 4703
3715 1.6636389625286347 -4.3233963965492546 8.2468659672581239 0 0 0 0.39188018812860337 4 9320 5 10113 2 5150
3716 -0.91182623121771944 -4.2299521484095832 8.9425489188264145 0 0 0 0.70330036914136884 9 9077 2 5202
3717 -1.0622655734144921 -4.221054400577227 8.9910909810169937 0 0 0 1.7191033784137566 1 8049 10 7789 2 5209
3718 1.9077427303828807 -2.4482316453159365 7.5372384788287796 0 0 0 0.20848002536973384 4 8518 5 9014 2 5310
3719 1.7426309552283388 -2.448679525664347 7.5739036305185126 0 0 0 0.29603921793994431 4 9409 5 10212 2 5316
3720 1.6142942482858886 -2.2770732003966092 7.5622339024285958 0 0 0 0.054993653909605734 4 8546 5 9047 2 5347
3722 -1.4005715521972171 -1.9840272229024003 8.3251445891832638 0 0 0 0.53748876096849507 4 9416 5 10229 2 5435
3723 -1.4005715521972171 -1.9840272229024003 8.3251445891832638 0 0 0 0.53748876096849507 4 9417 5 10230 2 5436
3724 0.57982567005064034 -0.91406255260432079 7.6424189026766101 0 0 0 0.23267105464574578 4 9545 5 9215 2 5554
3725 0.2193749458699123 -0.89450420212472859 7.7394451782421401 0 0 0 0.30159869403606421 6 11050 8 4466 2 5565
3727 1.0440999230167161 -0.42234077834090211 6.9169232654235477 0 0 0 0.63581067580049522 1 9598 2 5644 10 8116
3728 1.5789813840618814 -0.063126519884724508 6.6475950728547701 0 0 0 0.38624314532655779 4 8826 2 5710 5 7735
3729 0.80343570117126373 0.017587071728885611 6.839102319888176 0 0 0 0.42465789642209129 1 10489 10 9665 2 5742
3730 0.65031493358492343 0.030308195979159083 6.860478853187904 0 0 0 0.43301411197748196 6 11186 8 4593 2 5750
3731 0.57374083322899283 0.038537682088195122 6.8886653194805616 0 0 0 0.18407382968385569 5 9372 2 5751 4 8833
3732 0.035909137374407776 0.085690145913534299 7.0435223424344153 0 0 0 0.87627311854850731 1 10486 2 5774 10 9669
3733 2.0664480036866379 0.15473688994299389 6.4748683763393577 0 0 0 0.13885996650349522 4 8862 2 5792 5 9402
3734 1.8207379948328144 0.16750559901742151 6.5426369607083128 0 0 0 0.37747192293511705 5 7820 2 5796 4 7708
3735 0.10095090712011293 0.20662749192296737 6.9660393505212364 0 0 0 1.2007168362415623 1 10515 9 9541 2 5817
3737 0.8771428265312966 0.98346155013142622 6.5735672738691333 0 0 0 0.14603430199116232 4 8953 10 10133 2 6044
3738 -1.483395189632748 1.2519160513398282 7.2328024038384546 0 0 0 0.30484722050872864 6 11391 2 6105
3739 -0.2399577847249901 1.3575811159151363 6.7913944640726616 0 0 0 1.2393710124953981 1 10703 2 6187 4 7919 5 8119
3740 -1.4246653619901974 1.555748566215704 7.3061426201550406 0 0 0 1.2308007295471641 4 8993 5 8144 2 6207
3741 2.2091053814595152 1.4961212752298414 6.1543900780524847 0 0 0 0.37755389794556365 5 9657 2 6292 4 9046
3742 -0.24465613661546573 1.7609383215769043 6.6436879576364474 0 0 0 0.0033239817053216892 1 11217 2 6331
3743 2.0687947691785955 -4.103536068240544 8.2516402781107612 0 0 0 0.48497308558181407 10 7810 2 6693
3744 -1.6504239172147235 -3.9887369779428345 9.0930507944203054 0 0 0 1.2686916715933385 1 8060 2 6743 10 7803
3745 -0.3563422385562659 -2.0645228002774112 8.024254424771545 0 0 0 1.3277404568015729 10 9441 2 6876 1 10295
3746 -1.2619651988928349 -2.1658569692192726 8.3360260985421188 0 0 0 0.38861867518445853 4 10070 5 11061 2 6881
3747 -1.2619651988928349 -2.1658569692192726 8.3360260985421188 0 0 0 0.38861867518445853 4 10071 5 11062 2 6882
3748 1.1175169664025659 -1.529400648709325 7.3181304590601028 0 0 0 1.0833926326211505 1 9482 10 8852 2 6928
3749 1.3765951614519569 -1.3034312520829936 7.3622644679208111 0 0 0 0.1285755979534888 4 9511 5 9183 2 6971
3750 0.34685866151530381 -1.3556474999632451 7.6676279636439046 0 0 0 0.16803079932461662 9 10076 2 6974
3751 -1.7426772837338731 -1.275170163525742 8.0691659067234323 0 0 0 0.68817965162894867 4 9471 5 11110 2 6996 4 10508
3752 0.64935800006787947 -0.80472468840598133 7.5928586930461286 0 0 0 0.37582028434335468 4 9555 5 10356 2 7034
3753 -0.28744745465462995 -0.79637604734751388 7.6329199876324374 0 0 0 0.93443024123146723 1 10376 10 9528 2 7043
3754 2.2759790622394869 -0.11591160741257112 6.4563124852056406 0 0 0 0.35290175671031093 4 8839 2 7130 5 9354
3755 1.6671486276903131 -0.065072946643939963 6.629230496168093 0 0 0 0.30154696021999167 6 12060 8 5110 2 7152
3756 -1.208801044858292 0.24736412713250702 7.3143358552341979 0 0 0 1.3985763866540581 1 11093 2 7224 10 10046
3758 1.240653618276631 0.39355032612798968 6.5769717001752648 0 0 0 0.2238947379139436 10 9741 2 7251
3759 0.99484084835836217 0.40895613223682725 6.5958866771589761 0 0 0 1.3089415450507824 1 11117 10 10058 2 7256
3760 1.3435002099512106 0.4723816551442746 6.5300171010799168 0 0 0 0.068382412629262895 10 10081 2 7277
3761 -0.22063120110256965 0.59287812717321309 6.9414637562937473 0 0 0 0.54696121429885491 1 11129 10 10078 2 7293
3762 -0.97174226867563673 1.3580477156863473 7.0994163764412974 0 0 0 0.4480487002159102 1 11431 2 7420
3763 -1.0962155627186729 -3.971602462605218 8.9885312898996581 0 0 0 1.2082999217180743 4 10015 5 10995 2 7769
3764 -1.6600543295724306 -3.7836655617582702 9.0375359447932375 0 0 0 1.5293009313847394 1 10214 10 9376 2 7775
3765 -0.22737664272896319 -2.3197433446658371 8.0715689072462578 0 0 0 1.4383344797181146 1 10259 10 9896 2 7834
3766 1.3726710374265885 -1.9719702230473901 7.5614188701975982 0 0 0 0.4419611342220941 6 12515 8 5343 2 7846
3768 -0.97973480522890499 -2.1926806281634361 8.2564604638723171 0 0 0 0.33802725455029298 4 10072 5 11063 2 7851
3769 -0.042408757623760007 -0.74379633845838444 7.7768158446125257 0 0 0 0.26148804061286762 4 10161 5 11163 2 7993
3770 0.12988588153006522 -0.33395080738629551 7.2529344842728563 0 0 0 1.5069249003428391 4 10552 5 11718 2 8041
3771 1.8653448365441996 -0.026183309243664299 6.6032745488932694 0 0 0 0.31480240490399591 6 12644 8 5487 2 8064
3772 -1.190910702898617 0.73627008742515776 7.1313086044510507 0 0 0 2.4399592416414566 1 11538 10 10393 2 8152
3773 2.3660592698624208 1.0370083546481144 6.1143856186352235 0 0 0 0.64864220292548846 5 10548 2 8224 4 9730
3774 -1.2794354360392881 -3.324208643808221 9.03184993568156 0 0 0 0.68186513624685796 9 10898 2 8541
3775 2.2424935007879649 -2.5538349302415915 7.2981331359480333 0 0 0 0.22965997116748102 4 10483 5 11058 2 8543
3776 2.2424935007879654 -2.5538349302415919 7.2981331359480333 0 0 0 0.2296599711675299 5 11057 2 8544 4 10482
3777 1.6123025156145923 -1.1093507947369525 7.2860993580137672 0 0 0 0.15647089818346524 5 11142 2 8640 4 10142
3778 0.40718433327216386 -0.73630508230653602 7.6682388264401231 0 0 0 0.83185906198448079 6 12964 8 5669 2 8672
3779 2.3835998395880682 -0.12220839109839417 6.3346568973030424 0 0 0 0.37104755907307035 6 12983 2 8692 8 5695
3780 2.179999441587809 -0.045658710831443676 6.4966088003699562 0 0 0 0.49492114234073509 5 11212 2 8702 4 10220
3781 1.7122663045577129 0.15096897638022425 6.5104240759335585 0 0 0 1.7028788492815323 1 11395 2 8718
3782 1.3951007852397532 0.15291592908625179 6.654304649001447 0 0 0 1.1377860323737827 6 13002 8 5716 2 8720
3783 1.395100785239753 0.15291592908625148 6.6543046490014452 0 0 0 1.1377860323737463 8 5717 2 8721 6 13003
3786 1.9316622603679958 0.35699507363752375 6.4403607644980942 0 0 0 0.21569109389421937 5 11772 2 8736 4 10823
3787 1.1356327670005686 0.50348188856357301 6.5324751924370856 0 0 0 2.2670343263338997 1 11653 10 10391 2 8747
3788 1.9095396171846146 0.5878172627328575 6.4201210362466075 0 0 0 0.36583506696706719 4 10603 5 11782 2 8754
3790 -0.28231267888853523 1.5271508955524677 6.6987649462509502 0 0 0 1.514827206763339 1 11439 2 8864
3791 1.8976279063994068 -1.1877695344644885 7.2320528936953661 0 0 0 0.57557700981547522 6 12944 8 5658 2 9118
3792 -2.3132909159355886 -0.17901167438834342 8.2084934552666464 0 0 0 2.124294876054226 4 11097 2 9174 5 12606
3793 1.6265610621702531 0.12071228293952604 6.5618316879248457 0 0 0 0.27122505479756409 1 11534 2 9179
3794 0.46973257054061118 0.37967172496216989 6.7922395798079416 0 0 0 0.85860534822809198 1 11647 10 10446 2 9195
3795 0.59041634554156031 0.36404283425262585 6.7770485753697232 0 0 0 1.0973690613053619 1 11648 10 10447 2 9196
3796 -0.14055699317325471 0.42472797756327718 6.9316036527615683 0 0 0 0.72090596636581894 1 11643 10 10507 2 9199
3797 2.1770062935497139 0.75460171335924653 6.301782865255583 0 0 0 0.7364469486489339 4 10607 2 9218 5 11794
3798 1.6957902501114219 -4.5063388118427428 8.2535382807671631 0 0 0 0.846127214495349 4 10734 5 12016 2 9377
3799 0.38912622197433855 -1.2475833256702842 7.7632431543742948 0 0 0 0.17410766663256783 4 10973 5 12297 2 9459
3800 0.12156709950693605 -1.2199271915808727 7.9225476369692895 0 0 0 0.37386550687751097 1 11623 10 10426
3801 1.7533508517181471 -0.89522749119639788 7.1506058583909065 0 0 0 0.83907778188708659 10 10357 2 9473 1 11521
3802 1.9917974720272185 -1.1125554175216581 7.1481951214014581 0 0 0 0.47823606477559322 4 11096 5 12463 2 9680
3803 -0.88752473207483307 -1.2555482289225599 8.0484167905291386 0 0 0 0.44329880589556092 8 5904 2 9683 6 13367
3804 1.7275523275852493 0.39010259292231481 6.4951324119132652 0 0 0 0.33062077062765871 4 11186 5 12471 2 9708
3805 2.1275719379901172 0.6547280114169427 6.3325340414152143 0 0 0 0.45195908434714532 4 11000 5 12319 2 9723
3806 2.1639134440287564 -3.8223699526501043 8.0129770835207523 0 0 0 1.3704435581732526 4 11151 2 9810 5 12573
3807 1.902783566750367 -2.6285297134908636 7.6140714026386815 0 0 0 1.1561337833212855 4 11157 5 12584 2 9827
3808 1.9787125448182057 -4.1176239730763289 8.2640264473368212 0 0 0 0.80104064610051195 5 12568 2 9941
3809 -1.0534390109947063 -2.2612152102590777 8.2752028292185749 0 0 0 1.2776505316052402 4 10475 5 11647 9 10566 1 10256 10 9410 2 7847
3810 -1.0574410956612492 0.51944574662956111 7.2026249698279736 0 0 0 1.3700944892600815 3 6972 6 13020 7 11974 8 5721 2 9204 1 11651 10 10449
3811 -1.194693251091514 -1.2669034526356409 8.058487173894191 0 0 0 0.92407828436280037 1 11512 10 10349 9 11105 2 9464 3 7177 6 13156 8 5850
3812 -1.5417691764435371 -2.053570694170705 8.4042101998712244 0 0 0 1.0216975653926854 1 10288 10 9431 2 6898 9 10592 4 10080 5 11073
3813 -1.1933249918740743 -1.2619248701967782 8.0438971928961696 0 0 0 0.98619382022698798 1 11511 10 10348 9 11104 4 10971 5 12294 2 9463 3 7176 6 13155 7 12163 8 5849
3814 0.11420834180383384 -0.75144900660516423 7.729681136721446 0 0 0 1.1798978973638179 1 4441 10 5598 2 1317 3 709 6 8133 7 5233 8 2637 9 4430
3815 -0.92348805754497132 0.39550066919732896 7.237265440680825 0 0 0 1.4804107510866429 1 11111 2 7249 10 10054 9 10743 5 11240 4 10239
3816 1.4321693425349857 -1.5077031084186745 7.3895774907564054 0 0 0 0.71668052248685932 1 9491 10 8862 2 6929 3 5934 6 11951 8 4997 9 10067
3817 0.27225738735988458 -2.3839037471190783 7.9400624104013193 0 0 0 0.61734613306595831 4 8486 2 5356 9 9173 10 7863
3818 -1.1265839306685721 0.36944757022462665 7.3708326835234637 0 0 0 0.11612747836445232 9 9546 2 4143
3819 1.0704556311310871 1.0277148140442427 6.385116804487784 0 0 0 0.88170108247463319 10 9353 2 4434
3820 0.94279707171388449 1.6551102457792639 6.3905657874486117 0 0 0 0.73930399919063916 9 10423 2 4778
3821 -1.8441064799881288 -3.0823146866489206 8.5608050514314993 0 0 0 1.4607005352292277 1 8083 10 7815
3822 0.10441990166444684 -0.64743125950221048 7.7216142392049614 0 0 0 0.48045683797962391 4 9562 2 5618
3823 1.2377908690297597 0.94225186397649252 6.4257107471056321 0 0 0 0.77012270631695434 10 10301 2 8795
