ply
format ascii 1.0
comment WRE real-world sparse reconstruction
comment white points = reconstructed 3D points; red points = reconstructed camera centers
comment local scale is UNRESOLVED; coordinates are not geographic coordinates
element vertex 3049
property float x
property float y
property float z
property uchar red
property uchar green
property uchar blue
end_header
-0.926831222 -1.291103233 7.969169590 235 235 235
1.919183369 -4.558382439 8.316358111 235 235 235
1.329101277 0.986013752 6.472019488 235 235 235
0.755499133 0.523821735 6.684723837 235 235 235
1.721154399 0.532121955 6.484903211 235 235 235
1.154742458 0.550085161 6.507171397 235 235 235
0.143095661 0.589333588 6.882282243 235 235 235
-0.508703117 0.605598410 6.942368715 235 235 235
-0.087619650 0.617732451 6.887486798 235 235 235
-0.196281735 0.627941173 6.917938581 235 235 235
-0.281736292 0.641466304 6.935985525 235 235 235
0.815698557 0.632631905 6.634309534 235 235 235
0.747538956 0.642429293 6.661352384 235 235 235
2.415566573 0.888335810 6.035134613 235 235 235
0.747533005 0.641606250 6.660595184 235 235 235
1.680399946 0.646098557 6.547289021 235 235 235
2.421278212 0.634328440 6.127445338 235 235 235
-0.331124840 0.774013384 6.911598462 235 235 235
0.861365782 0.759533833 6.596470077 235 235 235
-1.113322618 0.822803667 7.176816603 235 235 235
0.241100971 0.842928089 7.004210619 235 235 235
-1.108539934 0.913781549 7.215351063 235 235 235
0.104305739 0.895720908 6.962432760 235 235 235
1.067133553 0.844988654 6.449891305 235 235 235
2.819991356 0.961523530 6.379126735 235 235 235
-1.134000258 0.957072140 7.254865074 235 235 235
-1.103856617 1.061364445 7.304819633 235 235 235
-1.103856617 1.061364445 7.304819633 235 235 235
-1.358318928 1.074113883 7.178177644 235 235 235
2.337279866 0.927043802 6.057900894 235 235 235
1.096619522 1.001945278 6.368742077 235 235 235
1.124329428 0.999222151 6.351667984 235 235 235
1.078027188 1.043504620 6.361778938 235 235 235
-0.162252668 1.129911810 6.868305628 235 235 235
1.076055325 1.071686119 6.355847560 235 235 235
1.474756802 1.135439708 6.588657683 235 235 235
0.408569944 1.262696887 6.995522341 235 235 235
-1.323395654 1.356206645 7.299843688 235 235 235
2.766318884 1.217718160 6.339514316 235 235 235
1.790998786 1.358237979 6.479757883 235 235 235
0.199151035 1.699029324 6.975791172 235 235 235
0.201751509 1.815295633 6.945673979 235 235 235
1.199314507 1.658562583 6.192179672 235 235 235
0.204719107 1.967293741 6.890891883 235 235 235
1.341596621 -4.831608102 8.509867965 235 235 235
1.296693437 -4.837657217 8.560698906 235 235 235
1.109908182 1.157809955 6.335519951 235 235 235
1.905696232 -4.424951234 8.343844124 235 235 235
1.253883863 -4.336131265 8.409623304 235 235 235
1.224007888 -4.270893376 8.395384477 235 235 235
-0.979496350 -4.548227188 8.952467049 235 235 235
-1.444368008 -4.574045993 9.178308679 235 235 235
-0.321244752 -4.154896928 8.754963501 235 235 235
-0.365079787 -3.804144981 8.617596449 235 235 235
-0.365079787 -3.804144981 8.617596449 235 235 235
-1.848919220 -4.056720854 8.940857149 235 235 235
-1.751480174 -3.980660958 8.892163251 235 235 235
-1.803739939 1.803140327 6.945272922 235 235 235
-0.189487241 -4.058529400 9.760203032 235 235 235
-0.359994515 -3.640503962 8.558459361 235 235 235
-1.695678894 -3.952005928 9.016825969 235 235 235
-0.166355167 -3.970278061 9.831381586 235 235 235
-0.144465807 -3.874153091 9.881490325 235 235 235
-0.143708297 -3.750722270 9.903240687 235 235 235
-0.084063548 -3.734947197 9.884319908 235 235 235
-0.035217707 -3.714068741 9.901751424 235 235 235
-1.719207812 -3.464482913 8.868741035 235 235 235
2.358008670 -2.531781770 7.308824720 235 235 235
2.062771615 -4.652677908 8.312839144 235 235 235
2.376178087 -2.440783872 7.278446951 235 235 235
-0.346206422 -3.049840073 8.378175137 235 235 235
-0.346206422 -3.049840073 8.378175137 235 235 235
1.059349993 -2.658590109 7.666731632 235 235 235
1.017015063 -2.302931446 7.592273892 235 235 235
1.148352527 -2.242805091 7.555801193 235 235 235
-0.398765165 -2.251716401 8.025353535 235 235 235
-0.333597768 -2.146391276 8.026750763 235 235 235
-0.333597768 -2.146391276 8.026750763 235 235 235
2.654005816 -1.692987703 7.199289004 235 235 235
2.066807972 -4.508802200 8.254104334 235 235 235
-1.579550594 -2.102767750 8.367299378 235 235 235
2.070849816 -1.514922478 7.229633045 235 235 235
0.812949171 -1.606402393 7.567682011 235 235 235
1.346420382 -1.448788348 7.404161107 235 235 235
1.128396098 -1.444364309 7.305290384 235 235 235
1.236189067 -1.375721957 7.451935245 235 235 235
1.449800846 -1.311324641 7.368004902 235 235 235
1.848744045 -1.268782572 7.316178912 235 235 235
1.557071933 -4.522387618 8.370033236 235 235 235
2.046018538 -1.226320479 7.205581628 235 235 235
0.236159244 -1.392581592 7.687926479 235 235 235
0.152946255 -1.367240448 7.710659395 235 235 235
0.175304235 -1.280639364 7.730782632 235 235 235
0.392663654 -1.223531469 7.771483865 235 235 235
0.462904719 -1.183370044 7.772256559 235 235 235
1.430477509 -0.854666441 7.351904491 235 235 235
-1.717577208 -1.032117362 7.937695794 235 235 235
-1.194870692 -1.004739469 8.007895110 235 235 235
0.146207484 -0.842941818 7.745828576 235 235 235
1.557071933 -4.522387618 8.370033236 235 235 235
1.384756504 -0.747451360 7.335009003 235 235 235
0.695867364 -0.751700436 7.585149599 235 235 235
0.694361680 -0.751208177 7.589846225 235 235 235
-0.468158283 -0.781550160 7.444238514 235 235 235
0.113823480 -0.704266112 7.702731752 235 235 235
-1.003439293 -0.737726623 7.835703145 235 235 235
0.659984841 -0.604317478 7.557558286 235 235 235
1.599667679 -0.377416177 9.623177216 235 235 235
-0.480110733 -0.361028392 7.289957797 235 235 235
2.740346294 -0.175715298 6.698303386 235 235 235
1.209698475 -4.670694529 8.482971422 235 235 235
1.344929294 -4.493211287 8.407355002 235 235 235
2.126558731 -0.146347337 6.504405470 235 235 235
0.477147163 -0.155908583 6.968768359 235 235 235
0.477147163 -0.155908583 6.968768359 235 235 235
1.386949619 -0.062993341 6.702453216 235 235 235
0.669680800 -0.027453272 6.788667784 235 235 235
0.808475915 -0.015362838 6.740559054 235 235 235
0.533203645 -0.012981186 6.897901728 235 235 235
-0.697002801 0.082729307 7.209751730 235 235 235
-0.995043201 0.103045276 7.288205203 235 235 235
-0.993819130 0.103351796 7.284580033 235 235 235
1.887686047 -4.391190518 8.357718257 235 235 235
1.659765105 0.194380994 6.554340951 235 235 235
2.217122675 0.244408588 6.286829790 235 235 235
0.693360796 0.483632215 6.729061482 235 235 235
1.387838680 0.503688179 6.525560017 235 235 235
-0.489208073 0.638348266 6.923266706 235 235 235
-1.432979225 0.670282848 7.255483891 235 235 235
0.873483709 0.710017234 6.606547254 235 235 235
-0.808893106 0.743533283 7.075827873 235 235 235
1.220856752 0.770953512 6.504011820 235 235 235
1.159618185 0.797420072 6.437098529 235 235 235
2.311940442 -2.653011797 7.327664814 235 235 235
0.137194531 0.900442629 6.974304918 235 235 235
1.184168212 0.848332352 6.474394467 235 235 235
-1.210806080 0.979987574 7.239639844 235 235 235
0.065742977 0.985383507 6.962944871 235 235 235
-1.122148281 1.027757430 7.283401225 235 235 235
-1.344659050 1.046463633 7.235950387 235 235 235
-1.344659050 1.046463633 7.235950387 235 235 235
-1.119122611 1.099985614 7.335716006 235 235 235
1.034141105 1.007609724 6.394581282 235 235 235
-1.245305018 1.126480875 7.286032530 235 235 235
2.573859202 -2.620688419 7.479043526 235 235 235
2.300425189 1.003875488 6.127987446 235 235 235
-0.184853158 1.226768741 6.846756125 235 235 235
-0.124320479 1.235872964 6.892119090 235 235 235
-0.031781643 1.267665637 6.948194213 235 235 235
-0.145842504 1.399574029 6.842158606 235 235 235
-1.436125556 1.549200312 7.226309346 235 235 235
-1.324750136 1.903187117 7.147239014 235 235 235
2.115688345 -4.794190091 8.264840415 235 235 235
1.801499337 -4.764145685 8.331303726 235 235 235
1.415105398 -4.860827408 8.569597401 235 235 235
2.604220065 -2.484443470 7.477697228 235 235 235
1.158320883 -4.877258781 8.610959597 235 235 235
1.411779258 -4.683293815 8.444336353 235 235 235
1.045214952 -4.221535886 8.216979612 235 235 235
-0.608004824 -4.607651209 8.891366354 235 235 235
-0.898419686 -4.556205197 8.924873693 235 235 235
-1.750850525 -4.814210343 9.412345032 235 235 235
1.523514907 -3.845133947 8.459312354 235 235 235
-1.918174181 -4.491928674 9.186997611 235 235 235
-0.947171465 -4.270249168 8.950484103 235 235 235
-0.417122509 -4.068929411 8.654555220 235 235 235
1.069347196 -2.537530692 7.622670730 235 235 235
-1.713407728 -4.169676242 9.104338360 235 235 235
-1.717863592 -4.037696328 9.019108727 235 235 235
-0.112382885 -4.135451088 10.017472019 235 235 235
-0.185808926 -4.033532935 9.805811348 235 235 235
-0.100852959 -4.053529355 10.003168772 235 235 235
-1.474575943 -3.795020395 9.131445285 235 235 235
0.016791935 -3.671529218 9.891966027 235 235 235
-0.136692198 -3.596672655 9.842641543 235 235 235
2.614628579 -2.518808522 7.472410501 235 235 235
2.251071130 -2.415762634 7.287415545 235 235 235
1.677428446 -2.675307336 7.649816367 235 235 235
2.359450550 -2.212064942 7.234945532 235 235 235
-0.317950831 -2.434950264 8.075287111 235 235 235
0.315124484 -2.338579779 7.952348870 235 235 235
2.358042802 -1.850090125 7.111308989 235 235 235
2.353632622 -1.857279945 7.143994591 235 235 235
-0.465050974 -2.283244980 7.938969350 235 235 235
-1.670177862 -2.324356680 8.424479140 235 235 235
-1.390064187 -2.199199558 8.332351613 235 235 235
-1.764718223 -2.209725995 8.295249832 235 235 235
1.321534392 -2.458122145 7.714649934 235 235 235
-1.171138523 -2.040475476 8.235950343 235 235 235
-1.258262725 -2.041193820 8.293766257 235 235 235
-1.721718507 -2.060214887 8.242401852 235 235 235
-1.523456342 -2.045900178 8.348534278 235 235 235
-1.588645846 -2.008818347 8.355895544 235 235 235
-0.077607614 -1.787368603 8.771758115 235 235 235
1.947202682 -1.255294755 7.235372346 235 235 235
-0.381028465 -1.142287341 7.579324186 235 235 235
2.689533783 -0.740594331 6.896658365 235 235 235
0.614083986 -0.911327496 7.572826633 235 235 235
2.040941989 -2.377774155 7.519350271 235 235 235
-0.875724665 -1.016612338 7.880806718 235 235 235
-0.875724665 -1.016612338 7.880806718 235 235 235
0.599456672 -0.866275254 7.658215249 235 235 235
-1.322452340 -0.977032380 8.055291111 235 235 235
0.158125975 -0.775219870 7.707592044 235 235 235
0.158125975 -0.775219870 7.707592044 235 235 235
0.656735369 -0.677665906 7.570167796 235 235 235
0.656735369 -0.677665906 7.570167796 235 235 235
-0.098797752 -0.654858743 7.744696370 235 235 235
-1.539469117 -0.671293369 7.998400583 235 235 235
1.285756785 -2.420726006 7.684674258 235 235 235
1.879410892 -0.129468201 6.555347517 235 235 235
1.459497852 -0.091575452 6.679815451 235 235 235
-5.995951706 -0.012326625 27.233633238 235 235 235
0.377332701 -0.021018196 6.923640462 235 235 235
1.816938789 0.125131421 6.521010247 235 235 235
-0.456635979 0.147526896 7.093954871 235 235 235
1.314480691 0.252163301 6.666154118 235 235 235
2.100195102 0.314969007 6.364915337 235 235 235
-1.189802624 0.338599864 7.280144979 235 235 235
-1.204343827 0.425981970 7.275170329 235 235 235
1.463288410 -4.465003962 8.418691635 235 235 235
0.588904859 -2.435352642 7.896434677 235 235 235
1.222631439 0.439289772 6.597772434 235 235 235
-0.971117077 0.508574501 7.142950391 235 235 235
-0.971117077 0.508574501 7.142950391 235 235 235
0.130889362 0.559023432 6.875573160 235 235 235
-0.220906358 0.593313683 6.914003884 235 235 235
0.293832678 0.695788415 6.931672030 235 235 235
0.296500334 0.773084670 6.980731957 235 235 235
-0.769124003 0.772800401 7.059562260 235 235 235
-0.769136801 0.772750358 7.059007746 235 235 235
-1.325085568 0.809289630 7.164848484 235 235 235
-0.328403021 -2.377073485 8.076100651 235 235 235
1.714705133 1.062106131 6.642008472 235 235 235
0.097413798 1.153090993 7.015992661 235 235 235
-0.103960557 1.181036258 6.899141190 235 235 235
-0.277071273 1.401055818 6.765190240 235 235 235
2.501850244 -4.802083634 8.302518544 235 235 235
1.899616621 -4.759292158 8.289135149 235 235 235
1.273492897 -4.809526466 8.622332073 235 235 235
1.841692821 -4.483619240 8.323677994 235 235 235
1.734625870 -4.306946703 8.257567423 235 235 235
-0.164232974 -2.307510652 8.041609952 235 235 235
1.325375708 -4.373234008 8.412150631 235 235 235
-0.549034967 -4.094722400 8.581006271 235 235 235
-0.549034967 -4.094722400 8.581006271 235 235 235
-1.037536009 -4.193106597 8.938267354 235 235 235
-1.498907527 -3.918299188 9.117007566 235 235 235
-1.554854621 -3.848109942 9.086794569 235 235 235
0.008932267 -3.982121589 10.041510026 235 235 235
-1.534798474 -3.778291597 9.117885290 235 235 235
-1.643779417 -3.548739894 8.940690349 235 235 235
0.101051163 -2.253820800 7.991941560 235 235 235
2.614832115 -2.370408327 7.440969165 235 235 235
2.343740999 -2.331201795 7.334774220 235 235 235
2.008877590 -2.309551443 7.489604908 235 235 235
2.008877590 -2.309551443 7.489604908 235 235 235
-1.859896439 -2.984652008 8.642497376 235 235 235
1.186863245 -2.349101219 7.571013912 235 235 235
1.421870389 -2.255390207 7.648560532 235 235 235
-1.425106146 -2.770988618 8.782071630 235 235 235
1.154008337 -2.223181301 7.676201884 235 235 235
-1.632019141 -2.697687691 8.691827944 235 235 235
1.148752616 -1.616424757 7.347831351 235 235 235
-0.222496668 -2.315883732 8.053088103 235 235 235
-1.538145799 -2.141792725 8.387515500 235 235 235
-1.093772316 -2.087884210 8.216255979 235 235 235
1.826890061 -1.150830810 7.297652989 235 235 235
-1.788553704 -1.481567884 8.129483191 235 235 235
-0.309922411 -1.226538815 7.782440924 235 235 235
-0.413719198 -0.977524715 7.508841704 235 235 235
0.514634070 -0.925698979 7.674355294 235 235 235
-1.683136594 -0.967387465 7.903521135 235 235 235
0.653121981 -0.814562172 7.614761120 235 235 235
1.441999886 -1.609675429 7.399754098 235 235 235
0.653121981 -0.814562172 7.614761120 235 235 235
1.288551870 -0.714364899 7.232756223 235 235 235
-0.034239430 -0.752856481 7.737813359 235 235 235
-1.261455518 -0.798105143 7.936876001 235 235 235
0.300800774 -0.844754713 18.504889894 235 235 235
-1.530227919 -0.530356812 7.920575299 235 235 235
0.581752739 -0.343975135 7.487754778 235 235 235
2.407892482 -0.180780465 6.373544658 235 235 235
0.680240119 -0.045103066 6.863084959 235 235 235
-0.387353257 0.152180516 8.259727980 235 235 235
2.396437387 -1.380700155 6.948403631 235 235 235
1.783856896 0.213959097 6.531728781 235 235 235
0.683697259 0.310612878 6.800996673 235 235 235
-0.988293053 0.458728406 7.203433311 235 235 235
0.614007247 0.558410183 6.702887440 235 235 235
-1.176816833 0.607352279 7.209741284 235 235 235
0.684738490 0.608942202 6.668851538 235 235 235
1.686747413 0.794684449 6.640264610 235 235 235
2.295969392 1.092698629 6.024728000 235 235 235
-1.268990682 1.804865775 7.236167209 235 235 235
1.884216512 -4.100245363 8.371546245 235 235 235
0.574307862 -1.436006831 7.581658307 235 235 235
-0.778218682 -4.660832581 8.958169079 235 235 235
-1.190417095 -4.285995446 8.995241001 235 235 235
-1.689471706 -4.244443766 9.113481563 235 235 235
-1.123191350 -3.990412595 8.884480536 235 235 235
1.877427053 -3.344807706 8.211777479 235 235 235
-1.648893537 -3.776319677 9.006949990 235 235 235
2.393783102 -2.584276517 7.292680382 235 235 235
1.353001648 -2.826674887 8.003690936 235 235 235
1.868417875 -2.447564663 7.574521596 235 235 235
1.868417875 -2.447564663 7.574521596 235 235 235
0.121902707 -1.400948140 7.687251659 235 235 235
1.609879436 -2.424879025 7.640495079 235 235 235
1.331341351 -2.422698967 7.770879607 235 235 235
1.630823574 -2.119867455 7.604287366 235 235 235
1.974583798 -1.209325312 7.212522721 235 235 235
1.974583798 -1.209325312 7.212522721 235 235 235
0.044093667 -1.248129270 7.749113586 235 235 235
-0.389728763 -0.712542555 7.401811091 235 235 235
-1.312955161 -0.746008256 7.969607506 235 235 235
1.751416865 -0.249229548 6.353244473 235 235 235
-1.070350812 -1.303782788 7.988135086 235 235 235
2.171883061 -0.199852400 6.464779422 235 235 235
1.743674882 -0.192133478 6.636613949 235 235 235
2.080683701 -0.148966977 6.512571927 235 235 235
2.383132705 -0.131867358 6.409329855 235 235 235
1.180943189 -0.077760573 6.641021078 235 235 235
-1.588637106 -0.079642152 7.696988714 235 235 235
0.809893554 0.068103607 6.400799947 235 235 235
0.473954232 0.174971284 6.883441229 235 235 235
0.539343614 0.374797998 6.777185936 235 235 235
0.172493830 0.404029100 6.856272003 235 235 235
1.368641841 -4.400422586 8.411355462 235 235 235
1.609951190 -1.222377912 7.360642824 235 235 235
-1.068216534 0.610399213 7.174718226 235 235 235
-1.310049644 0.610875494 7.229725281 235 235 235
1.228030812 0.634731368 6.570974745 235 235 235
2.246261681 0.939247078 6.071731902 235 235 235
1.427694181 -4.845661344 8.357712458 235 235 235
0.933028337 -4.033790451 8.266857223 235 235 235
1.186307679 -3.687294668 8.206900062 235 235 235
-1.893862747 -3.984633091 8.919224404 235 235 235
1.940603913 -2.272188319 7.526814661 235 235 235
2.452672036 -1.989541476 7.263994075 235 235 235
-0.127484975 -1.248115509 7.731660314 235 235 235
-1.902133103 -2.522733079 8.434241888 235 235 235
0.738456556 -1.521255023 7.516148056 235 235 235
1.164129556 -1.393751841 7.310058315 235 235 235
1.163935630 -1.394023507 7.310659847 235 235 235
0.408465850 -0.732243171 7.648099627 235 235 235
-0.350559065 -0.190070906 7.299270437 235 235 235
2.329684526 -0.077997160 6.406632962 235 235 235
-1.475849401 -0.014280008 7.986532080 235 235 235
1.711384046 0.071132083 6.590678339 235 235 235
1.553730760 0.104667116 6.623601040 235 235 235
0.217996469 -1.215300912 7.778054256 235 235 235
1.433725910 0.306756536 6.560840257 235 235 235
1.213966602 0.393139754 6.578102629 235 235 235
0.036125806 0.421670450 6.913917904 235 235 235
1.961573378 -4.409865889 8.301107716 235 235 235
-1.699199221 -4.930030851 9.490594047 235 235 235
-1.698134497 -4.926614108 9.486531839 235 235 235
1.196304585 -4.028080231 8.315431076 235 235 235
1.191779176 -3.530000499 8.171000609 235 235 235
2.133819163 -2.572493528 7.346304905 235 235 235
0.217996469 -1.215300912 7.778054256 235 235 235
-1.912787146 -2.154112370 8.351137203 235 235 235
2.291743152 -1.408007101 7.000017428 235 235 235
1.046715231 -1.288320175 7.319360146 235 235 235
-1.302244735 -0.855671444 7.913782751 235 235 235
1.861193306 -0.321658536 7.197958876 235 235 235
1.806364418 -0.303359729 7.006004212 235 235 235
1.998132719 -0.195330062 6.527404771 235 235 235
1.697791398 -0.165709725 6.591744784 235 235 235
1.243747416 -0.132810784 6.666804109 235 235 235
1.923611228 0.353007997 6.402800237 235 235 235
1.631516039 -1.131585416 7.348663996 235 235 235
0.043457277 0.521081345 6.879116824 235 235 235
2.115475296 0.666727700 6.245291533 235 235 235
-1.026855252 -3.691569271 8.820420317 235 235 235
-1.842870499 -3.797674470 8.881301207 235 235 235
2.244487540 -2.532863448 7.347934891 235 235 235
-1.317513005 -2.989456470 8.779040177 235 235 235
1.161697490 -1.641814950 7.399559572 235 235 235
1.361028341 -1.400175667 7.417607898 235 235 235
-1.304930077 -1.212447340 8.014530589 235 235 235
-0.138608958 -0.735986056 7.721701243 235 235 235
1.631703294 -1.129934819 7.348280897 235 235 235
0.570685665 -0.332621055 7.097718611 235 235 235
-0.293659386 -1.119076895 7.704304894 235 235 235
1.044775444 -0.512874832 7.098843841 235 235 235
0.072114490 0.700116786 6.877517010 235 235 235
0.234284854 0.803801391 6.974716136 235 235 235
1.706929360 -1.152680869 7.329386783 235 235 235
2.365135116 -1.393122731 6.971421623 235 235 235
1.870849945 -1.401883456 7.255864649 235 235 235
1.675285208 -1.399094564 7.321940710 235 235 235
1.758899132 -1.297554535 7.347748187 235 235 235
0.106101286 -1.160567742 7.785182713 235 235 235
1.722389936 -1.100376844 7.263682558 235 235 235
2.063195874 -0.891530992 7.248739134 235 235 235
1.837846026 -0.886907680 7.211654321 235 235 235
1.425428666 -0.882194813 7.320703326 235 235 235
1.831006291 -1.237559941 7.342231648 235 235 235
1.848545190 -1.171887603 7.288998661 235 235 235
1.791015967 -1.118691050 7.273908679 235 235 235
1.427616382 -1.017986107 7.296685830 235 235 235
1.793556389 -1.363061493 7.337829305 235 235 235
1.418231986 -1.333269156 7.350224709 235 235 235
0.106101286 -1.160567742 7.785182713 235 235 235
1.453530127 -1.307694903 7.349618659 235 235 235
1.668112745 -1.254438827 7.360796326 235 235 235
1.668112745 -1.254438827 7.360796326 235 235 235
2.083770354 -1.183242855 7.176172371 235 235 235
1.768425269 -1.162372052 7.268645673 235 235 235
1.768425269 -1.162372052 7.268645673 235 235 235
1.951443555 -1.732369239 7.359083720 235 235 235
2.398182197 -1.370815767 6.953037940 235 235 235
2.398380274 -1.240386860 6.842999523 235 235 235
2.375419965 -1.170254537 6.826862230 235 235 235
0.279602322 -1.163696644 7.793094920 235 235 235
2.375395272 -1.170430789 6.821567924 235 235 235
1.645537600 -1.226802625 7.305411770 235 235 235
1.674414177 -1.134820991 7.352248235 235 235 235
1.738840261 -1.103861624 7.264041412 235 235 235
1.787903531 -1.077895891 7.267841304 235 235 235
2.182761899 -1.166189947 7.015791157 235 235 235
1.903969939 -1.205122923 7.253168061 235 235 235
1.930850494 -1.815252696 7.464412444 235 235 235
1.650601450 -1.734388305 7.424049557 235 235 235
2.268856588 -1.322957150 6.929960858 235 235 235
0.279602322 -1.163696644 7.793094920 235 235 235
1.996051487 -1.003512526 7.136550232 235 235 235
1.764993727 -0.807854796 7.153276254 235 235 235
2.181810425 -1.388105136 7.089043709 235 235 235
1.404431491 -0.992950949 7.312068829 235 235 235
1.897429354 -0.691541574 7.184423658 235 235 235
2.348027782 -1.734049761 7.067009867 235 235 235
2.488481953 -1.291069560 6.998298642 235 235 235
1.403373761 -1.174337149 7.335684457 235 235 235
2.282077751 -0.861114698 6.825770133 235 235 235
1.760231123 -0.894494260 7.170284579 235 235 235
1.035901062 -4.275431652 8.217589388 235 235 235
0.192250987 -1.149756994 7.809128912 235 235 235
1.453964420 -0.791755965 7.366710655 235 235 235
2.263355998 -0.525957030 6.628196035 235 235 235
2.021847837 -1.107560656 7.117014275 235 235 235
1.829802653 -1.332870693 7.300403298 235 235 235
1.266706605 -1.183836481 7.309468483 235 235 235
1.574157723 -0.823085435 7.487728666 235 235 235
-6.340567636 -1.334238804 36.463281405 235 235 235
1.598495908 -4.626533568 8.411559755 235 235 235
1.635301333 -1.054010568 7.297021782 235 235 235
2.280618291 -4.405594012 7.948861712 235 235 235
-1.670233400 -4.373024014 9.129031043 235 235 235
1.701360464 -4.233234631 8.265997744 235 235 235
-1.614043189 -3.508922664 8.923944261 235 235 235
-1.572494396 -3.442982874 8.928615016 235 235 235
-0.182173436 -3.358748595 9.748279291 235 235 235
1.207061551 -2.652628817 7.601919555 235 235 235
1.695549112 -2.699312186 7.636534062 235 235 235
0.083785507 -1.080401469 7.809951582 235 235 235
-0.376223058 -2.361291540 7.932861439 235 235 235
0.143001398 -2.431337953 7.971627259 235 235 235
0.214523536 -2.416108527 7.963223997 235 235 235
0.214523536 -2.416108527 7.963223997 235 235 235
-1.855903641 -2.277267664 8.340641515 235 235 235
-1.453717512 -2.277217851 8.365517560 235 235 235
-0.346451542 -1.522241572 7.657823455 235 235 235
-1.639369895 -1.392545584 8.140102690 235 235 235
0.113030536 -1.077976656 7.814267723 235 235 235
0.744589451 -1.343711390 7.546293236 235 235 235
1.576010348 -1.334111075 7.292966555 235 235 235
0.871296549 -1.234331024 7.482432554 235 235 235
2.082363880 -1.259641831 7.139058242 235 235 235
-0.142709587 -1.049848771 7.714268372 235 235 235
2.240152195 -0.793364469 6.701970794 235 235 235
0.675956916 -0.674257242 7.572442778 235 235 235
2.313033870 -0.584392609 6.622949435 235 235 235
-0.346288953 -1.024691593 7.566860915 235 235 235
2.299824248 -0.427322403 6.527570503 235 235 235
2.340353204 -0.417499008 6.509285398 235 235 235
2.273598782 -0.397755192 6.536377527 235 235 235
0.767453740 -0.077429286 6.859050398 235 235 235
-1.174942215 0.140073977 7.337521880 235 235 235
-1.061636907 0.171380641 7.294004097 235 235 235
2.307606883 -0.018061059 6.346190532 235 235 235
1.877322986 0.189036383 6.488078545 235 235 235
2.011258833 0.176731318 6.447498646 235 235 235
2.011258833 0.176731318 6.447498646 235 235 235
-1.195574078 0.678799855 7.200139336 235 235 235
-0.006433530 0.634001178 6.861624203 235 235 235
-1.273391440 0.846498822 7.166836762 235 235 235
2.389743631 0.688107992 6.116543924 235 235 235
0.111062885 1.062638002 7.000595231 235 235 235
-1.330373967 1.243404041 7.277283964 235 235 235
1.378145261 -4.814973370 8.519157967 235 235 235
-0.863791651 -4.440606282 8.964168639 235 235 235
2.053660967 -2.498027549 7.518269235 235 235 235
-0.465358646 -0.967043082 7.542088789 235 235 235
0.397171473 -1.383962994 7.673213171 235 235 235
1.915896343 -1.295181463 7.259191495 235 235 235
1.067597747 -1.130619304 7.167720396 235 235 235
2.584575640 -1.221958876 7.057839229 235 235 235
-0.503827757 -0.927440650 7.511363878 235 235 235
-0.511579636 -0.930773727 7.516737292 235 235 235
-1.066308742 -0.930148291 7.951661853 235 235 235
0.256564037 -0.969358285 7.749679220 235 235 235
-1.665629683 -0.785017657 7.952022890 235 235 235
-0.443499365 -0.936135735 7.520383961 235 235 235
0.505511189 -0.974194063 7.687224496 235 235 235
-0.963102388 -0.852299297 7.898949487 235 235 235
1.833355695 -0.834338725 7.227289285 235 235 235
-1.470159762 -0.502296308 7.980156584 235 235 235
1.261376784 -0.595731723 7.213241220 235 235 235
-4.236071955 -0.969784249 28.505516486 235 235 235
-0.113098184 0.037959921 7.035203029 235 235 235
-1.510833990 0.188303709 7.420441279 235 235 235
-1.870430826 0.270372366 7.443541051 235 235 235
-0.443499365 -0.936135735 7.520383961 235 235 235
1.669228100 0.282367376 6.490551378 235 235 235
1.669228100 0.282367376 6.490551378 235 235 235
-0.703156231 0.613900825 7.078784965 235 235 235
1.082309401 0.445725857 6.546720187 235 235 235
0.732786534 0.548237011 6.681090135 235 235 235
-1.538598519 0.882062275 7.211779699 235 235 235
1.041639502 0.843193797 6.463763902 235 235 235
0.413398472 1.055861511 7.057183269 235 235 235
2.473038325 -4.841802336 8.263940874 235 235 235
1.714340361 -4.101933350 8.262095257 235 235 235
-0.360353829 -0.934460262 7.485713230 235 235 235
-1.767570347 -3.833026209 8.878753664 235 235 235
-0.364330643 -3.705313542 8.590487113 235 235 235
-1.877952720 -3.158909603 8.689123380 235 235 235
-0.070712838 -2.718977210 8.249558156 235 235 235
2.539282665 -1.690191858 7.164206266 235 235 235
1.724525605 -1.293244866 7.358793900 235 235 235
-0.857751924 -1.058370404 7.873781048 235 235 235
-0.180236365 -1.079377287 7.704390754 235 235 235
2.293808286 -3.091208078 7.542851350 235 235 235
1.281461355 -0.929166580 7.299052025 235 235 235
-0.162038640 -0.919379271 7.765126565 235 235 235
-0.375679026 -0.700814525 7.412148270 235 235 235
0.496264884 -0.730920388 7.634572973 235 235 235
-1.721066505 -0.293366113 7.644899524 235 235 235
-1.652956827 0.309474988 10.124341862 235 235 235
2.262139841 -0.049170260 6.400359783 235 235 235
-1.782191474 0.920094689 7.212143893 235 235 235
2.039543849 0.497605414 6.334338089 235 235 235
-0.720602263 1.150205821 6.980229264 235 235 235
1.592104813 -4.896729343 8.543343490 235 235 235
-1.193298928 -0.961744233 8.015690195 235 235 235
-0.370702312 -2.183992489 7.870103797 235 235 235
0.661489836 -0.603299547 7.539021710 235 235 235
0.110134942 0.208610414 6.960484180 235 235 235
1.367910410 0.175946356 6.635603958 235 235 235
1.819376216 0.182006621 6.513423555 235 235 235
0.304781206 0.579573492 6.882270879 235 235 235
-1.490912357 0.919067592 7.168254851 235 235 235
0.212004226 0.743483459 6.938630869 235 235 235
2.266053606 -5.328806853 8.606538264 235 235 235
-1.178887559 -0.925693223 7.993500567 235 235 235
2.266053606 -5.328806853 8.606538264 235 235 235
-0.075834473 -2.262431871 8.024029577 235 235 235
1.525495412 -0.662582754 9.474178370 235 235 235
1.926161713 -0.125789355 6.563653981 235 235 235
1.468416570 0.238090863 6.641553487 235 235 235
-1.821026310 -0.486615225 7.720978699 235 235 235
0.326895811 0.121889758 6.955758703 235 235 235
0.365004373 0.633617301 6.864339388 235 235 235
-0.385625363 -0.849143403 7.459227688 235 235 235
-1.971514235 -0.789801816 8.065280564 235 235 235
-1.617921781 -4.044277889 9.055189305 235 235 235
1.334648979 -0.032992906 8.442611731 235 235 235
-0.466670133 -1.271464504 7.682829190 235 235 235
-1.248771329 -1.239594078 8.074934580 235 235 235
0.656499229 -0.864873241 7.628120592 235 235 235
1.291049244 0.661845945 6.496767196 235 235 235
0.540942824 0.484521225 6.758081645 235 235 235
-0.764858543 0.631312020 7.076119315 235 235 235
-0.825831280 0.656313723 7.097389280 235 235 235
-0.418972403 0.640480756 6.912234597 235 235 235
-0.151271532 0.617641364 6.912371545 235 235 235
-0.255224560 0.650941349 6.936646356 235 235 235
-0.470900717 0.709892318 6.899588298 235 235 235
-0.198824719 0.688975085 6.898402533 235 235 235
0.866700192 0.730760220 6.586019770 235 235 235
0.190708295 -0.863742541 7.723828817 235 235 235
-0.804853781 0.886027470 7.033611499 235 235 235
-0.266599398 0.844412945 6.867027174 235 235 235
1.012688814 0.757999395 6.479312130 235 235 235
1.048665375 0.833689384 6.450549373 235 235 235
1.025354452 0.843796116 6.455059581 235 235 235
0.124675120 1.078082112 7.006973844 235 235 235
1.075449510 -0.531639730 6.938639451 235 235 235
0.178743257 -0.833827677 7.736662696 235 235 235
-0.428175417 -0.403437161 7.343607158 235 235 235
-0.504147439 -0.332269068 7.338171396 235 235 235
0.282875701 0.062974072 6.992795410 235 235 235
-1.354895736 0.480083547 7.269013784 235 235 235
-1.354895736 0.480083547 7.269013784 235 235 235
-1.055079824 0.604987590 7.144868269 235 235 235
-0.459350116 0.560687758 6.941602424 235 235 235
-0.098972347 0.542092167 6.917610347 235 235 235
1.331384666 0.465672378 6.542971760 235 235 235
1.495319380 -0.810604982 7.396736570 235 235 235
-0.508441599 0.667322723 6.932644912 235 235 235
0.710768773 0.564846660 6.689050464 235 235 235
-1.392770167 0.750338086 7.147352916 235 235 235
-0.861946846 0.724601317 7.110792638 235 235 235
-1.280088955 0.759319355 7.164946964 235 235 235
-1.393486569 0.794219469 7.183070138 235 235 235
0.719334060 0.618413269 6.674896949 235 235 235
-1.361482877 0.836255694 7.107075506 235 235 235
-1.320397565 0.836612837 7.117442516 235 235 235
2.573778357 -0.715390458 6.843592818 235 235 235
1.427027301 0.638707965 6.457210881 235 235 235
0.847751635 0.740520529 6.601181655 235 235 235
1.016640169 0.739732586 6.482869526 235 235 235
1.029442200 1.331353636 6.309239577 235 235 235
-0.010570743 -1.076905866 7.830455040 235 235 235
-0.515804596 -0.388619657 7.333124819 235 235 235
-1.725958323 -0.249104012 7.607246239 235 235 235
0.497539183 -0.756102048 7.627194330 235 235 235
0.075333627 0.312187092 6.959907118 235 235 235
-1.319850575 0.664787024 7.211308946 235 235 235
-0.033700495 0.573632133 6.887481483 235 235 235
0.796940157 0.502123661 6.684409229 235 235 235
-0.154047220 0.626909112 6.906572438 235 235 235
-0.861149911 0.689554076 7.087165476 235 235 235
-0.783621306 0.684192282 7.072232373 235 235 235
0.862468918 0.662347362 6.625634667 235 235 235
1.065302479 1.670848569 6.187594979 235 235 235
2.314725961 -2.696351314 7.316093118 235 235 235
-1.134932981 -0.732052843 7.881315775 235 235 235
-1.325999735 -2.082797277 8.369688651 235 235 235
-1.550695100 -0.520725607 7.947512478 235 235 235
-1.281869443 0.958128302 7.104053661 235 235 235
-0.488748104 0.983507329 6.812722364 235 235 235
0.623714371 0.084758090 6.872730070 235 235 235
1.576312317 0.444790869 6.489648601 235 235 235
-1.671187783 -0.693866879 7.894411367 235 235 235
1.382433939 0.622221876 6.486859025 235 235 235
-1.409701953 -1.853853124 8.395825378 235 235 235
0.252623414 -0.800391281 7.505791497 235 235 235
-0.982320957 -0.508465304 7.865455620 235 235 235
-0.870511758 0.206978790 7.264940815 235 235 235
0.680597004 -0.646585148 7.568130723 235 235 235
2.598650183 -0.625115545 6.895146185 235 235 235
-1.600229015 -0.588741765 7.934745723 235 235 235
-1.535678485 -1.399974503 8.188558178 235 235 235
-1.585791660 -1.377488696 8.200961340 235 235 235
0.160160011 -1.396239873 7.710674807 235 235 235
-1.061615274 -1.173355562 7.974152224 235 235 235
-1.064557919 -1.184800997 8.005146215 235 235 235
-0.970871995 -1.148419010 7.942587423 235 235 235
0.664794257 -0.567272135 7.541223940 235 235 235
-1.286343875 -1.100228988 8.028913436 235 235 235
-0.949701152 -1.121894730 7.976240094 235 235 235
-0.947298779 -1.040348255 7.960148494 235 235 235
-0.286905008 -0.630544826 7.652118720 235 235 235
0.628068970 -0.553787110 7.549667847 235 235 235
0.566693877 -0.518823419 7.543790413 235 235 235
-0.996607821 -0.338748716 7.823448216 235 235 235
-1.011062693 0.340194450 7.287790509 235 235 235
-1.011062693 0.340194450 7.287790509 235 235 235
-0.882718445 0.458552024 7.130024803 235 235 235
0.565622746 -0.517943729 7.547066330 235 235 235
0.509696652 0.504765741 6.759211981 235 235 235
-0.517359022 0.602163021 6.870669937 235 235 235
-0.841803336 0.617888948 7.216901792 235 235 235
-0.841803336 0.617888948 7.216901792 235 235 235
1.135203297 -0.445535987 6.917254757 235 235 235
-0.625572100 1.022782716 7.000082743 235 235 235
-0.846755759 1.172327416 7.163544620 235 235 235
2.281735948 -2.645446916 7.330840493 235 235 235
-0.434395605 -0.429287963 7.329486310 235 235 235
2.417691632 -0.429310242 6.505051508 235 235 235
-1.731775706 -1.324863089 8.065067363 235 235 235
2.646496473 -0.400614413 6.805918305 235 235 235
-1.010770669 -1.174679654 7.992682031 235 235 235
-0.908838783 -1.119441139 7.911989257 235 235 235
-1.354827477 -1.052181550 8.034277661 235 235 235
-1.357698370 -1.061286563 8.058484337 235 235 235
-0.963157954 -1.089442951 7.964629016 235 235 235
1.343261815 -0.250546420 7.008040406 235 235 235
-1.382929390 -1.031532778 8.039694585 235 235 235
-0.818584741 -1.068635159 7.878101449 235 235 235
-1.318528423 -1.047067360 8.068700489 235 235 235
-1.332675700 -0.992300015 8.044002857 235 235 235
-0.954731928 -1.025391863 8.010408768 235 235 235
-0.706022742 -0.968493421 7.814670764 235 235 235
-0.705805922 -0.967536482 7.811521911 235 235 235
2.352106278 -0.215445679 6.403987486 235 235 235
2.669233954 -0.127920775 6.717196662 235 235 235
-0.980831044 -0.682628253 7.912243199 235 235 235
0.322429181 -0.792895089 7.700832583 235 235 235
0.301593324 -0.779234379 7.706838051 235 235 235
-0.663557821 -0.640786896 7.807051743 235 235 235
-0.879452772 -0.643261388 7.951468139 235 235 235
0.358043897 0.400193086 6.791978615 235 235 235
-0.984362864 -0.483394998 7.878255616 235 235 235
-0.666003361 -0.485499053 7.788504354 235 235 235
2.798213179 0.306453869 6.568189404 235 235 235
-0.960441648 0.195629906 7.284501505 235 235 235
-1.033214511 0.257318317 7.300760750 235 235 235
1.358096789 0.405330833 6.553099785 235 235 235
-0.767246100 0.444262491 7.083745460 235 235 235
-0.737203231 0.475015460 7.056009958 235 235 235
-0.552584183 0.546880721 6.889010690 235 235 235
-1.812730782 0.575561067 7.311892978 235 235 235
-1.763889006 0.639007133 7.226095199 235 235 235
-0.997897271 0.582641782 7.182011395 235 235 235
1.286278676 0.652041502 6.507981627 235 235 235
2.690016687 -2.623143812 7.456812478 235 235 235
2.097911860 0.415717271 6.338493061 235 235 235
-0.138963501 0.787509866 6.856977857 235 235 235
-0.721003712 0.860205169 7.099235039 235 235 235
-0.219037955 0.894630202 6.754406791 235 235 235
-0.769913191 1.109612756 7.096141077 235 235 235
1.252866781 0.479959856 6.574575716 235 235 235
-1.291276808 -1.485654312 8.177872889 235 235 235
-0.474565910 -1.370541601 7.702020288 235 235 235
-0.075600792 0.578489279 6.896263820 235 235 235
-1.244908591 -1.329612937 8.081317852 235 235 235
-1.154985951 -1.340896836 8.064426745 235 235 235
-1.092484706 -1.305327712 8.025586795 235 235 235
-1.065334940 -1.283302877 8.031407473 235 235 235
0.376180512 0.557274968 6.838991017 235 235 235
-1.267153861 -1.040792990 8.040150950 235 235 235
-1.171253364 -1.056452759 8.065597754 235 235 235
-1.171461234 -1.056759172 8.066218513 235 235 235
-1.007241571 -1.067112062 8.007108385 235 235 235
-1.526837078 -0.970726811 8.069853768 235 235 235
-1.208860374 -1.029538377 8.059200319 235 235 235
-1.058666911 -1.044931064 8.054371868 235 235 235
-1.689828367 -0.805530612 7.833671710 235 235 235
1.610167844 0.482133120 6.489509667 235 235 235
-0.973604346 -0.995098134 8.005405211 235 235 235
-0.966154342 -0.976331762 8.027382675 235 235 235
-1.091408424 -0.931043158 8.002414528 235 235 235
-0.660511646 -0.906544570 7.776355469 235 235 235
-1.489300599 -0.843694383 8.016565071 235 235 235
0.626931735 0.548037816 6.716305871 235 235 235
-0.196541992 0.628003840 6.917871417 235 235 235
-1.149495848 -0.722740856 7.897138405 235 235 235
-1.117744103 -0.728315171 7.908626173 235 235 235
-0.787783611 -0.739390823 7.892593175 235 235 235
-1.112939323 -0.668464510 7.887945601 235 235 235
-1.278312100 0.703447907 7.189270104 235 235 235
-0.931421531 -0.688626285 7.909290373 235 235 235
-1.376373149 -0.656511018 8.064438506 235 235 235
0.122305737 -0.677999026 7.707031945 235 235 235
1.021122481 0.636565816 6.522559986 235 235 235
-0.467217257 -0.362526397 7.319172524 235 235 235
-1.732502650 -0.255157296 7.633699838 235 235 235
-0.051153180 -0.537836911 7.720913018 235 235 235
-1.764193602 -0.220228716 7.637315234 235 235 235
-0.327867181 0.730248895 6.914567070 235 235 235
-1.764193602 -0.220228716 7.637315234 235 235 235
-0.485921329 -0.177972934 7.229669102 235 235 235
-0.334922829 -0.181424551 7.221551790 235 235 235
-0.334922829 -0.181424551 7.221551790 235 235 235
-0.979941788 -0.085158837 7.415326200 235 235 235
2.690016687 -2.623143812 7.456812478 235 235 235
0.050324803 0.760063835 6.906029384 235 235 235
-0.851872781 0.209646307 7.210674562 235 235 235
1.547529917 0.667041825 6.516536629 235 235 235
-0.996985133 0.239990155 7.296558870 235 235 235
-0.873057855 0.282250953 7.241716555 235 235 235
-0.721591068 0.283015453 7.136703601 235 235 235
-0.721591068 0.283015453 7.136703601 235 235 235
-0.269649240 0.382887869 6.980733039 235 235 235
-0.843551931 0.822455662 7.046365448 235 235 235
-0.815423317 0.483483699 7.164929186 235 235 235
-0.843551931 0.822455662 7.046365448 235 235 235
-0.373810644 0.728755068 6.877469241 235 235 235
0.742356417 0.659756288 6.648336935 235 235 235
-0.946593941 0.824420297 7.108138086 235 235 235
0.254533662 0.788460292 6.960359578 235 235 235
-0.637478686 0.907229710 7.081374301 235 235 235
-1.782191474 0.920094689 7.212143893 235 235 235
-0.723264342 1.016742104 6.999850288 235 235 235
-1.445926744 1.094116350 7.069589073 235 235 235
-0.650152265 1.090655669 6.947028899 235 235 235
-0.627308321 1.119113347 7.008399486 235 235 235
-0.136359304 0.856410326 6.886355844 235 235 235
-1.411668423 -2.096008543 8.356561217 235 235 235
-1.447604112 0.944044514 7.150294658 235 235 235
-1.400884154 -1.934093056 8.325036363 235 235 235
-1.321563620 -1.800725158 8.363742514 235 235 235
-1.719527824 -1.458342011 8.073423716 235 235 235
-1.124316270 0.985973564 7.273791039 235 235 235
-1.072138813 -1.238186797 8.007579854 235 235 235
-1.608466203 -1.186643155 8.163140799 235 235 235
-1.613386820 -1.190788223 8.178617088 235 235 235
-1.400220008 -1.173458652 8.073675263 235 235 235
-1.169982636 1.023249805 7.269018072 235 235 235
-0.930806078 -1.061194743 7.931326646 235 235 235
-1.242005363 -1.054667488 8.094360929 235 235 235
-1.261121665 -1.005361905 8.069809728 235 235 235
-1.225893855 -0.994121810 8.057124527 235 235 235
-1.440292150 -0.931558590 8.051677382 235 235 235
-1.274538874 -0.955475093 8.049901664 235 235 235
-1.123890043 -0.984222365 8.050767658 235 235 235
1.946086166 -0.987327190 7.199608118 235 235 235
2.435435669 -2.530564282 7.275365448 235 235 235
0.174022794 0.938108748 7.006597786 235 235 235
-0.664207947 -0.828425767 7.795236226 235 235 235
-0.974926939 -0.779809225 7.887728830 235 235 235
-1.603410966 -0.628285129 7.979197548 235 235 235
-1.609042356 -0.586668459 7.968943265 235 235 235
-1.244708405 1.091828862 7.267066444 235 235 235
-0.494876870 -0.359567020 7.329300679 235 235 235
1.368115339 0.895217403 6.489829200 235 235 235
-1.728996829 -0.184695824 7.586394901 235 235 235
-0.615023000 -0.138222038 7.285862680 235 235 235
-1.642441100 0.026413216 7.560343160 235 235 235
-0.630665237 0.102491458 7.136426821 235 235 235
0.024770852 1.034159206 6.965645209 235 235 235
-0.564188723 0.170242424 7.079545385 235 235 235
-0.564188723 0.170242424 7.079545385 235 235 235
-1.113229173 0.224384825 7.287186166 235 235 235
-0.971935027 0.203888163 7.300309098 235 235 235
-0.703202699 0.200477301 7.159497859 235 235 235
2.345207624 0.885852677 6.057417878 235 235 235
-1.256464153 0.243128510 7.325228573 235 235 235
-1.256464153 0.243128510 7.325228573 235 235 235
-0.806662681 0.208228085 7.240125353 235 235 235
-0.606873772 0.281226202 7.122567513 235 235 235
0.032522486 1.167342286 6.975829923 235 235 235
0.032522486 1.167342286 6.975829923 235 235 235
-0.822435964 0.382362656 7.196246001 235 235 235
-1.156740219 0.438056552 7.244547095 235 235 235
-0.821295831 0.420335259 7.158960287 235 235 235
-0.392065766 0.408970128 6.976283375 235 235 235
-1.290765103 1.295740535 7.310220827 235 235 235
-0.519411086 0.418721155 7.010604983 235 235 235
-0.916143215 0.539551382 7.150022239 235 235 235
-0.980514768 0.557117220 7.188899154 235 235 235
-0.545864428 0.575430987 6.958004584 235 235 235
-0.731987970 0.613792381 7.013632654 235 235 235
0.521059974 0.525565515 6.748812202 235 235 235
-1.416310667 1.424006044 7.256491171 235 235 235
-0.734246612 0.684922599 7.069506225 235 235 235
-0.668700822 0.710777016 7.060133867 235 235 235
1.284658246 1.202308865 6.424059534 235 235 235
-0.922437341 0.916738200 7.135520443 235 235 235
-1.392726595 1.020079306 7.093971299 235 235 235
-1.507087009 1.129134581 7.013922319 235 235 235
1.876364511 -2.574904129 7.570259190 235 235 235
-0.016933410 1.370216437 6.923910948 235 235 235
2.713936569 1.165113816 6.356876091 235 235 235
0.045495360 1.447925865 6.948509517 235 235 235
-1.687157762 -1.401775524 8.039376608 235 235 235
-1.616631551 -1.247660496 8.178433541 235 235 235
1.203121733 1.294890415 6.339888432 235 235 235
-0.201377300 -1.227584909 7.775899506 235 235 235
1.415388380 -1.327766707 7.334800023 235 235 235
-0.340645164 1.492854546 6.659504971 235 235 235
-1.610749508 -0.537285197 7.945353938 235 235 235
-0.678445963 -0.584553638 7.816391438 235 235 235
0.051853503 1.527053603 6.926547737 235 235 235
-1.014952601 -0.558011344 7.919952774 235 235 235
-0.665164627 -0.235533037 7.252109437 235 235 235
-0.696943235 -0.186785459 7.342620932 235 235 235
-0.510837608 -0.130142853 7.215191048 235 235 235
-0.482278758 0.088190768 7.083309271 235 235 235
-0.485104049 0.099911627 7.020857242 235 235 235
-0.165112440 1.546457248 6.822185823 235 235 235
-0.778332220 0.137838571 7.180218214 235 235 235
0.080826351 1.597202322 6.945706673 235 235 235
-0.926116797 0.156965378 7.221796658 235 235 235
-0.532351006 0.147303731 7.138871985 235 235 235
-0.888205172 0.170264791 7.285036890 235 235 235
-0.670875025 0.218784189 7.205236991 235 235 235
-0.819612729 0.282429197 7.182238602 235 235 235
0.080826351 1.597202322 6.945706673 235 235 235
-0.748512539 0.342724197 7.118017444 235 235 235
2.430800213 1.266156739 5.956346173 235 235 235
-1.549577834 0.680297014 7.256518878 235 235 235
1.876364511 -2.574904129 7.570259190 235 235 235
-0.431473718 1.568974760 6.641263287 235 235 235
-0.657189636 0.674356434 7.057096068 235 235 235
-0.661615627 0.683660054 7.056424175 235 235 235
-0.651499698 0.730259422 7.048381945 235 235 235
-0.340730233 0.726842849 6.943371416 235 235 235
-0.335256472 0.771689853 6.927709539 235 235 235
-0.284439497 0.769203948 6.919698038 235 235 235
-0.424805361 1.595156935 6.620617943 235 235 235
-1.737683275 1.833993060 6.895429968 235 235 235
-1.615364572 -2.070924609 8.483480374 235 235 235
-1.474634676 -2.042313953 8.390919351 235 235 235
1.052743649 1.685828122 6.188576045 235 235 235
-1.772909561 -0.915926490 7.880756692 235 235 235
-1.727057947 -0.871834050 7.870298779 235 235 235
1.120377502 1.713780731 6.160759566 235 235 235
-0.479337097 -0.768377664 7.453718325 235 235 235
-0.477716225 -0.780178880 7.483401214 235 235 235
-0.817056792 -0.836578647 7.841111912 235 235 235
-1.348609978 -0.623803040 8.070474212 235 235 235
-0.935969893 -0.584197918 7.892502718 235 235 235
-1.431868616 -0.439059934 8.059559514 235 235 235
1.114484812 1.711138457 6.183980024 235 235 235
-0.509343016 -0.077534970 7.200422049 235 235 235
-0.447200357 -0.084591025 7.183873078 235 235 235
-1.100096461 0.186240399 7.303623542 235 235 235
2.117606004 -4.748930650 8.305033175 235 235 235
-0.813249524 0.160617496 7.255431086 235 235 235
-1.180574144 0.201935519 7.343672503 235 235 235
-0.627178852 0.199330927 7.166955036 235 235 235
-0.326202207 0.224337952 7.107802330 235 235 235
-0.629657628 0.326542077 7.112912895 235 235 235
-0.663573003 0.333363807 7.128369202 235 235 235
-0.357831918 -3.517508474 8.522487932 235 235 235
-0.991422530 0.450717977 7.232658317 235 235 235
-0.356839728 -3.388417801 8.484238320 235 235 235
-0.699163349 0.439901848 7.062170879 235 235 235
-1.418203756 0.493544890 7.274096205 235 235 235
-1.131992016 0.469400681 7.216992059 235 235 235
-0.970781743 0.531417770 7.200265951 235 235 235
-0.639359643 0.643752541 7.055817406 235 235 235
0.004642716 0.661606776 6.865957057 235 235 235
-0.353651403 -3.301768212 8.456035955 235 235 235
-0.589739238 0.724008288 7.023428618 235 235 235
-0.665792576 0.807648437 7.025316803 235 235 235
-0.122654735 0.802833710 6.858867189 235 235 235
-1.417660446 0.912986156 7.135113746 235 235 235
-1.189353782 0.915435682 7.161471104 235 235 235
-0.597136229 0.882543944 6.977878856 235 235 235
-1.150863534 0.997343835 7.228682508 235 235 235
1.848314666 -2.567070570 7.580791432 235 235 235
-0.352492161 -3.219619910 8.434123610 235 235 235
-0.260606045 1.071328801 6.829755333 235 235 235
-1.005646419 1.154686051 7.309189261 235 235 235
-1.187116780 1.163726171 7.261232604 235 235 235
-0.346657666 -2.980233785 8.358039260 235 235 235
-1.535239242 -1.239064623 8.137309475 235 235 235
-1.320055758 -0.956688124 8.033022077 235 235 235
-1.489332277 -0.722914013 7.997154990 235 235 235
2.641972264 -2.458874336 7.442107207 235 235 235
-1.343416337 -0.745940253 8.005462185 235 235 235
-1.706531835 -0.368513032 7.658092156 235 235 235
-1.631136940 -0.438617609 7.901379455 235 235 235
-0.965309103 -0.431115939 7.873397795 235 235 235
-0.571061882 0.115670572 7.005571745 235 235 235
2.033322871 -2.463714762 7.526504375 235 235 235
-0.667433085 0.154905277 7.236921701 235 235 235
-1.062596895 0.228221271 7.299899324 235 235 235
2.311510790 -2.330489646 7.266910739 235 235 235
-1.457518737 0.588729022 7.256419968 235 235 235
-0.225337439 0.525110479 6.946822456 235 235 235
-0.626583393 0.564021943 7.057268727 235 235 235
1.109848906 -1.477109389 7.311698792 235 235 235
-0.497088311 0.685462617 6.917274873 235 235 235
-0.461905347 0.730509940 6.891203497 235 235 235
1.108746071 -1.478807098 7.328838755 235 235 235
-0.224049073 1.092005038 6.816248657 235 235 235
-1.337363318 -1.981637848 8.366336589 235 235 235
1.106332545 -1.399242893 7.300155158 235 235 235
-1.190036940 -1.382536161 8.049581169 235 235 235
-1.342241294 -1.054000530 8.054710177 235 235 235
-0.843572117 -1.071805756 7.881832841 235 235 235
-1.460749733 -0.901641502 8.002437963 235 235 235
-0.469413407 0.160740093 7.109014376 235 235 235
-0.772880661 0.271661479 7.203277106 235 235 235
1.038273977 -1.351596438 7.300778909 235 235 235
0.619703464 0.204945603 6.846065177 235 235 235
-1.197882212 0.341734644 7.268643814 235 235 235
-1.214605685 0.344698279 7.317995662 235 235 235
-0.384101661 -1.343012849 7.648407699 235 235 235
-1.444958786 -1.349222141 8.109228100 235 235 235
-0.976316780 -1.268444693 7.993820094 235 235 235
-1.411355067 -0.794920907 7.968956653 235 235 235
1.601738181 -2.571845056 7.636710747 235 235 235
0.810575119 -1.328000282 7.535551730 235 235 235
-0.731921127 -0.845731216 7.813962307 235 235 235
-0.965477469 -0.569778789 7.891014239 235 235 235
-0.484055848 -0.094661463 7.179034462 235 235 235
-0.627557735 0.482857020 7.027739605 235 235 235
-0.679121071 1.028276738 6.963553967 235 235 235
0.365264552 -1.324836471 7.692649973 235 235 235
-1.772582041 -0.774161973 7.880525083 235 235 235
-1.339286366 -0.859144784 7.990114726 235 235 235
0.212388792 -1.293846222 7.724974668 235 235 235
-0.760868147 0.490374891 7.070507115 235 235 235
-0.782708665 0.933986769 6.992681321 235 235 235
-1.364299338 -1.196740993 8.070606600 235 235 235
-1.364299338 -1.196740993 8.070606600 235 235 235
1.717183741 -1.234614554 7.368876896 235 235 235
-1.501691676 -3.535722662 9.058489003 235 235 235
-1.130341473 -3.120222446 8.685582384 235 235 235
-1.127146731 -2.952262909 8.622875054 235 235 235
-1.136555704 -2.902292339 8.658500927 235 235 235
-1.136555704 -2.902292339 8.658500927 235 235 235
-0.753836675 -1.018270594 7.847297669 235 235 235
-0.449032924 -2.122502889 7.930076541 235 235 235
-0.524367642 -2.112669640 7.951799722 235 235 235
-1.263288929 -1.992806679 8.304875620 235 235 235
1.717183741 -1.234614554 7.368876896 235 235 235
-0.887421772 -1.890975116 8.266027073 235 235 235
-0.672655802 -1.374784775 7.916187712 235 235 235
-1.129869052 -2.134697445 8.297311320 235 235 235
-0.809462633 -2.041225872 8.295441698 235 235 235
-0.400095006 -1.448689710 7.691136262 235 235 235
-0.807471938 -1.424331705 8.021356382 235 235 235
-0.753252210 -0.987305820 7.853553535 235 235 235
-1.196226126 0.750615194 7.160307846 235 235 235
1.632363161 -1.196732475 7.371987657 235 235 235
-0.841396081 -2.009051749 8.208454119 235 235 235
-0.839850670 -1.364263757 7.964142569 235 235 235
-0.909819133 -1.323332851 7.986256256 235 235 235
-0.688281786 -1.286659480 7.897438144 235 235 235
-0.925530635 -2.267740221 8.250839076 235 235 235
-0.989838129 -2.218948273 8.322461717 235 235 235
-0.911741990 -2.087858645 8.182047320 235 235 235
-1.046242610 -2.114901163 8.307069774 235 235 235
-1.324547921 -2.071906720 8.352050923 235 235 235
-0.754116716 -1.832239842 8.195209044 235 235 235
1.596617524 -1.187085966 7.359025827 235 235 235
-0.755601876 -1.842412229 8.218098795 235 235 235
-0.644607694 -1.345421909 7.928216287 235 235 235
-0.729632026 -1.221687958 7.905171638 235 235 235
-0.719891652 -1.138949518 7.854956512 235 235 235
-0.672513307 -1.126585799 7.860289798 235 235 235
-0.663059770 -1.022501466 7.820268787 235 235 235
-1.279136929 -2.253253545 8.349960020 235 235 235
-0.701410683 -2.130557631 8.158513941 235 235 235
0.399701995 -1.188552452 7.770555908 235 235 235
-0.701102862 -2.130270212 8.156973833 235 235 235
-1.261360674 -2.074003172 8.318706474 235 235 235
-0.976106320 -2.102194385 8.236529085 235 235 235
-0.621576040 -2.098492996 8.131988109 235 235 235
-1.202778488 -2.115780667 8.393296918 235 235 235
-0.694909266 -1.316286052 7.912225048 235 235 235
-0.696391590 -1.325467551 7.936336016 235 235 235
-0.774638835 -1.126556483 7.880795621 235 235 235
-0.645682325 -0.756715924 7.781992677 235 235 235
-0.415857954 -2.346026005 7.976091018 235 235 235
0.399701995 -1.188552452 7.770555908 235 235 235
-1.118970249 -2.121849622 8.276082738 235 235 235
-0.803224895 -1.311884588 7.943522651 235 235 235
-1.403081899 -2.086971568 8.357017521 235 235 235
-0.849590736 -2.143213604 8.221851216 235 235 235
-0.901797145 -2.020552324 8.235261492 235 235 235
-0.719547446 -1.921172383 8.192091571 235 235 235
-0.466898892 -1.497983274 7.707309382 235 235 235
-0.903689877 -1.400015237 7.977203717 235 235 235
-1.063309362 -2.152985512 8.261996912 235 235 235
2.381237330 -2.401301453 7.255820473 235 235 235
1.862097310 -1.084426004 7.264515301 235 235 235
1.948781490 -2.395875679 7.473306077 235 235 235
1.945090381 -2.391596375 7.466811078 235 235 235
1.738989007 -2.360793540 7.504352326 235 235 235
0.031972098 -2.213134103 7.972653739 235 235 235
2.133856921 -2.243628420 7.414985335 235 235 235
2.133856921 -2.243628420 7.414985335 235 235 235
1.594277818 -2.176930787 7.640836194 235 235 235
1.941715410 -1.665523788 7.230010726 235 235 235
-0.667452941 -1.338863716 7.911389746 235 235 235
0.352175758 -1.435484628 7.665449910 235 235 235
1.601855046 -2.571102743 7.636726202 235 235 235
1.357078640 -0.992724745 7.326422072 235 235 235
0.483983565 -1.439128921 7.648500161 235 235 235
-1.303665354 -1.253569126 8.073247765 235 235 235
1.364846029 -1.491788179 7.393622954 235 235 235
-1.347469116 -1.234307066 8.085722008 235 235 235
2.178372965 -1.373381200 6.971924953 235 235 235
-0.856890402 -1.062799551 7.904894518 235 235 235
1.540942331 -1.282542364 7.300229415 235 235 235
1.425714492 -1.253960079 7.306477998 235 235 235
1.540889962 -1.272497557 7.319878727 235 235 235
0.880353105 -1.199105853 7.467243401 235 235 235
-1.193898001 -1.004690099 8.008195523 235 235 235
1.821669594 -1.223124621 7.289966777 235 235 235
-0.648505333 -0.843300710 7.777201573 235 235 235
-1.075738275 -0.675289654 7.876695906 235 235 235
-0.038626264 -0.666026582 7.731428661 235 235 235
0.994163709 -0.663010942 7.371629965 235 235 235
-0.079097760 -0.553975281 7.719962864 235 235 235
0.889510097 -0.633649890 7.516549147 235 235 235
1.729827303 -0.662422577 7.147282361 235 235 235
1.020746766 -0.591815812 7.291234306 235 235 235
-1.224461501 -0.945070105 8.001605072 235 235 235
2.147995623 -0.698923851 7.099452635 235 235 235
2.172939878 -0.632248316 7.061434769 235 235 235
1.014255796 -0.503057616 7.242764720 235 235 235
0.880605087 -0.266015209 6.951404020 235 235 235
0.571975374 0.063129691 6.903491568 235 235 235
0.353658771 0.140141389 6.953366121 235 235 235
0.032348512 0.172296087 7.004662336 235 235 235
0.743125511 0.297362883 6.784648682 235 235 235
-1.734933336 -0.889970983 7.858890068 235 235 235
1.885983233 0.335589484 6.424869591 235 235 235
1.638568075 0.361036169 6.488640623 235 235 235
1.708959127 0.355216675 6.471748326 235 235 235
1.708959127 0.355216675 6.471748326 235 235 235
-0.222676207 0.546520924 6.893285962 235 235 235
0.536060411 0.494955556 6.797286111 235 235 235
-0.249317681 0.573177512 6.905243221 235 235 235
1.126456679 0.459377317 6.555632779 235 235 235
1.622309858 0.411548184 6.481180174 235 235 235
-1.223740857 -0.879675746 7.980823437 235 235 235
0.075350595 0.561107869 6.866581075 235 235 235
0.965989103 0.481908675 6.670420522 235 235 235
1.671221148 0.453177279 6.443425834 235 235 235
0.945035445 0.600157622 6.623010768 235 235 235
0.907931632 0.697767691 6.584957101 235 235 235
0.921793790 0.732304952 6.581914802 235 235 235
0.344868546 1.050275480 6.952568973 235 235 235
-0.294363277 -0.738438705 7.598083166 235 235 235
0.231710488 1.134121484 6.874083340 235 235 235
-0.715429823 -4.518211388 8.946325672 235 235 235
-0.715429823 -4.518211388 8.946325672 235 235 235
-1.299049529 -4.236832920 9.080047285 235 235 235
-0.812257149 -4.261460979 8.926252145 235 235 235
1.484058140 -4.457820411 8.381125722 235 235 235
-0.294363277 -0.738438705 7.598083166 235 235 235
1.983386716 -4.495946755 8.259341459 235 235 235
2.010764614 -4.461976072 8.227828388 235 235 235
1.730638253 -3.507165088 8.035774522 235 235 235
0.287960149 -2.421300641 7.944256240 235 235 235
-0.185213825 -2.326104401 8.037259260 235 235 235
0.450128043 -2.380749922 7.922416988 235 235 235
1.049393517 -2.284928657 7.568531580 235 235 235
1.051123402 -2.234055276 7.550036020 235 235 235
2.225292471 -2.245947225 7.444234182 235 235 235
0.313413076 -0.738787175 7.660207441 235 235 235
2.142638304 -1.854778485 7.304928085 235 235 235
-1.089434272 -1.340517788 8.030438567 235 235 235
-1.414942755 -1.307515952 8.117153532 235 235 235
-1.121702481 -1.335805098 8.038733637 235 235 235
0.784187427 -1.463222549 7.559360544 235 235 235
0.784187427 -1.463222549 7.559360544 235 235 235
-1.095353979 -1.271576103 8.017063416 235 235 235
0.696203450 -1.373824131 7.571879844 235 235 235
1.677696740 -1.392481767 7.274996375 235 235 235
1.977148149 -1.419216246 7.204098239 235 235 235
0.310809822 -0.737048147 7.671570058 235 235 235
-0.954134212 -1.144016612 7.936691697 235 235 235
-0.168673690 -1.132935405 7.728194273 235 235 235
1.505937227 -1.281524235 7.304850576 235 235 235
1.762858069 -1.123437665 7.256488414 235 235 235
1.908462243 -1.122088723 7.189706968 235 235 235
1.077886746 -0.912137248 7.042960359 235 235 235
-1.475594934 -0.735997444 8.006386381 235 235 235
2.127948155 -1.026108803 6.977533674 235 235 235
1.882401299 -1.022551939 7.156576710 235 235 235
2.207875356 -1.018874279 7.019562214 235 235 235
0.496802516 -0.710483279 7.622059051 235 235 235
0.175578923 -0.886746198 7.746963899 235 235 235
1.847283960 -0.994007113 7.156369650 235 235 235
1.485964970 -0.832508222 7.352220115 235 235 235
0.669461343 -0.741667150 7.601214405 235 235 235
0.881545794 -0.689672098 7.511874170 235 235 235
-0.973294482 -0.471453134 7.907858395 235 235 235
2.140937244 -0.730895716 7.100832248 235 235 235
0.659200337 -0.643855942 7.667867997 235 235 235
1.730947634 -0.641582569 7.141657369 235 235 235
1.669815305 -2.556362475 7.625219763 235 235 235
0.496685120 -0.710022839 7.623297110 235 235 235
0.858742148 -0.574961220 7.506184198 235 235 235
2.239352029 -0.649518512 6.935611908 235 235 235
0.018050511 -0.472859465 7.670303135 235 235 235
2.148506408 -0.668279735 7.151741228 235 235 235
-0.960437960 -0.108513747 7.394643613 235 235 235
1.391689333 -0.064302128 6.676645511 235 235 235
1.046722372 0.008223999 6.766298919 235 235 235
0.265537445 0.155518296 6.948922018 235 235 235
1.488591071 0.058359129 6.590359925 235 235 235
0.864959417 0.256355879 6.762426632 235 235 235
-0.461122675 -0.644885079 7.385192954 235 235 235
0.726745701 0.295726132 6.783126881 235 235 235
0.922346951 0.277260173 6.735143295 235 235 235
0.300429031 0.335286956 6.880947339 235 235 235
0.521318897 0.430441506 6.803119485 235 235 235
1.742467840 0.314004947 6.476998286 235 235 235
0.636320133 0.433932660 6.777616918 235 235 235
-0.846935773 0.619584880 7.117562892 235 235 235
0.037182892 0.597945574 6.829758155 235 235 235
0.511493057 -0.457992052 7.536398015 235 235 235
-0.462846740 0.648674717 6.917738898 235 235 235
0.585741286 0.560979615 6.751664618 235 235 235
1.901350351 0.443223665 6.400948890 235 235 235
0.667620846 0.576808879 6.715076557 235 235 235
1.592614440 0.504592621 6.465222517 235 235 235
1.300896612 0.550085864 6.538228777 235 235 235
-0.063181405 0.692982154 6.844821903 235 235 235
1.416101618 0.605652920 6.481447040 235 235 235
1.083592730 -0.416345990 6.914718275 235 235 235
1.438357132 0.639983856 6.466033244 235 235 235
0.881198843 0.781347341 6.564802422 235 235 235
0.881198843 0.781347341 6.564802422 235 235 235
0.926945219 0.803908046 6.568893240 235 235 235
0.916347707 0.825754495 6.578015255 235 235 235
0.440806266 1.058889375 6.937735350 235 235 235
0.356771826 1.078318990 7.004748981 235 235 235
-1.682885614 -0.194827460 7.614047301 235 235 235
0.994904720 1.497257059 6.290766076 235 235 235
0.756852739 1.719738806 6.980448721 235 235 235
-1.690663720 -4.483740032 9.259842139 235 235 235
1.418016557 -4.167431421 8.406498107 235 235 235
2.165803165 -0.136793024 6.473243409 235 235 235
-0.762477100 -3.951007811 8.952926782 235 235 235
2.061434488 -4.078887467 8.110908250 235 235 235
2.263765172 -2.694904277 6.965207279 235 235 235
2.008114562 -2.569517437 7.461277329 235 235 235
2.195915981 -2.417128496 7.417726430 235 235 235
2.103227140 -2.319821070 7.252028057 235 235 235
0.057012324 -2.210547590 7.980942621 235 235 235
1.045527515 -2.203971459 7.540721434 235 235 235
1.046994823 -2.204698045 7.543301974 235 235 235
2.293906606 -2.320752835 7.246777718 235 235 235
2.606614766 -0.142338803 6.733583718 235 235 235
1.707340594 -2.208029010 7.491763865 235 235 235
0.944049322 -1.796382926 7.631229435 235 235 235
0.944049322 -1.796382926 7.631229435 235 235 235
1.615320323 -1.723879100 7.382778461 235 235 235
2.066625024 -1.670627029 7.123307601 235 235 235
-1.428703773 -1.281459430 8.129086543 235 235 235
0.113058299 -1.412738768 7.733031118 235 235 235
0.893349495 -1.467791007 7.530821773 235 235 235
1.601186217 -1.485843936 7.329794664 235 235 235
1.718690561 -1.497417156 7.293421163 235 235 235
2.126489237 -1.514289532 7.162140768 235 235 235
1.630508110 -1.420469093 7.301720765 235 235 235
0.821711411 -1.325258853 7.510860941 235 235 235
-0.922461264 -1.100833221 7.934205704 235 235 235
-0.001924543 -1.164551683 7.815637266 235 235 235
-0.699013384 -1.036488500 7.820609381 235 235 235
1.724866189 -1.262285382 7.315269532 235 235 235
1.841716461 -1.265739938 7.271924903 235 235 235
-1.001239445 -1.007797801 8.007728868 235 235 235
0.213417999 -1.143234435 7.816566306 235 235 235
-0.910542324 0.141048849 7.267647688 235 235 235
1.904555574 -1.247572653 7.251447395 235 235 235
-0.686224055 -0.908290245 7.807115355 235 235 235
0.057511910 -1.015632188 7.784428484 235 235 235
1.941123419 -1.141504982 7.156562552 235 235 235
-0.661396117 -0.869137268 7.788492582 235 235 235
1.931750108 -1.102532874 7.148315291 235 235 235
0.299650595 -0.985647196 7.753364066 235 235 235
0.370557082 -0.983152101 7.723255823 235 235 235
0.396321400 -0.977012851 7.725484093 235 235 235
0.396321400 -0.977012851 7.725484093 235 235 235
1.737557271 0.144344695 6.545850940 235 235 235
0.270381317 -0.930164470 7.737431799 235 235 235
0.310996214 -0.931204241 7.733722526 235 235 235
0.528349253 -0.951801388 7.682320090 235 235 235
0.528349253 -0.951801388 7.682320090 235 235 235
0.618897212 -0.928511790 7.663049313 235 235 235
-0.861357485 -0.736528493 7.916797453 235 235 235
2.221118168 -0.984835202 7.011578385 235 235 235
0.585113615 -0.881420784 7.652720570 235 235 235
0.627520468 -0.865375468 7.633424003 235 235 235
1.703293703 -2.553635594 7.615504204 235 235 235
2.739510290 0.202451926 6.599893862 235 235 235
0.681095217 -0.875301632 7.627202822 235 235 235
2.000066896 -0.960831985 7.173643302 235 235 235
2.000201583 -0.960385209 7.173375913 235 235 235
1.501584661 -0.905864672 7.315008569 235 235 235
1.501548944 -0.906063142 7.315152947 235 235 235
1.939278287 -0.940489678 7.223542343 235 235 235
0.678320566 -0.846412177 7.632046811 235 235 235
0.689904854 -0.796603733 7.609775323 235 235 235
2.140063473 -0.897165489 7.126720291 235 235 235
0.959717955 -0.777026940 7.380148948 235 235 235
2.784291054 0.281787946 6.582439095 235 235 235
2.162672450 -0.887652793 7.091092595 235 235 235
0.887627318 -0.789388861 7.552738332 235 235 235
0.683179612 -0.720350937 7.576320056 235 235 235
2.157261466 -0.824622898 7.076503531 235 235 235
-0.080809925 -0.619591033 7.736456751 235 235 235
0.124524545 -0.597936266 7.675829344 235 235 235
0.684449446 -0.649473042 7.582000194 235 235 235
1.158319896 -0.539805284 6.920335550 235 235 235
1.054761180 -0.590072925 7.277996760 235 235 235
-0.040926109 -0.501104576 7.696882706 235 235 235
0.636030515 -0.557793001 7.573337390 235 235 235
-0.004054880 -0.451853956 7.665139004 235 235 235
0.827301186 -0.284438963 6.951121232 235 235 235
0.986841980 -0.299028482 6.906931716 235 235 235
0.986841980 -0.299028482 6.906931716 235 235 235
0.366407699 0.078351360 6.988186168 235 235 235
-0.184566031 0.136861060 7.066339987 235 235 235
0.277326576 0.093824563 6.986210083 235 235 235
0.268341977 0.116109839 7.068713248 235 235 235
1.336209935 0.432730551 6.554924091 235 235 235
0.697403672 0.080192962 6.955960674 235 235 235
1.931857040 -0.007297186 6.530706831 235 235 235
0.288304646 0.183465424 6.935075074 235 235 235
0.896944480 0.217399102 6.747049606 235 235 235
1.177502504 0.219813945 6.633407135 235 235 235
0.944786240 0.255512946 6.746761607 235 235 235
0.876200665 0.285794407 6.724334996 235 235 235
0.343958280 0.334236948 6.877299066 235 235 235
-0.054494354 0.493527056 6.911348969 235 235 235
0.257867862 0.497885728 6.841133881 235 235 235
1.905481255 0.317402156 6.425683410 235 235 235
0.971872809 0.497913756 6.656902325 235 235 235
1.253266425 0.476499046 6.565335218 235 235 235
0.893794919 0.528061144 6.673723468 235 235 235
0.884459957 0.549817236 6.669247480 235 235 235
-1.210137310 0.749179040 7.239725219 235 235 235
0.963997383 0.582647549 6.640556338 235 235 235
-0.964339797 0.756373854 7.133125689 235 235 235
0.825540183 0.632191454 6.657819261 235 235 235
0.816306837 0.471174713 6.681277609 235 235 235
1.499435586 0.564866102 6.470912509 235 235 235
0.812182027 0.655966941 6.649091229 235 235 235
0.846810914 0.684889132 6.617738654 235 235 235
0.888297238 0.738524008 6.607693091 235 235 235
0.903604013 0.762411203 6.584546162 235 235 235
0.922360949 0.768908837 6.565669421 235 235 235
1.508734934 0.826201690 6.548993949 235 235 235
0.451469389 0.492145450 6.778898440 235 235 235
1.046787704 1.173082063 6.396124974 235 235 235
1.040726933 1.227164978 6.374672915 235 235 235
0.976086777 1.252989492 6.319680553 235 235 235
1.943855304 -4.335557031 8.334298606 235 235 235
0.957775029 -4.089802146 8.392065753 235 235 235
-0.140982723 0.550509509 6.919254301 235 235 235
-0.731736519 -2.326742206 8.210642181 235 235 235
2.381175817 -2.433620838 7.260320177 235 235 235
0.894577138 -2.320839791 7.787520052 235 235 235
2.087261752 -2.329418952 7.304880695 235 235 235
1.563240773 -2.246020843 7.660567587 235 235 235
1.734802263 -2.191142482 7.482227108 235 235 235
1.734802263 -2.191142482 7.482227108 235 235 235
1.866706267 -2.234893716 7.523122435 235 235 235
1.982118544 -2.198328406 7.397080524 235 235 235
-1.069210289 0.604880838 7.181478545 235 235 235
-1.446719005 -1.800634640 8.403040069 235 235 235
-1.446719005 -1.800634640 8.403040069 235 235 235
2.136438812 -1.800601582 7.276396187 235 235 235
-0.982854724 -1.353663651 8.000018093 235 235 235
-1.205052398 -1.331438851 8.069528458 235 235 235
-0.894219726 -1.357696594 7.976830097 235 235 235
-0.735682476 -1.372655856 7.934392388 235 235 235
0.603868416 -1.446345254 7.608375647 235 235 235
1.746214039 -1.469216596 7.280886167 235 235 235
0.658066621 0.573614957 6.695471861 235 235 235
0.858010676 -1.340342276 7.506465918 235 235 235
0.858010676 -1.340342276 7.506465918 235 235 235
1.841329626 -1.302415151 7.278193738 235 235 235
0.063666846 -1.134170161 7.804648389 235 235 235
-0.808147216 -0.989491077 7.877479810 235 235 235
1.762818147 -1.159706672 7.263648447 235 235 235
-1.042939216 -0.864400423 7.992979718 235 235 235
-0.693077461 -0.874842293 7.811920348 235 235 235
0.425618884 -0.993204925 7.722926556 235 235 235
0.252444868 -0.955600728 7.741273770 235 235 235
-1.522536698 0.721955880 7.244878941 235 235 235
0.234258815 -0.922535091 7.734788706 235 235 235
0.140623127 -0.840797150 7.743241567 235 235 235
-0.744280391 -0.727599831 7.888518877 235 235 235
-0.744097228 -0.720973118 7.864847215 235 235 235
0.151603794 -0.806103103 7.737849676 235 235 235
0.642697445 -0.839957758 7.611264662 235 235 235
2.213867485 -0.933441859 7.008549311 235 235 235
2.213867485 -0.933441859 7.008549311 235 235 235
0.292395754 -0.764315791 7.667307005 235 235 235
0.153680346 -0.597739881 7.677647280 235 235 235
0.193154504 0.637380035 6.871189697 235 235 235
0.648694924 -0.634796153 7.559481004 235 235 235
0.861769190 -0.637188039 7.515930496 235 235 235
0.861769190 -0.637188039 7.515930496 235 235 235
0.661689271 -0.601111494 7.560961728 235 235 235
1.017191114 -0.576862795 7.265496116 235 235 235
0.214792480 -0.483317049 7.639653556 235 235 235
0.941052217 -0.298492681 6.933618561 235 235 235
0.754201025 -0.045867772 6.853873790 235 235 235
0.327301048 0.008432686 6.945286028 235 235 235
0.193154504 0.637380035 6.871189697 235 235 235
-0.748123229 0.113234906 7.226641882 235 235 235
1.259168369 -0.059407718 6.707281381 235 235 235
1.662803062 -0.102412485 6.617477217 235 235 235
1.607693174 -0.038238826 6.648304633 235 235 235
0.260409952 0.089111164 7.024865076 235 235 235
0.537491360 0.064394438 6.917461372 235 235 235
1.617670060 -0.018474684 6.607661401 235 235 235
1.594003999 0.035042149 6.601533561 235 235 235
1.044128385 0.088619162 6.802535078 235 235 235
1.335541280 0.589028821 6.515786126 235 235 235
-0.196188504 0.259380351 7.110416112 235 235 235
0.072268231 0.242075353 6.967668495 235 235 235
0.072268231 0.242075353 6.967668495 235 235 235
1.223260087 0.145575969 6.695329583 235 235 235
1.677588861 0.107962006 6.560552037 235 235 235
0.584887782 0.247191723 6.833845715 235 235 235
1.826762483 0.146633473 6.502548689 235 235 235
-0.180037884 0.343038412 6.996749351 235 235 235
0.561075690 0.282011032 6.824066211 235 235 235
0.599241228 0.279980187 6.839309618 235 235 235
0.811468487 0.632022139 6.647457044 235 235 235
0.663555777 0.274052460 6.793657965 235 235 235
1.893794309 0.163728025 6.471563823 235 235 235
1.256494867 0.246640485 6.598192792 235 235 235
0.728483551 0.527656898 6.727444947 235 235 235
-0.022915653 0.613418733 6.875369361 235 235 235
1.608123470 0.473391019 6.464805359 235 235 235
0.932451434 0.684246031 6.604855492 235 235 235
0.871916537 0.759918800 6.611345251 235 235 235
0.833917908 0.762401039 6.609337980 235 235 235
-0.031444753 0.690435104 6.899185646 235 235 235
0.838221078 0.763513723 6.626355228 235 235 235
-0.377819465 0.903052661 6.841005447 235 235 235
0.907794690 0.792468147 6.583788041 235 235 235
0.971636235 0.827833303 6.537006519 235 235 235
1.024241460 1.049998038 6.398789669 235 235 235
0.786382917 1.318494831 6.784009803 235 235 235
0.669114815 1.369425510 6.940183835 235 235 235
1.285331491 0.628262944 6.512502509 235 235 235
-0.836836533 -4.478631789 8.977347560 235 235 235
1.771113512 -4.350024304 8.245530754 235 235 235
2.137261431 -4.289550755 8.127468930 235 235 235
-0.995259871 -3.988469042 8.999776814 235 235 235
-0.750493631 -3.949094464 8.851003027 235 235 235
0.853023114 -4.070327861 8.518702259 235 235 235
-0.289020579 0.774839085 6.899986672 235 235 235
0.837715514 -2.210069958 7.753094479 235 235 235
0.706401499 -2.271279038 8.016945468 235 235 235
0.853183133 -2.111646117 7.752781801 235 235 235
-0.746689537 -1.892874734 8.167790219 235 235 235
-0.873981625 -1.819541038 8.212784642 235 235 235
-0.026272143 -1.437276061 7.763686437 235 235 235
-0.955586028 -1.315491495 7.985778199 235 235 235
1.878602071 -1.553404595 7.261673674 235 235 235
1.467110597 -1.435986965 7.342495464 235 235 235
0.288263263 0.850272977 7.003486061 235 235 235
2.159757352 -1.469161104 7.183883075 235 235 235
2.155643583 -1.466522275 7.177888778 235 235 235
-0.201296918 -1.220756453 7.753016116 235 235 235
0.902955387 -1.317801154 7.506858986 235 235 235
2.138217191 -1.403713785 7.156978514 235 235 235
-1.539727015 -1.047739148 8.099813257 235 235 235
2.102321322 -1.374489927 7.172929519 235 235 235
-0.152794089 -1.120822378 7.724940666 235 235 235
-1.007869594 -0.931911234 8.016912053 235 235 235
-0.747489268 -0.925491270 7.846763029 235 235 235
2.700937431 0.707567057 6.485667370 235 235 235
1.772861479 -1.072663471 7.245667759 235 235 235
0.457134849 -0.829793910 7.646258860 235 235 235
0.104956967 -0.693993740 7.702737715 235 235 235
0.104586835 -0.693302039 7.700642317 235 235 235
0.422875981 -0.000533608 6.948690329 235 235 235
1.023543003 -0.040546163 6.734312087 235 235 235
1.061316355 -0.048132716 6.726939651 235 235 235
0.118762366 0.040341909 7.027332737 235 235 235
1.686119264 -0.097869578 6.586049197 235 235 235
0.711618902 -2.464845586 7.863104406 235 235 235
0.136460726 0.900511483 6.975918888 235 235 235
0.768338384 -0.012349856 6.856990904 235 235 235
0.767015337 -0.011404020 6.851815838 235 235 235
1.541674980 -0.083433859 6.644942531 235 235 235
0.148075624 0.052128396 6.974798604 235 235 235
1.381197075 -0.054968332 6.671612868 235 235 235
0.868364663 0.002791736 6.800420538 235 235 235
1.210859712 -0.013252605 6.753273979 235 235 235
-0.590455372 0.156514146 7.182569715 235 235 235
1.922896529 -0.020504995 6.569994441 235 235 235
-1.223251481 1.025045429 7.256332562 235 235 235
-0.417721724 0.209943157 7.076217297 235 235 235
-0.206147510 0.208659654 7.022748728 235 235 235
1.862689702 0.021597215 6.526992420 235 235 235
0.263795229 0.186032795 6.967729005 235 235 235
-0.260920682 0.345709353 6.995571140 235 235 235
-0.262203350 0.346456173 6.994307251 235 235 235
0.812832289 0.256992178 6.766910686 235 235 235
0.724267870 0.263097184 6.813122534 235 235 235
0.716784480 0.266605502 6.790311929 235 235 235
-1.223251481 1.025045429 7.256332562 235 235 235
-0.057567394 0.728191148 6.881253603 235 235 235
1.476159315 0.748388796 6.520286614 235 235 235
0.934048468 0.851490582 6.553161572 235 235 235
0.934048468 0.851490582 6.553161572 235 235 235
0.883150502 0.923148410 6.566841101 235 235 235
0.893467269 0.955497797 6.539214111 235 235 235
1.708121262 0.841789503 6.697114494 235 235 235
0.714719323 1.456650689 6.900021179 235 235 235
0.801109556 1.700157942 6.521581594 235 235 235
1.928397490 -4.517744783 8.271548147 235 235 235
-0.610084695 -4.094744216 8.755412636 235 235 235
-0.802182412 -4.101541723 8.977467509 235 235 235
-1.465316027 -4.041612362 9.174622945 235 235 235
1.842956963 -4.183055790 8.264197132 235 235 235
2.074951417 -4.238486187 8.272102519 235 235 235
1.392445320 0.851089515 6.498017697 235 235 235
2.198585385 -3.423754858 7.864846180 235 235 235
1.148393849 -2.483199873 7.590792048 235 235 235
0.313412957 -2.321083310 7.912139081 235 235 235
-0.697746120 -2.217413965 8.185533947 235 235 235
2.200871118 -2.359995230 7.450679259 235 235 235
0.515911391 -1.559550753 7.627799329 235 235 235
0.027551320 -1.441578110 7.762403636 235 235 235
1.680859005 -1.535868569 7.320338765 235 235 235
0.660088465 -1.439264686 7.591322118 235 235 235
-1.168026325 1.057051953 7.283627436 235 235 235
2.098663628 -1.557179033 7.208780183 235 235 235
2.095380914 -1.552053841 7.192088463 235 235 235
0.850383525 -1.413211706 7.545431396 235 235 235
1.784324947 -1.234950219 7.300253374 235 235 235
-0.135969415 -0.978281934 7.749406721 235 235 235
0.970756208 -1.024014229 7.402817716 235 235 235
-1.274305947 -0.799363778 7.974548947 235 235 235
0.267485226 -0.857942235 7.387350988 235 235 235
0.462193295 -0.975208741 7.708343024 235 235 235
-1.747191713 1.166881292 7.140965848 235 235 235
0.462193295 -0.975208741 7.708343024 235 235 235
1.031742318 -0.947528401 7.319516196 235 235 235
0.212031677 -0.887429748 7.737542084 235 235 235
0.212031677 -0.887429748 7.737542084 235 235 235
-1.039279778 -0.722969805 7.880543132 235 235 235
1.026378349 -0.845008751 7.311342833 235 235 235
1.751504117 -0.807915755 7.128300062 235 235 235
0.969860110 -0.722412701 7.389597478 235 235 235
-0.140249676 0.057894479 7.039202299 235 235 235
-0.031015696 1.163420123 6.936161364 235 235 235
0.735297906 0.010254735 6.881412064 235 235 235
1.582211424 -0.061373065 6.640519695 235 235 235
-0.197284980 0.109305776 7.079668192 235 235 235
0.578220594 0.035162987 6.917064375 235 235 235
1.282103782 -0.027779481 6.735179699 235 235 235
1.359219777 -0.027559119 6.706322126 235 235 235
1.439414888 -0.030035525 6.687246007 235 235 235
0.228476870 0.334131119 6.908247345 235 235 235
-0.233489611 0.382528993 6.961040817 235 235 235
0.375051350 0.327463440 6.843437287 235 235 235
0.061663055 1.169283747 6.979925458 235 235 235
0.689464523 0.300472537 6.782691347 235 235 235
0.839208580 0.283944312 6.745944907 235 235 235
1.315202851 0.248797775 6.621186875 235 235 235
0.927251512 0.414549772 6.691459496 235 235 235
0.541222606 0.455985150 6.774082013 235 235 235
1.417682565 0.369181162 6.550083613 235 235 235
0.230418110 0.551866092 6.885310025 235 235 235
0.986591696 0.485450839 6.594547334 235 235 235
-0.220619179 0.595251147 6.922367235 235 235 235
0.149702412 0.595730709 6.880701727 235 235 235
0.406506366 1.165449985 7.006932765 235 235 235
-0.579789910 0.793622343 6.963592158 235 235 235
0.946598385 0.755581242 6.503178613 235 235 235
0.879602246 0.854549781 6.565939734 235 235 235
0.854526596 0.930978525 6.591254575 235 235 235
0.514670961 1.148075346 7.008995430 235 235 235
0.922956149 1.394111414 6.435009375 235 235 235
0.690596945 1.519097273 6.862157844 235 235 235
-1.228793793 -4.167891243 9.024337947 235 235 235
1.237585986 -0.913472503 7.283366331 235 235 235
2.576282712 -1.744239335 7.186898408 235 235 235
-0.289944845 1.176268375 6.793383282 235 235 235
-1.077235756 -3.909329964 8.928544810 235 235 235
1.616100832 -2.412989282 7.606409967 235 235 235
1.875968251 -2.428827004 7.527798167 235 235 235
2.143862264 -2.461469453 7.490759474 235 235 235
0.718117844 -2.331097699 7.846257154 235 235 235
1.875884060 -2.206656500 7.242116156 235 235 235
1.863409247 -2.317483301 7.478004433 235 235 235
0.942131790 -2.202805283 7.747577678 235 235 235
1.624249074 -2.163465932 7.540430104 235 235 235
1.590537652 -2.179824821 7.642980556 235 235 235
0.019616429 1.199968665 6.956535919 235 235 235
1.451687119 -2.073089445 7.661445330 235 235 235
2.037917314 -2.125607162 7.551756107 235 235 235
2.087062425 -1.828320439 7.299746843 235 235 235
0.835212327 -1.629720125 7.565107912 235 235 235
0.848357484 -1.545950989 7.526452091 235 235 235
1.996253856 -1.552205138 7.224065967 235 235 235
0.460742185 -1.178125890 7.816178171 235 235 235
0.565937225 -1.138341010 7.715010347 235 235 235
-0.925721460 -0.819505401 7.868605178 235 235 235
0.757459166 -1.016775089 7.632615945 235 235 235
0.019616429 1.199968665 6.956535919 235 235 235
-0.855676278 -0.787851187 7.857648069 235 235 235
0.406674063 -0.947348130 7.755927702 235 235 235
0.515742483 -0.930055331 7.720362888 235 235 235
0.965011451 -0.032706501 6.716938507 235 235 235
0.965011451 -0.032706501 6.716938507 235 235 235
0.624379778 0.085731988 6.872229071 235 235 235
1.850354063 -0.029021368 6.554586448 235 235 235
0.300687581 0.243709764 6.900077482 235 235 235
1.794308893 1.077087226 6.596409769 235 235 235
-0.160643311 0.320720646 6.999383437 235 235 235
0.737703072 0.440083833 6.731423457 235 235 235
0.848840242 0.426829211 6.702702896 235 235 235
0.660373714 0.448970120 6.747509903 235 235 235
0.960717206 0.455568987 6.652078771 235 235 235
1.471914650 0.685802797 6.491211907 235 235 235
0.078966064 1.233904376 7.007610283 235 235 235
2.226795515 -3.720460252 8.258837037 235 235 235
1.966454327 -2.273360177 7.527310298 235 235 235
1.766916138 -1.751625274 7.355521173 235 235 235
1.959430002 -1.633724455 7.240433990 235 235 235
0.740537370 -1.430859211 7.564468561 235 235 235
0.762095348 0.081159186 6.842427864 235 235 235
0.764381488 0.080518923 6.849743847 235 235 235
0.465022942 0.236492557 6.881368845 235 235 235
0.457176223 0.472930475 6.794502991 235 235 235
0.728766443 1.571152677 6.840439889 235 235 235
-1.323395654 1.356206645 7.299843688 235 235 235
-1.257322092 -1.850928166 8.285296791 235 235 235
-0.772178316 -1.412171312 7.945948826 235 235 235
1.695757285 -1.614320274 7.313164906 235 235 235
0.467899018 0.129395574 6.893153615 235 235 235
0.681326089 -1.195661357 7.669955463 235 235 235
0.004939669 -1.065370027 7.789900106 235 235 235
0.845516947 -1.029905648 7.576029609 235 235 235
0.106394047 1.359147651 7.027160287 235 235 235
0.910291278 -0.870751291 7.469050716 235 235 235
1.378651654 -1.470406777 7.396982555 235 235 235
-0.035770293 1.097346351 6.720549769 235 235 235
0.423792418 1.173659106 7.035091251 235 235 235
0.472792903 1.359616006 6.973687573 235 235 235
0.296096134 1.098218238 7.037348924 235 235 235
0.400373053 1.304821552 6.987237635 235 235 235
0.379564230 1.546716708 6.956299839 235 235 235
0.277761820 1.525981512 6.964489275 235 235 235
1.507126655 1.219868300 6.619393113 235 235 235
0.412240334 1.206412611 6.970013036 235 235 235
1.808061821 0.372297301 6.396160693 235 235 235
1.367200462 1.015802994 6.480197301 235 235 235
-1.213625427 0.609815350 7.242887627 235 235 235
-0.139462537 1.347161205 6.847296650 235 235 235
-0.185539806 1.755137277 6.723613904 235 235 235
0.096671074 -0.651374675 7.700026515 235 235 235
-0.665548934 1.061464097 7.097227850 235 235 235
2.249763009 -4.299683385 8.045408940 235 235 235
1.860883457 0.091714264 6.524576242 235 235 235
-0.076008774 1.356475674 6.889995497 235 235 235
1.548567055 0.524640831 6.468979530 235 235 235
1.024348776 -0.527423607 7.276961875 235 235 235
1.732467320 -0.590911885 7.128584642 235 235 235
1.015863682 -0.479858849 7.243024031 235 235 235
2.084106994 0.318431716 6.387155672 235 235 235
-0.769309594 0.712636370 7.075995650 235 235 235
-0.206793509 0.662507849 6.902866902 235 235 235
1.002130820 0.766577705 6.530558697 235 235 235
-0.675074898 0.954588686 6.998904765 235 235 235
2.667391032 -1.714286891 7.174007242 235 235 235
-0.076008774 1.356475674 6.889995497 235 235 235
1.363270387 0.785966033 6.483087112 235 235 235
1.255734387 0.872286152 6.474767580 235 235 235
0.470935945 1.072997241 6.997748375 235 235 235
1.735996236 1.000148908 6.608433955 235 235 235
1.615813995 1.074768252 6.595392581 235 235 235
1.929648266 1.157746045 6.475073211 235 235 235
1.606901022 1.185816151 6.536436645 235 235 235
-0.582864020 1.366096832 6.902195299 235 235 235
-0.609986295 1.380311934 6.904116406 235 235 235
1.034958699 1.278124551 6.320132306 235 235 235
2.825658659 1.152295746 6.337496347 235 235 235
0.838950178 1.354924922 6.600067046 235 235 235
1.481207769 1.360211195 6.455097224 235 235 235
1.738996648 -3.311933035 7.985662583 235 235 235
1.914222503 -2.157043516 7.568997185 235 235 235
2.003234965 -1.675746551 7.233538300 235 235 235
-1.857183836 -1.247788480 8.061801378 235 235 235
-1.850787822 -1.226634019 8.062945154 235 235 235
0.466636424 -1.417539301 7.640647888 235 235 235
2.115998140 -1.541514057 7.189433474 235 235 235
2.825047584 1.153597681 6.330295919 235 235 235
-1.524345556 -1.112465869 8.139502194 235 235 235
-1.291867916 -0.865022754 7.988910398 235 235 235
1.551996117 -1.140745585 7.288984651 235 235 235
-1.568609418 -0.769138845 8.035701479 235 235 235
2.172184369 -1.115719850 7.054372310 235 235 235
2.175681179 -1.086592162 7.040940492 235 235 235
-0.785409466 -0.737290551 7.880738535 235 235 235
1.546332774 -0.925807361 7.316286842 235 235 235
2.050010481 -0.957104256 7.153006666 235 235 235
-1.436125556 1.549200312 7.226309346 235 235 235
-0.427518638 -0.487840996 7.343331730 235 235 235
1.691737853 -0.650087662 6.836984867 235 235 235
-0.992040848 0.571164064 7.179851799 235 235 235
1.892463851 0.335949237 6.436157031 235 235 235
1.864144834 0.351746507 6.440682461 235 235 235
1.332702110 0.416662246 6.613980408 235 235 235
-1.149174297 0.675165708 7.223502577 235 235 235
-1.177956359 0.709561132 7.223625155 235 235 235
0.845668248 0.684516041 6.618012957 235 235 235
-0.281878943 1.434962706 6.749109311 235 235 235
1.075817827 0.753783173 6.502517231 235 235 235
1.283184819 0.863639714 6.450536372 235 235 235
1.673881434 1.001612804 6.601948604 235 235 235
1.680253414 1.002529835 6.613639679 235 235 235
0.526200833 1.286430742 6.927520260 235 235 235
1.858109348 1.159651252 6.448369852 235 235 235
1.973493838 1.298723710 6.379367758 235 235 235
1.955163638 1.276310157 6.512607952 235 235 235
-0.507255163 1.618332133 6.674157122 235 235 235
1.078355246 1.675681162 6.147162055 235 235 235
1.824893585 -4.418265025 8.255743920 235 235 235
1.655228227 -4.093406313 8.317473521 235 235 235
1.692470901 -3.311663848 8.051672653 235 235 235
-2.221403559 -2.508557458 8.773628290 235 235 235
2.742757270 -2.896410211 7.441679024 235 235 235
-0.891171576 -2.159516257 8.203753601 235 235 235
1.734800977 -2.339466433 7.521803061 235 235 235
-1.253140941 1.581321787 7.264603915 235 235 235
-0.715407598 -1.349851727 7.922745688 235 235 235
2.192025786 -1.545275372 7.171452071 235 235 235
0.996800252 -1.352614776 7.485567624 235 235 235
-0.968892359 -1.119795585 7.946499634 235 235 235
-1.095233776 -1.080301030 8.033228289 235 235 235
-0.922461264 -1.100833221 7.934205704 235 235 235
1.820727596 -1.375789263 7.252771825 235 235 235
-0.835002425 -1.048556794 7.891986980 235 235 235
1.872845477 -1.278427600 7.261739826 235 235 235
1.430062255 -1.159281805 7.307221287 235 235 235
2.765204058 1.217891828 6.322478744 235 235 235
-0.463645200 -0.960285566 7.516627717 235 235 235
2.127554573 -1.146787309 7.102997518 235 235 235
2.127554573 -1.146787309 7.102997518 235 235 235
1.672079344 -0.969423575 7.200029404 235 235 235
-1.112433048 -0.668915084 7.888937122 235 235 235
-0.684379883 -0.679740364 7.841994223 235 235 235
-1.141325035 -0.603125901 7.926192513 235 235 235
1.839358908 -0.891827210 7.178340087 235 235 235
2.189013476 -0.934124224 7.028421165 235 235 235
1.705844847 -0.852030266 7.218524880 235 235 235
1.639050847 1.404694771 6.557151976 235 235 235
2.153892825 -0.885887750 7.075001229 235 235 235
0.851386854 -0.567795947 7.474459417 235 235 235
0.938534266 -0.484717383 7.335703540 235 235 235
0.938707915 -0.484531544 7.335876586 235 235 235
1.205793002 -0.315258215 6.830152526 235 235 235
0.714545782 -0.053407704 6.846512158 235 235 235
1.414574689 -0.059073607 6.675094151 235 235 235
-1.005709329 0.221708972 7.304928101 235 235 235
1.083167846 0.078652241 6.668363709 235 235 235
-1.788356343 1.775080957 6.952184222 235 235 235
0.757103402 0.124312364 6.830695918 235 235 235
1.593600283 0.108669345 6.578545900 235 235 235
0.484945891 0.245973659 6.858545186 235 235 235
0.165109691 0.298065986 6.923474614 235 235 235
0.373575126 0.286465270 6.855018476 235 235 235
1.774983616 0.160678324 6.514937328 235 235 235
1.914029603 0.147814680 6.459542429 235 235 235
-0.230658420 0.513341977 6.946512403 235 235 235
-0.915702041 0.571978647 7.156582679 235 235 235
0.604627451 0.531611666 6.718964388 235 235 235
2.683937069 -1.683094969 7.197769428 235 235 235
0.201866184 1.931268883 6.916871922 235 235 235
0.393904049 0.806500171 7.002795136 235 235 235
-0.932058859 0.932996983 7.132192451 235 235 235
1.920386412 0.714515176 6.457186020 235 235 235
1.534258332 0.767407288 6.583871979 235 235 235
0.319875899 0.977355714 7.087227489 235 235 235
1.449139839 0.898295329 6.525764220 235 235 235
1.893259831 0.911323963 6.549758617 235 235 235
0.988436576 0.939196336 6.471807615 235 235 235
1.605546186 0.978438671 6.630157275 235 235 235
1.599493869 0.977641971 6.618975858 235 235 235
1.442517555 -4.273052445 8.477200819 235 235 235
1.409615131 0.993290516 6.519936680 235 235 235
0.250900700 1.182670808 7.075721621 235 235 235
0.815941596 1.080824485 6.700819535 235 235 235
1.971531039 1.069355966 6.541647110 235 235 235
1.831948258 1.083487333 6.516538693 235 235 235
1.778679922 1.091399670 6.510415500 235 235 235
1.760759254 1.157302558 6.490320763 235 235 235
1.020207732 1.192212308 6.384194510 235 235 235
1.077464279 1.254511624 6.508473118 235 235 235
0.755023043 1.343569029 6.801240682 235 235 235
2.017191508 -2.709487441 7.560080043 235 235 235
-0.620776220 1.400646190 6.918388500 235 235 235
1.715268282 1.314742153 6.421354958 235 235 235
0.222822174 1.539926499 6.982553835 235 235 235
0.879822672 1.510761236 6.524434180 235 235 235
1.106721780 1.463728058 6.189628965 235 235 235
-0.881480109 -4.302721654 8.969334496 235 235 235
1.774556871 -4.619841676 8.341665619 235 235 235
2.639561663 -4.303947405 7.936318967 235 235 235
2.639561663 -4.303947405 7.936318967 235 235 235
2.293907491 -2.435436739 7.292220898 235 235 235
-0.898340296 -2.521024676 8.267095982 235 235 235
-0.807250747 -2.424904263 8.189936241 235 235 235
-1.096749932 -2.294934263 8.287082582 235 235 235
1.096330189 -2.385232024 7.587092345 235 235 235
-0.442884520 -2.087796383 7.900604689 235 235 235
1.666905904 -2.325872333 7.553789474 235 235 235
1.802695266 -2.340727364 7.513214168 235 235 235
1.569489122 -2.083027722 7.625479190 235 235 235
2.262089239 -2.088991420 7.188296821 235 235 235
-1.289995095 -1.323463519 8.075221705 235 235 235
2.611175685 -2.434450021 7.443342881 235 235 235
1.865259396 -1.436178418 7.229381326 235 235 235
2.090708235 -1.296183309 7.132437768 235 235 235
2.089378252 -1.192931117 7.121595719 235 235 235
2.089378252 -1.192931117 7.121595719 235 235 235
0.422233854 -0.985623967 7.701757078 235 235 235
0.547828617 -0.980531131 7.682435444 235 235 235
1.406195070 -1.060179258 7.308674492 235 235 235
2.222523917 -1.128886485 7.036815813 235 235 235
1.365821510 -0.986378565 7.293027956 235 235 235
0.964636256 -0.915485960 7.393974063 235 235 235
2.548264124 -2.420778041 7.430233343 235 235 235
0.964636256 -0.915485960 7.393974063 235 235 235
2.217089913 -0.960515712 6.983246779 235 235 235
2.217089913 -0.960515712 6.983246779 235 235 235
1.485810496 -0.817983505 7.343242394 235 235 235
1.700535286 -0.820624048 7.232773184 235 235 235
-0.456086057 -0.455478504 7.335346873 235 235 235
1.117417148 -0.499325947 6.909433614 235 235 235
0.910436561 -0.056549754 6.824148944 235 235 235
0.337711090 0.048089934 6.945102147 235 235 235
-0.018981375 0.129909676 7.048552988 235 235 235
2.541570277 -2.333449078 7.437326508 235 235 235
0.977248048 0.034008713 6.742401425 235 235 235
0.922893641 0.118241231 6.782610274 235 235 235
0.484124859 0.166300402 6.879045852 235 235 235
0.333510180 0.211307776 6.912167040 235 235 235
0.282795700 0.222805255 6.913989585 235 235 235
2.019136643 0.061802413 6.428311946 235 235 235
1.999345606 0.097371368 6.444357552 235 235 235
1.007433480 0.226605471 6.667324247 235 235 235
1.344248134 0.218744823 6.631890469 235 235 235
0.548206169 0.318308107 6.807702489 235 235 235
0.180919759 0.370372477 6.886481420 235 235 235
0.180919759 0.370372477 6.886481420 235 235 235
1.102397071 0.277572554 6.611494707 235 235 235
1.088197478 0.431700676 6.557786358 235 235 235
-0.020243895 0.615515339 6.880098533 235 235 235
-0.856515666 0.839528074 7.090964718 235 235 235
0.972755843 0.705764823 6.590267970 235 235 235
0.472241173 0.850473396 6.973328997 235 235 235
0.493123840 0.888913459 6.977518009 235 235 235
1.288467300 -1.480550424 7.440244499 235 235 235
0.369043269 0.960071773 7.102801223 235 235 235
1.923261913 0.785588555 6.478795203 235 235 235
0.284291421 1.025395258 7.096778513 235 235 235
0.550875132 1.010260174 7.041244187 235 235 235
1.096253154 0.929707977 6.449864615 235 235 235
1.914398956 0.939404587 6.521265078 235 235 235
1.914398956 0.939404587 6.521265078 235 235 235
-0.467547795 1.072797147 6.799131342 235 235 235
1.953177712 0.976959162 6.494417615 235 235 235
1.579906245 1.022528834 6.617538596 235 235 235
0.066785280 -1.398513013 7.737231859 235 235 235
1.579906245 1.022528834 6.617538596 235 235 235
1.671650870 1.022657352 6.570809739 235 235 235
1.894319562 1.024403158 6.560116465 235 235 235
1.646501708 1.048403449 6.635177720 235 235 235
1.646602717 1.048197888 6.633760573 235 235 235
-0.437662584 1.234091919 6.747570939 235 235 235
-0.437662584 1.234091919 6.747570939 235 235 235
0.974776217 1.131134014 6.450502204 235 235 235
0.513612828 1.318617706 6.962565087 235 235 235
1.035760112 1.280772149 6.632100022 235 235 235
2.537703905 -1.673481866 7.212119928 235 235 235
1.454843063 -1.327661894 7.377877762 235 235 235
1.762703745 1.222996218 6.458712958 235 235 235
-1.844951729 -3.969076074 8.944874767 235 235 235
1.794059657 -4.383269365 8.283966829 235 235 235
1.898428008 -2.117557304 7.545969602 235 235 235
-0.557163372 -1.441131890 7.727598306 235 235 235
-0.080030161 -1.388510325 7.773124536 235 235 235
1.997174137 -1.265035008 7.244156958 235 235 235
-1.072308753 -1.238154885 7.998029766 235 235 235
-0.952467925 -1.205323073 7.941197362 235 235 235
-0.175427846 -1.264486726 7.756699741 235 235 235
1.335756204 -1.417190245 7.414888162 235 235 235
2.046055021 -1.471126093 7.202859554 235 235 235
1.006124069 -1.304511787 7.273601512 235 235 235
0.878948519 -1.182752470 7.468612685 235 235 235
0.840672883 -1.135938019 7.534577146 235 235 235
0.873970730 -1.141698414 7.495274213 235 235 235
0.937765594 -1.075068333 7.410507643 235 235 235
-0.255843998 -1.308537439 7.791285574 235 235 235
0.906787047 -1.002411452 7.453698526 235 235 235
1.672237789 -0.690579824 7.235617970 235 235 235
-0.502319707 -0.358863213 7.307600077 235 235 235
2.094389461 0.303474301 6.388041571 235 235 235
-0.177941641 0.514962673 6.945883924 235 235 235
0.147987610 0.594792653 6.882817153 235 235 235
0.773977976 0.797235371 6.670594969 235 235 235
1.113052467 0.841547180 6.469494753 235 235 235
1.113052467 0.841547180 6.469494753 235 235 235
0.891684552 0.994930470 6.594939349 235 235 235
1.554865522 -1.242910892 7.345877740 235 235 235
0.968692855 0.962759553 6.485359158 235 235 235
0.910865652 1.032353898 6.585823991 235 235 235
0.933325483 1.124732713 6.531025529 235 235 235
0.291605494 1.345212303 7.033977006 235 235 235
0.578145523 1.320242167 6.937561748 235 235 235
0.874093500 1.260928396 6.573634558 235 235 235
0.267887177 1.446738796 6.976335106 235 235 235
1.507173781 1.309750454 6.511386612 235 235 235
1.566936266 1.365194008 6.446711736 235 235 235
0.305624258 1.521020110 6.931926739 235 235 235
1.559552983 -1.234707629 7.311963623 235 235 235
0.894569103 1.647757908 6.393882452 235 235 235
0.891576943 1.684375062 6.381208344 235 235 235
2.097241415 -4.563934597 8.235411662 235 235 235
2.319558123 -3.504588705 7.652848496 235 235 235
1.891780713 -3.040915909 7.618258224 235 235 235
0.594055648 -2.412487918 7.866641225 235 235 235
1.493780870 -2.433743991 7.655076371 235 235 235
0.463334423 -1.183373620 7.769298181 235 235 235
-0.723032403 -1.455235506 7.930172176 235 235 235
0.317938824 -1.405043589 7.681066016 235 235 235
0.317938824 -1.405043589 7.681066016 235 235 235
0.374836215 -1.409728098 7.665067330 235 235 235
0.374836215 -1.409728098 7.665067330 235 235 235
-0.145776101 -1.317477021 7.780902506 235 235 235
-1.586371554 -1.146275465 8.168629390 235 235 235
-1.483095751 -1.153062181 8.103304500 235 235 235
-0.129418151 -1.251176438 7.737286066 235 235 235
1.074245913 -1.021278003 7.143171321 235 235 235
0.898393060 -1.315363762 7.504076622 235 235 235
1.471327133 -1.330621913 7.335823342 235 235 235
-0.127449367 -1.153236311 7.724308788 235 235 235
2.018013773 -1.373501588 7.178452263 235 235 235
0.950196380 -1.235386386 7.461928995 235 235 235
1.789323250 -1.238140880 7.306973965 235 235 235
1.684845867 -1.132915360 7.304805117 235 235 235
1.054604244 -1.019344502 7.141289974 235 235 235
0.997685273 -0.943191602 7.376670999 235 235 235
2.228355375 -0.709400260 6.655850704 235 235 235
-1.519924897 -1.045079386 8.062561453 235 235 235
0.221304917 0.035788732 6.965753829 235 235 235
0.221888253 0.035382568 6.967829148 235 235 235
0.526915831 0.009154928 6.891723344 235 235 235
1.615153971 -0.092138636 6.619555742 235 235 235
1.438846215 0.323340536 6.543015949 235 235 235
0.990971033 0.486811646 6.597443283 235 235 235
0.993141139 0.768754658 6.488223652 235 235 235
0.513432781 -0.939125575 7.142135294 235 235 235
-0.923676782 1.348622739 7.298234431 235 235 235
0.743060094 1.299457603 6.815273691 235 235 235
0.482584449 1.534829726 6.907122382 235 235 235
1.494407172 1.403250586 6.454857309 235 235 235
1.930361381 -4.516975135 8.270100299 235 235 235
2.274177841 -3.382339401 7.670035690 235 235 235
-1.572405659 -2.226573266 8.418335125 235 235 235
-0.981518476 -2.191561244 8.256662381 235 235 235
-0.698578248 -2.215780660 8.182352550 235 235 235
0.466595746 -0.977583089 7.697528888 235 235 235
-1.475039128 -2.038536533 8.375046547 235 235 235
1.507410111 -2.262590006 7.645990221 235 235 235
1.419476442 -1.754685133 7.483804798 235 235 235
-1.491481200 -1.086752942 8.081879206 235 235 235
2.130220009 -1.012572988 7.078881675 235 235 235
1.805110977 -0.946730563 7.177353330 235 235 235
-1.032740967 -0.485640238 7.852621639 235 235 235
-0.016383513 -0.515925828 7.682954643 235 235 235
-0.554881295 -0.449017810 7.366728039 235 235 235
2.082011327 -1.664484188 7.267710682 235 235 235
0.465059514 -0.977595634 7.701649086 235 235 235
0.175632706 -0.403235925 7.347064217 235 235 235
1.077402074 0.006580929 6.748573246 235 235 235
1.077402074 0.006580929 6.748573246 235 235 235
0.164484837 0.122923229 7.012930298 235 235 235
0.141531684 0.259615226 6.925147579 235 235 235
1.074504799 0.195888152 6.672848772 235 235 235
0.409799789 1.053590338 7.060153586 235 235 235
0.650624626 1.068203324 6.956351337 235 235 235
0.636238150 1.143067415 7.030955314 235 235 235
0.582197005 -0.922503701 7.662494012 235 235 235
0.756660096 1.520270117 6.741385821 235 235 235
-1.408603697 -4.197367424 9.130588928 235 235 235
1.972934897 -2.956428095 7.601562547 235 235 235
-0.921861359 -2.270878973 8.236654069 235 235 235
-1.549894062 -2.147886460 8.416793444 235 235 235
1.929478454 -1.437071501 7.211144209 235 235 235
2.141772695 -1.287245375 7.107277864 235 235 235
-1.207460798 -0.843402294 8.020596896 235 235 235
1.818947665 -1.092835057 7.085698421 235 235 235
1.543379609 -1.037054641 7.248796607 235 235 235
-1.725592989 -0.776075301 7.813936688 235 235 235
1.060345428 -0.876774503 7.205478733 235 235 235
2.093050082 -0.871795012 7.118774816 235 235 235
1.843031786 -0.149323983 6.577273970 235 235 235
0.926660225 0.552267067 6.514645311 235 235 235
-0.613921512 1.290380141 6.920839452 235 235 235
2.248859875 -4.176431394 8.085356881 235 235 235
2.315664278 -2.820771240 7.322635383 235 235 235
1.812862840 -1.626777625 7.300716184 235 235 235
1.406885216 -0.700820034 7.330361491 235 235 235
2.093331515 -1.452406412 7.197639956 235 235 235
1.516339663 -1.144530540 7.294981705 235 235 235
-0.371068271 -0.722057773 7.504350317 235 235 235
0.940905765 0.990269127 6.520808209 235 235 235
0.543691604 1.324101829 6.943058225 235 235 235
0.546198376 1.325231187 6.950782278 235 235 235
1.189195813 -2.436628770 7.560637273 235 235 235
0.109643548 -1.160465769 7.783885813 235 235 235
1.744694183 -0.899639763 7.160251701 235 235 235
0.509141032 0.470794684 6.773779907 235 235 235
1.406885216 -0.700820034 7.330361491 235 235 235
0.509141032 0.470794684 6.773779907 235 235 235
1.557266970 -1.445993630 7.332707904 235 235 235
1.555513567 -1.444681995 7.330011849 235 235 235
1.334147011 -1.380549439 7.355910742 235 235 235
1.659183661 -1.303873298 7.306539354 235 235 235
1.083998635 0.522836930 6.539733307 235 235 235
-1.439753352 -1.062202091 8.062666297 235 235 235
0.066875452 1.801905481 6.874678687 235 235 235
-1.620698874 0.937681486 7.281036917 235 235 235
-1.645131782 -0.647262381 7.914809610 235 235 235
-1.620698874 0.937681486 7.281036917 235 235 235
2.760846052 -2.416074312 7.282244809 235 235 235
0.174319618 1.558354807 6.979469173 235 235 235
0.133092897 1.612480804 6.976934733 235 235 235
1.958670088 -3.861742431 8.319972491 235 235 235
-0.444176914 -2.112251235 7.904678398 235 235 235
-0.976074268 -1.977661904 8.189035812 235 235 235
-0.429192486 -1.659536318 7.774840744 235 235 235
-1.608574641 -0.533599067 7.922163856 235 235 235
-0.567882185 -1.589365282 7.760836918 235 235 235
1.613101491 -1.724463975 7.380382373 235 235 235
1.708664621 -1.473717375 7.295221815 235 235 235
-1.256321806 -1.118391442 8.013201668 235 235 235
-1.256321806 -1.118391442 8.013201668 235 235 235
-0.981891945 -1.050613719 7.985238401 235 235 235
0.216100964 -0.954906848 7.744093949 235 235 235
0.539358345 -0.936722035 7.907356511 235 235 235
-1.398307695 -0.697286192 8.041011237 235 235 235
1.103751477 -0.466275977 6.928388594 235 235 235
1.688263774 -0.689142886 7.231382200 235 235 235
0.157192437 -0.540704754 7.640331969 235 235 235
-1.153827773 0.135757962 7.341453019 235 235 235
0.326044266 0.028138226 6.945683025 235 235 235
1.266812393 0.041814230 6.685181187 235 235 235
0.196384245 0.147913516 6.948617155 235 235 235
0.800524797 0.129287613 6.830173722 235 235 235
1.420883653 0.210253160 6.608501562 235 235 235
-0.206911931 0.343265580 6.994051520 235 235 235
-0.146408891 -0.430172464 7.574810588 235 235 235
1.396308015 0.231134722 6.613412693 235 235 235
0.811375525 0.291907699 6.776596914 235 235 235
-0.002787486 0.357022044 6.950822512 235 235 235
1.365287857 0.279346838 6.605762195 235 235 235
-1.156881828 0.605459772 7.231097390 235 235 235
1.760842915 0.383775718 6.454057105 235 235 235
1.018845350 0.591119511 6.597492557 235 235 235
-1.071830987 0.762720134 7.192965346 235 235 235
-0.782341253 0.747960948 7.077011462 235 235 235
-0.853896323 0.767225453 7.095711999 235 235 235
-1.757037778 -0.319159174 7.640851999 235 235 235
1.035640091 0.637148828 6.539278145 235 235 235
-1.566331152 0.935368575 7.268790024 235 235 235
0.987752518 0.850259083 6.475526560 235 235 235
-0.888774333 1.346969154 7.274862478 235 235 235
1.659219542 1.162098485 6.494694119 235 235 235
-0.627027173 1.311713817 6.931302174 235 235 235
-0.876166598 -4.490076702 8.974366551 235 235 235
2.615510247 -1.516949420 7.156786702 235 235 235
0.224514713 0.014561551 6.969594408 235 235 235
-1.553709617 -4.166107229 9.119128441 235 235 235
1.533979952 -4.456079815 8.372335562 235 235 235
1.803766924 -2.460487883 7.550806280 235 235 235
-0.424938978 -1.442205042 7.690375551 235 235 235
0.999454429 -1.556427385 7.352146369 235 235 235
-0.216923970 -1.379756370 7.794314966 235 235 235
-0.202572982 -1.382979764 7.797301371 235 235 235
1.657233668 -1.427479254 7.297627790 235 235 235
0.902105141 -1.241465645 7.473507557 235 235 235
0.371463550 -0.984444226 7.727326609 235 235 235
0.930929888 -1.035080881 7.443232883 235 235 235
1.012437368 -0.943299816 7.362992773 235 235 235
1.434930181 -0.886432119 7.313439793 235 235 235
2.210272791 -0.908242576 7.038773698 235 235 235
0.866551300 -0.748187114 7.517561161 235 235 235
-0.039740946 -0.500455850 7.695461181 235 235 235
2.222107190 -0.657475278 6.671758805 235 235 235
0.023790597 -0.396022629 7.644246376 235 235 235
2.777946736 0.198518955 6.590967464 235 235 235
0.023790597 -0.396022629 7.644246376 235 235 235
2.220005870 -0.019440775 6.443696696 235 235 235
2.220005870 -0.019440775 6.443696696 235 235 235
0.971377106 0.344717188 6.642598981 235 235 235
2.070770486 0.408401966 6.361125774 235 235 235
-0.154576798 0.625094265 6.905477929 235 235 235
0.183270111 0.485642376 6.854579872 235 235 235
-1.111260093 0.804772153 7.184656191 235 235 235
1.122370562 1.041573347 6.367695799 235 235 235
1.531780690 1.136508666 6.585169233 235 235 235
0.030692459 1.289479117 6.996041686 235 235 235
0.007707423 1.660857820 6.895475689 235 235 235
1.427666115 -4.431078946 8.396941467 235 235 235
1.069613781 -2.416138746 7.604823263 235 235 235
-0.443343220 -2.180456189 7.916113085 235 235 235
-1.323244468 -2.083777804 8.338776198 235 235 235
1.150781066 0.433988989 6.542639191 235 235 235
1.125882456 -1.440081579 7.282688702 235 235 235
1.040422557 -1.348806374 7.284527866 235 235 235
1.036574286 -1.348991188 7.283601478 235 235 235
1.923887130 -1.286490501 7.211652156 235 235 235
1.050222492 -0.809592101 7.074859833 235 235 235
-1.084722226 -0.569269545 7.851103160 235 235 235
-1.084722226 -0.569269545 7.851103160 235 235 235
-0.463814924 -0.330312316 7.301547754 235 235 235
0.602541953 0.006148240 6.883155464 235 235 235
-1.234832343 0.176574376 7.364126683 235 235 235
-0.358010832 0.533372160 6.990269355 235 235 235
-1.263275820 0.204536343 7.386169214 235 235 235
-0.980722524 0.220056777 7.273100726 235 235 235
0.263264433 0.184631775 6.962259015 235 235 235
1.738906688 0.178078973 6.509445458 235 235 235
0.252638641 0.302038931 6.892347913 235 235 235
0.250445661 0.303707723 6.882523410 235 235 235
1.162431927 0.436105883 6.546579312 235 235 235
0.934675061 0.620452433 6.614442196 235 235 235
-0.229595100 0.728570190 6.899618726 235 235 235
-1.112679360 1.189176844 7.394688783 235 235 235
0.221613250 0.510022319 6.858574367 235 235 235
0.225529075 1.207661357 7.089899997 235 235 235
2.021719926 -4.381947848 8.144547418 235 235 235
-1.079337976 -1.440881906 8.023020478 235 235 235
-0.000484599 -1.062452307 7.788415109 235 235 235
-0.777768612 -0.782679929 7.883177579 235 235 235
2.078222328 -0.889760725 7.199180849 235 235 235
2.129584927 -0.747664101 7.118617540 235 235 235
1.167819466 -0.372999169 6.866588452 235 235 235
1.014275039 -0.257833938 6.814917303 235 235 235
0.221613250 0.510022319 6.858574367 235 235 235
-0.235789650 0.077872466 7.084395207 235 235 235
0.418132839 0.055414425 6.929193912 235 235 235
-0.174255539 0.224267013 7.022364615 235 235 235
0.954264651 0.241718593 6.706144776 235 235 235
0.220281588 0.338147065 6.880131202 235 235 235
0.532525944 0.317285057 6.809393143 235 235 235
1.150014276 0.469086512 6.556816086 235 235 235
-1.825241955 0.696609846 7.326766635 235 235 235
0.972682571 0.652295249 6.606401948 235 235 235
1.127220836 0.469239566 6.547866250 235 235 235
-0.670769935 1.082824611 6.979386539 235 235 235
-0.547583227 1.205598041 6.784614275 235 235 235
-0.993741800 1.467169517 7.288126296 235 235 235
2.060086502 -4.360784583 8.262737646 235 235 235
2.105838490 -2.346044047 7.517428285 235 235 235
-1.207864533 -1.288452367 8.069127148 235 235 235
0.961555539 -1.426225083 7.517515036 235 235 235
1.838344619 -1.149072105 7.260023442 235 235 235
0.652034465 -0.804913372 7.595607336 235 235 235
1.173530063 0.474141891 6.553903597 235 235 235
1.615153971 -0.092138636 6.619555742 235 235 235
0.968481395 0.534902622 6.607610128 235 235 235
0.980532244 0.817748394 6.556472781 235 235 235
-1.007491548 1.347216273 7.303735997 235 235 235
0.938099086 1.207913191 6.489126309 235 235 235
1.621893407 -2.313082233 7.589048424 235 235 235
0.339169607 -1.151520354 7.789455367 235 235 235
1.847770717 0.090587126 6.504958238 235 235 235
1.612024827 -1.459714699 7.323605722 235 235 235
-0.288626463 0.559878726 6.957501368 235 235 235
0.614987864 0.203729428 6.836085773 235 235 235
0.141531684 0.259615226 6.925147579 235 235 235
1.384596568 0.156509647 6.618781707 235 235 235
0.745041945 0.215183862 6.751907819 235 235 235
0.745041945 0.215183862 6.751907819 235 235 235
-1.429256508 0.820636706 7.260522323 235 235 235
1.150540323 1.092570285 6.389390963 235 235 235
-0.904281691 -4.227238582 9.002572872 235 235 235
0.059036933 0.617394210 6.862674438 235 235 235
1.029798859 -2.150653769 7.535084450 235 235 235
1.621188997 -2.123171710 7.526970113 235 235 235
1.299807156 -0.260291182 6.801010133 235 235 235
-0.457022151 0.040047128 7.151758898 235 235 235
-0.086184705 0.247312593 7.009568532 235 235 235
-0.086184705 0.247312593 7.009568532 235 235 235
-1.467815833 -0.947448808 8.043719133 235 235 235
-1.320676630 -2.140808697 8.340543036 235 235 235
0.033779648 0.524515375 6.880038396 235 235 235
0.435356054 0.612443549 6.808187092 235 235 235
-0.695936921 0.587934628 7.090736952 235 235 235
1.371992228 0.430794276 6.543845947 235 235 235
1.930695900 -2.469823172 7.494638430 235 235 235
-0.495307614 0.731900043 6.898582546 235 235 235
-1.400113051 0.841261105 7.185535263 235 235 235
-1.398941026 0.868841059 7.159938937 235 235 235
2.759880845 1.413915248 6.288016215 235 235 235
2.710342665 -2.877976791 7.350079498 235 235 235
1.427751197 0.775328435 6.513485327 235 235 235
1.785039499 0.373385825 6.452993516 235 235 235
-1.712715201 0.770450101 7.298291205 235 235 235
2.274949009 -5.430980473 8.565249204 235 235 235
-0.526339198 -4.001293006 8.566200316 235 235 235
2.104327567 -2.636874696 7.484926779 235 235 235
0.990487298 -2.670126299 7.639884685 235 235 235
1.663939709 -2.602416287 7.606547200 235 235 235
1.526631267 -2.613406733 7.612532683 235 235 235
2.760846052 -2.416074312 7.282244809 235 235 235
1.934868429 -2.473530211 7.504070424 235 235 235
-1.090615944 -2.402119564 8.274856051 235 235 235
0.904710485 -1.405198889 7.533136308 235 235 235
0.129689170 0.684917676 6.895799046 235 235 235
2.096358102 -1.189030947 7.124239619 235 235 235
-0.101496440 -1.275737246 7.731949853 235 235 235
-0.173447179 -1.267268172 7.796924323 235 235 235
0.115411063 -1.206266326 7.784464082 235 235 235
0.389848683 -1.193150352 7.801065875 235 235 235
0.267993050 -1.169004141 7.829671809 235 235 235
2.135963453 -0.885327204 7.086131385 235 235 235
0.884955070 -0.819471163 7.558030191 235 235 235
0.871125917 -0.754784869 7.515329636 235 235 235
2.243876284 -0.093505728 6.455991156 235 235 235
1.711458405 0.597345631 6.507233853 235 235 235
2.243876284 -0.093505728 6.455991156 235 235 235
-1.145502318 -0.099636358 7.433313535 235 235 235
1.918919990 -0.032017523 6.574481325 235 235 235
1.612098545 -0.025356150 7.004667019 235 235 235
1.600146330 0.028910492 6.611282737 235 235 235
0.352959186 0.302060604 6.877649617 235 235 235
1.589628887 0.305709188 6.510985088 235 235 235
0.072878252 0.313443226 6.948277807 235 235 235
1.041157083 0.344044608 6.580021267 235 235 235
-0.204408002 0.340475387 7.012453570 235 235 235
0.294470537 0.695471691 6.927977541 235 235 235
-0.186291004 0.372824945 7.045873414 235 235 235
1.270654975 0.500348721 6.534320778 235 235 235
0.312767723 0.532062328 6.857022716 235 235 235
0.936298020 0.689278805 6.605263139 235 235 235
0.543514092 0.900033880 6.930517293 235 235 235
2.380127760 0.980451911 6.100474281 235 235 235
-0.012239248 1.435364050 6.916650362 235 235 235
-0.110555331 1.632347098 6.783197774 235 235 235
-1.025546004 0.830462144 7.158148496 235 235 235
1.999126653 -2.650813161 7.490658027 235 235 235
1.999126653 -2.650813161 7.490658027 235 235 235
1.953512065 -2.644646443 7.467508969 235 235 235
2.098453421 -2.375641241 7.442784818 235 235 235
1.647860250 -2.422694461 7.608316188 235 235 235
-0.795329327 -2.470320410 8.242279758 235 235 235
-0.044648846 -2.277821754 8.028338401 235 235 235
-1.038592111 -2.107247405 8.262165659 235 235 235
2.047773488 -1.708161925 7.231838023 235 235 235
2.375591413 -1.649871558 7.015767993 235 235 235
-0.765833964 0.817574392 7.047126068 235 235 235
-1.479712836 -2.069297295 8.391490133 235 235 235
1.125093748 -1.440095987 7.281772678 235 235 235
0.698985238 -1.406612402 7.573205729 235 235 235
1.925839414 -1.283211526 7.206049166 235 235 235
2.345177494 -1.151894547 6.758102524 235 235 235
2.345177494 -1.151894547 6.758102524 235 235 235
0.397966639 -1.014896455 7.737805937 235 235 235
1.087023449 -0.785346917 7.022818861 235 235 235
-2.106743873 -0.926744927 8.318650234 235 235 235
-1.168480904 0.854112534 7.189736644 235 235 235
0.525579775 -0.819944609 7.992871094 235 235 235
0.282226481 -0.706573780 7.664195433 235 235 235
0.901922962 -0.020909713 6.800014270 235 235 235
0.765506586 -0.012703474 6.842055995 235 235 235
-0.000036482 0.067795688 7.019017585 235 235 235
1.526350193 0.195417740 6.588641167 235 235 235
1.494759043 0.201455130 6.600299196 235 235 235
-1.497426229 0.224593874 7.452593365 235 235 235
0.407152782 0.294085305 6.863748329 235 235 235
1.714706204 -1.414547448 7.318013488 235 235 235
-1.800598377 0.890147450 7.222581254 235 235 235
-1.238209837 0.386089983 7.304577093 235 235 235
0.140784205 0.386590459 6.936758182 235 235 235
1.156453314 0.526958013 6.505476239 235 235 235
-0.186212912 0.549782067 6.932748530 235 235 235
-1.519283796 1.242779537 7.212164429 235 235 235
-1.193526405 1.320692715 7.244568460 235 235 235
-0.307575284 1.318453740 6.755896702 235 235 235
-1.707612265 0.908153110 7.274892293 235 235 235
2.404174961 1.274678304 6.034857698 235 235 235
-0.393918313 1.552271695 6.586495447 235 235 235
-0.391417118 1.560639498 6.614450225 235 235 235
1.663638963 -4.323396397 8.246865967 235 235 235
-0.911826231 -4.229952148 8.942548919 235 235 235
-1.062265573 -4.221054401 8.991090981 235 235 235
1.907742730 -2.448231645 7.537238479 235 235 235
1.742630955 -2.448679526 7.573903631 235 235 235
-1.210794301 0.883344435 7.201324055 235 235 235
1.614294248 -2.277073200 7.562233902 235 235 235
-1.400571552 -1.984027223 8.325144589 235 235 235
-1.400571552 -1.984027223 8.325144589 235 235 235
0.579825670 -0.914062553 7.642418903 235 235 235
0.219374946 -0.894504202 7.739445178 235 235 235
1.044099923 -0.422340778 6.916923265 235 235 235
1.578981384 -0.063126520 6.647595073 235 235 235
0.803435701 0.017587072 6.839102320 235 235 235
-1.286812221 0.937844286 7.221343060 235 235 235
0.650314934 0.030308196 6.860478853 235 235 235
0.573740833 0.038537682 6.888665319 235 235 235
0.035909137 0.085690146 7.043522342 235 235 235
2.066448004 0.154736890 6.474868376 235 235 235
1.820737995 0.167505599 6.542636961 235 235 235
0.100950907 0.206627492 6.966039351 235 235 235
0.877142827 0.983461550 6.573567274 235 235 235
-1.483395190 1.251916051 7.232802404 235 235 235
-0.239957785 1.357581116 6.791394464 235 235 235
0.345794322 0.927812853 7.080938190 235 235 235
-1.424665362 1.555748566 7.306142620 235 235 235
2.209105381 1.496121275 6.154390078 235 235 235
-0.244656137 1.760938322 6.643687958 235 235 235
2.068794769 -4.103536068 8.251640278 235 235 235
-1.650423917 -3.988736978 9.093050794 235 235 235
-0.356342239 -2.064522800 8.024254425 235 235 235
-1.261965199 -2.165856969 8.336026099 235 235 235
-1.261965199 -2.165856969 8.336026099 235 235 235
1.117516966 -1.529400649 7.318130459 235 235 235
1.376595161 -1.303431252 7.362264468 235 235 235
2.344259164 0.749798058 6.114445775 235 235 235
0.346858662 -1.355647500 7.667627964 235 235 235
-1.742677284 -1.275170164 8.069165907 235 235 235
0.649358000 -0.804724688 7.592858693 235 235 235
-0.287447455 -0.796376047 7.632919988 235 235 235
2.275979062 -0.115911607 6.456312485 235 235 235
1.667148628 -0.065072947 6.629230496 235 235 235
-1.208801045 0.247364127 7.314335855 235 235 235
1.240653618 0.393550326 6.576971700 235 235 235
0.994840848 0.408956132 6.595886677 235 235 235
-0.015141080 0.988782027 6.933043412 235 235 235
1.343500210 0.472381655 6.530017101 235 235 235
-0.220631201 0.592878127 6.941463756 235 235 235
-0.971742269 1.358047716 7.099416376 235 235 235
-1.096215563 -3.971602463 8.988531290 235 235 235
-1.660054330 -3.783665562 9.037535945 235 235 235
-0.227376643 -2.319743345 8.071568907 235 235 235
1.372671037 -1.971970223 7.561418870 235 235 235
-0.979734805 -2.192680628 8.256460464 235 235 235
-0.042408758 -0.743796338 7.776815845 235 235 235
0.177950753 1.031713749 7.038906998 235 235 235
0.129885882 -0.333950807 7.252934484 235 235 235
1.865344837 -0.026183309 6.603274549 235 235 235
-1.190910703 0.736270087 7.131308604 235 235 235
2.366059270 1.037008355 6.114385619 235 235 235
-1.279435436 -3.324208644 9.031849936 235 235 235
2.242493501 -2.553834930 7.298133136 235 235 235
2.242493501 -2.553834930 7.298133136 235 235 235
1.612302516 -1.109350795 7.286099358 235 235 235
0.407184333 -0.736305082 7.668238826 235 235 235
2.383599840 -0.122208391 6.334656897 235 235 235
0.177950753 1.031713749 7.038906998 235 235 235
2.179999442 -0.045658711 6.496608800 235 235 235
1.712266305 0.150968976 6.510424076 235 235 235
1.395100785 0.152915929 6.654304649 235 235 235
1.395100785 0.152915929 6.654304649 235 235 235
1.931662260 0.356995074 6.440360764 235 235 235
1.135632767 0.503481889 6.532475192 235 235 235
1.909539617 0.587817263 6.420121036 235 235 235
-1.199101602 1.175436266 7.316951980 235 235 235
-0.282312679 1.527150896 6.698764946 235 235 235
1.897627906 -1.187769534 7.232052894 235 235 235
-2.313290916 -0.179011674 8.208493455 235 235 235
1.626561062 0.120712283 6.561831688 235 235 235
0.469732571 0.379671725 6.792239580 235 235 235
0.590416346 0.364042834 6.777048575 235 235 235
-0.140556993 0.424727978 6.931603653 235 235 235
2.177006294 0.754601713 6.301782865 235 235 235
1.695790250 -4.506338812 8.253538281 235 235 235
0.389126222 -1.247583326 7.763243154 235 235 235
1.646452236 -1.404419109 7.322907457 235 235 235
-0.138405056 1.068355718 6.879455942 235 235 235
0.121567100 -1.219927192 7.922547637 235 235 235
1.753350852 -0.895227491 7.150605858 235 235 235
1.991797472 -1.112555418 7.148195121 235 235 235
-0.887524732 -1.255548229 8.048416791 235 235 235
1.727552328 0.390102593 6.495132412 235 235 235
2.127571938 0.654728011 6.332534041 235 235 235
2.163913444 -3.822369953 8.012977084 235 235 235
1.902783567 -2.628529713 7.614071403 235 235 235
1.978712545 -4.117623973 8.264026447 235 235 235
-1.053439011 -2.261215210 8.275202829 235 235 235
-0.013236351 1.105506169 6.935507407 235 235 235
-1.057441096 0.519445747 7.202624970 235 235 235
-1.194693251 -1.266903453 8.058487174 235 235 235
-1.541769176 -2.053570694 8.404210200 235 235 235
-1.193324992 -1.261924870 8.043897193 235 235 235
0.114208342 -0.751449007 7.729681137 235 235 235
-0.923488058 0.395500669 7.237265441 235 235 235
1.432169343 -1.507703108 7.389577491 235 235 235
0.272257387 -2.383903747 7.940062410 235 235 235
-1.126583931 0.369447570 7.370832684 235 235 235
1.070455631 1.027714814 6.385116804 235 235 235
0.458248768 1.111786035 7.016201220 235 235 235
0.942797072 1.655110246 6.390565787 235 235 235
-1.844106480 -3.082314687 8.560805051 235 235 235
0.104419902 -0.647431260 7.721614239 235 235 235
1.237790869 0.942251864 6.425710747 235 235 235
-0.103960557 1.181036258 6.899141190 235 235 235
2.749759035 0.988370315 6.387721237 235 235 235
-0.266234956 1.212316745 6.816723847 235 235 235
-0.260769265 1.205456109 6.801659312 235 235 235
-1.229977450 1.351964762 7.361897534 235 235 235
1.202700533 1.107337118 6.394419382 235 235 235
1.460283374 1.132142564 6.571634090 235 235 235
0.252789342 -1.440752892 7.681910983 235 235 235
-0.195294655 1.273011936 6.833675123 235 235 235
-0.302853761 1.270939464 6.769349147 235 235 235
-1.273897679 1.411174886 7.318449854 235 235 235
-0.130019814 1.286661202 6.854820353 235 235 235
0.051226813 1.324560595 6.992457919 235 235 235
2.667704686 1.108495690 6.375330759 235 235 235
-0.274765675 1.343628064 6.776804083 235 235 235
-1.373075877 1.491533263 7.271646289 235 235 235
-1.373075877 1.491533263 7.271646289 235 235 235
-0.241844058 1.367968208 6.795256874 235 235 235
-1.841581510 0.719357566 7.295830412 235 235 235
1.602733300 -1.366279389 7.344057480 235 235 235
-0.274619881 1.402640836 6.760750793 235 235 235
-0.014408500 1.432347310 6.911516293 235 235 235
-0.246479388 1.439508757 6.782565860 235 235 235
-0.246479388 1.439508757 6.782565860 235 235 235
-1.324750136 1.903187117 7.147239014 235 235 235
-1.394107457 1.906391187 7.118775310 235 235 235
-1.383721174 1.952376400 7.088428907 235 235 235
1.158430194 1.702390310 6.183115231 235 235 235
1.913495942 -4.887994783 8.513932519 235 235 235
1.890166900 -4.514078475 8.309412994 235 235 235
2.054495620 -1.314266009 7.177596268 235 235 235
2.013726184 -4.493974972 8.288253950 235 235 235
1.427079598 -4.459130017 8.416146241 235 235 235
1.765962696 -2.832084376 8.032669930 235 235 235
1.055763384 -2.593548100 7.591615931 235 235 235
2.319590058 -2.481050644 7.305215884 235 235 235
0.681592164 -2.428070660 7.902397181 235 235 235
2.360302063 -2.131126246 7.201061710 235 235 235
1.114177574 -2.098217960 7.522390906 235 235 235
-0.226622765 -2.200447915 8.025915115 235 235 235
-1.037360653 -2.060947203 8.234545609 235 235 235
-0.936673408 -1.391580808 7.973698066 235 235 235
1.947202682 -1.255294755 7.235372346 235 235 235
-0.150260055 -1.321011002 7.779048124 235 235 235
1.709511508 -1.205964097 7.345086466 235 235 235
0.567414222 -1.152655482 7.738129625 235 235 235
0.664977740 -1.102070684 7.702137680 235 235 235
-1.634970492 -1.063348586 8.093634846 235 235 235
-0.181645716 -0.869172491 7.718752932 235 235 235
-0.410510939 -0.766013896 7.455507051 235 235 235
-1.482959633 -0.733729149 7.984335639 235 235 235
1.692373282 -1.300098748 7.365190717 235 235 235
-1.133278749 -0.718165336 7.870707270 235 235 235
-1.568359807 -0.481444625 7.902361929 235 235 235
-1.568359807 -0.481444625 7.902361929 235 235 235
2.326398935 -0.321216476 6.496227697 235 235 235
0.680240119 -0.045103066 6.863084959 235 235 235
2.179833646 0.025400017 6.415185127 235 235 235
0.383306148 0.333762587 6.874080243 235 235 235
0.316309895 0.476436025 6.825998179 235 235 235
1.219193122 0.440115200 6.608644008 235 235 235
-0.175177011 0.558166881 6.930745953 235 235 235
1.692373282 -1.300098748 7.365190717 235 235 235
1.354598986 0.470558360 6.547735261 235 235 235
2.234658380 0.422174370 6.237097432 235 235 235
-0.117069520 0.581834909 6.904143906 235 235 235
-0.221000320 0.592929280 6.916509349 235 235 235
-0.356337438 0.742713982 6.904437358 235 235 235
-1.191033792 0.818480660 7.194204360 235 235 235
1.722237396 0.670884567 6.563543651 235 235 235
1.102017168 0.845647113 6.445918653 235 235 235
2.398827891 0.747898350 6.114469784 235 235 235
1.758899132 -1.297554535 7.347748187 235 235 235
-0.201117429 1.041956330 6.844176849 235 235 235
-0.201117429 1.041956330 6.844176849 235 235 235
1.712765922 1.124982738 6.621723012 235 235 235
-1.257909180 1.719297732 7.277364010 235 235 235
1.290755630 -4.123900138 8.393168182 235 235 235
2.298854598 -3.509636265 7.674384932 235 235 235
2.306304390 -2.959646510 7.495789763 235 235 235
1.209904759 -2.611884357 7.603279908 235 235 235
1.331814982 -2.497720260 7.733493589 235 235 235
1.332260947 -2.488258808 7.713157515 235 235 235
2.128014059 -1.200530303 7.127504791 235 235 235
1.486626222 -2.314975465 7.633735433 235 235 235
-1.095298779 -2.088555667 8.220997903 235 235 235
1.183242190 -1.540698168 7.353444234 235 235 235
-1.510093460 -1.241929211 8.061497300 235 235 235
0.252623414 -0.800391281 7.505791497 235 235 235
2.742483759 -0.759330664 6.901549008 235 235 235
1.828995705 -0.740083301 7.194679475 235 235 235
1.440162421 -0.646191381 7.330389325 235 235 235
-1.644517528 -0.440607984 7.907823942 235 235 235
-0.862684286 -1.295098371 7.951178364 235 235 235
2.015198365 -0.039256166 6.511686255 235 235 235
-0.383776150 0.060233747 7.106248512 235 235 235
2.747217347 0.249196402 6.597730697 235 235 235
0.539678558 0.374320426 6.776287816 235 235 235
0.430156083 0.389177583 6.802474218 235 235 235
-1.650122198 0.566434697 7.332425185 235 235 235
0.245243135 0.555484629 6.850247860 235 235 235
0.035969490 0.570354249 6.868101228 235 235 235
0.151840152 0.608452004 6.850448699 235 235 235
2.700387898 1.066659944 6.390222024 235 235 235
0.310556542 -1.190323421 7.797691257 235 235 235
1.587455314 1.192093186 6.616494734 235 235 235
2.265685394 1.220142733 6.002372036 235 235 235
1.935077629 1.370780444 6.482179872 235 235 235
1.133936208 -4.250293324 8.222130876 235 235 235
1.807188964 -2.515249083 7.583924041 235 235 235
1.550321005 -2.506928841 7.652791576 235 235 235
1.348509014 -2.399076081 7.699515230 235 235 235
1.683640748 -2.279200631 7.576939272 235 235 235
-0.040688180 -2.362134506 8.017331081 235 235 235
2.260864161 -2.101043632 7.197914675 235 235 235
0.080124233 -1.143351664 7.689425591 235 235 235
1.552592538 -2.210152903 7.611745531 235 235 235
1.637865452 -1.747396847 7.480404825 235 235 235
1.923223769 -1.439710673 7.264339200 235 235 235
-0.038439778 -1.372150044 7.735843069 235 235 235
0.329730366 -1.350940352 7.744524152 235 235 235
0.160854487 -1.311098613 7.752316572 235 235 235
-1.633231631 -1.338168721 8.142107257 235 235 235
-1.657857125 -1.230993049 8.098584675 235 235 235
1.330459569 -1.055228708 7.359071255 235 235 235
1.547787222 -1.035874974 7.288669520 235 235 235
2.316686648 0.697331955 6.127866456 235 235 235
0.080124233 -1.143351664 7.689425591 235 235 235
-1.378370754 -0.802354627 7.920223303 235 235 235
2.537786721 -0.639357955 6.865026808 235 235 235
1.086836381 -0.356406407 6.864415531 235 235 235
2.402550444 -0.346577526 6.572751903 235 235 235
1.711384046 0.071132083 6.590678339 235 235 235
1.553730760 0.104667116 6.623601040 235 235 235
-0.745536783 0.221552807 7.234477268 235 235 235
-1.368945335 0.550023752 7.268551772 235 235 235
0.452954532 0.471266873 6.768896459 235 235 235
0.239377957 -1.169049347 7.799327223 235 235 235
-0.352305477 1.160428490 6.791682865 235 235 235
-1.696243300 1.567308568 7.076104394 235 235 235
1.699349473 1.386671958 6.546757959 235 235 235
1.385414193 -4.208151397 8.429180038 235 235 235
2.032946609 -1.257662240 7.186595273 235 235 235
1.858894391 0.263153235 6.467513935 235 235 235
-0.117174940 0.680120983 6.881129925 235 235 235
1.191822945 1.037828810 6.411088014 235 235 235
0.239377957 -1.169049347 7.799327223 235 235 235
2.288620550 -1.601349958 7.050913916 235 235 235
1.055167645 -1.481790234 7.360498509 235 235 235
1.365874560 0.634087602 6.502065054 235 235 235
0.758481927 -1.396915545 7.508739740 235 235 235
-0.222288713 -1.427471449 7.771380834 235 235 235
1.521800959 -1.086381771 7.307733787 235 235 235
1.055728485 -1.026932391 7.188978934 235 235 235
1.840144547 -4.083522725 8.328335926 235 235 235
-1.726241535 -4.868111279 9.380345852 235 235 235
-1.279159794 -4.280861439 9.026110596 235 235 235
1.341806998 -1.078952390 7.326222032 235 235 235
-0.975959902 -4.016530514 9.022641839 235 235 235
-1.436062187 -4.070104803 9.144055774 235 235 235
-1.476525026 -3.996245950 9.113889182 235 235 235
-1.454904521 -3.985294187 9.131437107 235 235 235
-1.432361152 -3.236770379 9.074827796 235 235 235
0.706058284 -2.405846500 7.877509996 235 235 235
0.317668770 -2.431055545 7.946975840 235 235 235
-0.492207008 -2.428705505 7.965806604 235 235 235
-0.136237590 -2.385680781 8.032179203 235 235 235
-1.581392118 -2.560238937 8.667926296 235 235 235
-0.340921991 -1.097570630 7.626891267 235 235 235
-0.812159721 -2.355369906 8.176511832 235 235 235
-1.173056825 -2.301714054 8.287292126 235 235 235
-1.787574629 -2.284071383 8.319816353 235 235 235
1.396568843 -1.498062762 7.399897285 235 235 235
-5.032064627 -6.223866796 34.898926506 235 235 235
0.498851490 -1.515476916 7.644126425 235 235 235
1.607332882 -1.385001393 7.330631698 235 235 235
1.522765905 -1.295279087 7.308822317 235 235 235
0.707762692 -1.365548497 7.559065123 235 235 235
0.780559469 -1.318941384 7.526169552 235 235 235
-1.272636888 -1.063844565 8.011229612 235 235 235
-0.112464025 -1.391456775 7.757385922 235 235 235
-0.005226058 -1.314004753 7.730583792 235 235 235
-0.127346127 -1.233523619 7.710179744 235 235 235
-1.387277337 -1.353049179 8.071678814 235 235 235
-1.649742199 -1.333420569 8.108218881 235 235 235
0.302378844 -1.162539134 7.809439053 235 235 235
1.159589333 -1.001624506 7.138942645 235 235 235
1.159589333 -1.001624506 7.138942645 235 235 235
1.300337990 -0.997525658 7.314904706 235 235 235
1.300337990 -0.997525658 7.314904706 235 235 235
2.057419963 -0.961527879 7.187650890 235 235 235
-1.109750429 -1.176580708 7.957268965 235 235 235
-1.027361779 -1.106988719 7.957728737 235 235 235
-1.223245701 -1.090102688 8.012779427 235 235 235
0.555091816 -0.918287022 7.666503012 235 235 235
-1.334788954 -1.053765572 7.986839212 235 235 235
-1.334788954 -1.053765572 7.986839212 235 235 235
0.638016742 -0.898193481 7.633582225 235 235 235
-1.137759067 -0.995524190 8.017025352 235 235 235
-0.361755736 -0.825107956 7.467203367 235 235 235
0.203238520 -0.760982878 7.700297578 235 235 235
0.365322761 -0.954599181 7.732754000 235 235 235
1.066476996 -0.599139504 6.958447503 235 235 235
-0.905803981 -0.734115597 7.872058770 235 235 235
-1.562499362 -0.765862545 7.998022487 235 235 235
-1.437858819 -0.496196561 7.991230719 235 235 235
1.645928438 -0.318024647 6.768546616 235 235 235
0.517698077 -0.329158585 7.510845546 235 235 235
-1.625931876 -0.361147004 7.867405484 235 235 235
1.661560219 -0.162640257 6.631774222 235 235 235
1.440090313 -0.142205117 6.692406068 235 235 235
0.462461940 -0.951904800 7.694279619 235 235 235
1.315235013 -0.133354906 6.728498595 235 235 235
0.390465935 -0.059128706 8.828623725 235 235 235
0.521365191 -0.007293012 6.900366673 235 235 235
-0.477128061 0.023687803 7.104756513 235 235 235
2.145279932 0.103331727 6.417191185 235 235 235
-0.292815460 0.082276901 7.063703680 235 235 235
1.877322986 0.189036383 6.488078545 235 235 235
-1.410229486 0.235493750 7.407634603 235 235 235
-1.256468874 0.247780035 7.350693364 235 235 235
0.746702334 0.273001595 6.772241975 235 235 235
0.462461940 -0.951904800 7.694279619 235 235 235
0.872090273 0.348829797 6.674389832 235 235 235
-1.035621935 0.362422987 7.238651326 235 235 235
2.237762679 0.396745370 6.238473227 235 235 235
2.370116409 0.397548355 6.194434291 235 235 235
1.837870225 0.414061721 6.387833832 235 235 235
1.786986905 0.419528178 6.423062156 235 235 235
1.973999928 0.440757573 6.376106276 235 235 235
1.973999928 0.440757573 6.376106276 235 235 235
0.839252021 0.498501041 6.672554354 235 235 235
0.839252021 0.498501041 6.672554354 235 235 235
2.687144300 0.729408495 6.489689305 235 235 235
-1.038843984 -0.919372317 7.943347887 235 235 235
-0.819661422 0.504638137 7.122287999 235 235 235
-0.849258694 0.508979832 7.126133986 235 235 235
0.702421756 0.507650032 6.702370257 235 235 235
0.118902079 0.519889195 6.857122523 235 235 235
0.881024885 0.528730732 6.670571752 235 235 235
0.331185070 0.546546341 6.848618246 235 235 235
0.286563902 0.553521330 6.863668830 235 235 235
0.432766284 0.584980902 6.813995481 235 235 235
-1.210453348 0.611117230 7.197183514 235 235 235
2.748776834 0.630248462 6.481887757 235 235 235
0.612844059 -0.901181515 7.641490321 235 235 235
-0.248481985 0.665314094 6.924129965 235 235 235
0.861343046 0.659608756 6.626119500 235 235 235
0.891744315 0.671460798 6.615353174 235 235 235
-0.859077094 0.720025835 7.100237199 235 235 235
0.865312812 0.704571543 6.609818983 235 235 235
-1.265086451 0.740466263 7.212943229 235 235 235
1.709109374 0.720183450 6.593699186 235 235 235
-0.744526498 0.742028696 7.055998531 235 235 235
-0.686246396 0.742158911 7.040360189 235 235 235
-0.255227726 0.749533653 6.881794423 235 235 235
-1.508535055 -0.866816785 7.993158298 235 235 235
0.312730505 0.851273806 7.015633547 235 235 235
-1.284660897 0.864579271 7.155871887 235 235 235
-1.111500940 0.882353965 7.207377698 235 235 235
-0.279467084 0.862902199 6.859817165 235 235 235
-0.283576138 0.863844015 6.870070706 235 235 235
1.282278632 0.850243602 6.461560738 235 235 235
-0.277154064 0.903219493 6.840552623 235 235 235
-1.400230814 0.961778600 7.141438708 235 235 235
-1.240173156 0.997444976 7.241435132 235 235 235
2.681918110 0.920120912 6.402448570 235 235 235
-0.038586760 -0.873228384 7.795428108 235 235 235
0.178175570 0.999724132 7.021888837 235 235 235
-1.369474388 1.033416398 7.217262035 235 235 235
-0.442076532 0.997404811 6.801288648 235 235 235
-1.129345990 1.071145884 7.301250322 235 235 235
0.111062885 1.062638002 7.000595231 235 235 235
-1.347919878 1.267519507 7.274896300 235 235 235
1.160547507 1.340300554 6.262687521 235 235 235
1.184076525 1.673638271 6.178466561 235 235 235
1.084071781 1.698667499 6.207871505 235 235 235
2.080583892 -5.080305654 8.499966751 235 235 235
0.430564832 -0.823734812 7.664899024 235 235 235
2.179597681 -4.751885049 8.241072772 235 235 235
1.906087314 -4.633770470 8.340739791 235 235 235
1.823660619 -4.625943974 8.361569091 235 235 235
1.450372998 -4.697948451 8.430713617 235 235 235
1.838878229 -4.537026777 8.320362301 235 235 235
1.358221615 -4.607155944 8.468810470 235 235 235
1.209033795 -4.588395610 8.489231637 235 235 235
1.209033795 -4.588395610 8.489231637 235 235 235
1.889768876 -4.287488258 8.384091814 235 235 235
2.625122754 -4.434221007 8.992016680 235 235 235
-1.692474897 -0.736124572 7.810175794 235 235 235
1.762922180 -4.198528703 8.270098143 235 235 235
-0.435247042 -4.750001204 8.974489014 235 235 235
-0.476637556 -4.562170180 8.846591366 235 235 235
-1.776323985 -4.651052601 9.237576298 235 235 235
-0.954068846 -4.401462848 8.977105456 235 235 235
-0.954068846 -4.401462848 8.977105456 235 235 235
-0.845955721 -4.331354765 8.930791747 235 235 235
-1.769517010 -4.449844208 9.123263340 235 235 235
-1.753116023 -4.382650585 9.131912421 235 235 235
-1.318087907 -4.279974634 9.041577781 235 235 235
2.801575047 -0.717830382 6.852890003 235 235 235
-1.806900100 -4.345541662 9.139258449 235 235 235
-1.550544332 -4.127395562 9.082064489 235 235 235
-0.408330907 -3.805503948 8.596800650 235 235 235
1.766290910 -3.250883311 8.011247971 235 235 235
2.296233732 -2.924814634 7.487563977 235 235 235
-1.490238197 -3.820362173 9.082945526 235 235 235
-1.575702155 -3.699985490 9.002870726 235 235 235
-1.575702155 -3.699985490 9.002870726 235 235 235
2.417351997 -2.657623958 7.304669413 235 235 235
2.348868031 -2.650344155 7.312795283 235 235 235
0.048471148 -0.741988546 7.759677449 235 235 235
2.658917618 -2.643529544 7.443229131 235 235 235
2.658917618 -2.643529544 7.443229131 235 235 235
-0.394807969 -3.299136651 8.436077333 235 235 235
-1.575626558 -3.582782305 8.969509541 235 235 235
-1.575626558 -3.582782305 8.969509541 235 235 235
2.219258940 -2.638099658 7.343793930 235 235 235
-1.575965496 -3.543842998 8.961564484 235 235 235
1.050661931 -2.812628444 7.786518791 235 235 235
-0.392286026 -3.128952369 8.379519631 235 235 235
-1.041965472 -3.293186595 8.774090769 235 235 235
0.630475464 -0.653867860 7.557794997 235 235 235
2.012667209 -2.586388101 7.536992242 235 235 235
-1.082538276 -3.265125647 8.747462775 235 235 235
-0.392776882 -3.053930421 8.360662695 235 235 235
-0.012650812 -3.441445318 9.818021849 235 235 235
1.918059064 -2.574632863 7.570389628 235 235 235
1.807978466 -2.565718224 7.586039727 235 235 235
2.225888216 -2.422495720 7.281254134 235 235 235
2.225888216 -2.422495720 7.281254134 235 235 235
-1.610571794 -3.231603946 8.846088087 235 235 235
1.599290063 -2.549932465 7.644848836 235 235 235
1.152913601 -0.541155996 6.940578596 235 235 235
1.470330331 -2.557266560 7.662629362 235 235 235
1.470330331 -2.557266560 7.662629362 235 235 235
2.526771730 -2.376540328 7.433521879 235 235 235
-1.078233156 -3.098181853 8.693944915 235 235 235
1.835168776 -2.482638850 7.589706189 235 235 235
2.039202554 -2.428508856 7.521159846 235 235 235
-1.609731487 -3.125485076 8.811719233 235 235 235
1.008683049 -2.532822085 7.635313569 235 235 235
-1.699233777 -3.056057792 8.736557534 235 235 235
-1.566101142 -3.033046618 8.804655133 235 235 235
2.835076611 1.132339721 6.325919525 235 235 235
-1.566101142 -3.033046618 8.804655133 235 235 235
1.304653209 -2.445516278 7.755404300 235 235 235
1.314964477 -2.433556410 7.715680906 235 235 235
-1.559457171 -2.985454054 8.781103031 235 235 235
-1.559245837 -2.985605109 8.780628899 235 235 235
0.714941051 -2.461906664 7.853001666 235 235 235
-1.558336904 -2.910404577 8.758960633 235 235 235
0.642968570 -2.455199385 7.869869098 235 235 235
0.642968570 -2.455199385 7.869869098 235 235 235
-1.697882626 -2.892685461 8.694952046 235 235 235
1.165826837 -0.431309416 6.904228096 235 235 235
-1.698480191 -2.892813268 8.696066903 235 235 235
0.246192815 -2.421395337 7.951897345 235 235 235
-1.614358485 -2.748575485 8.699170186 235 235 235
-1.614358485 -2.748575485 8.699170186 235 235 235
-0.106625019 -2.391633090 8.025629937 235 235 235
-0.493818299 -2.402871064 7.966756486 235 235 235
-0.180632046 -2.388112288 8.046294918 235 235 235
-0.173943737 -2.274389955 8.020563290 235 235 235
-0.173943737 -2.274389955 8.020563290 235 235 235
-2.009549615 -2.455689193 8.408601243 235 235 235
2.385098336 -0.365774503 6.508522669 235 235 235
-0.955926878 -2.320786558 8.225730266 235 235 235
-0.323255580 -2.220069606 8.029886684 235 235 235
-1.027752593 -2.312501340 8.243372759 235 235 235
-1.027752593 -2.312501340 8.243372759 235 235 235
-1.100126999 -2.308141922 8.264547640 235 235 235
2.243699150 -1.719958258 7.075030312 235 235 235
2.609032318 -1.708974618 7.186973525 235 235 235
2.609032318 -1.708974618 7.186973525 235 235 235
-1.668450854 -2.280422443 8.417224630 235 235 235
-1.668450854 -2.280422443 8.417224630 235 235 235
1.756146903 -0.171653673 6.609508261 235 235 235
2.682197865 -1.648964355 7.172303791 235 235 235
2.318465242 -1.634619663 6.978537063 235 235 235
-1.666490329 -2.206311493 8.391562471 235 235 235
1.909470227 -1.646580369 7.312101522 235 235 235
1.909470227 -1.646580369 7.312101522 235 235 235
-1.356575460 -2.076625856 8.335320954 235 235 235
1.649253683 -1.621870592 7.381633408 235 235 235
1.467834628 -1.604620066 7.429413957 235 235 235
1.105048116 -1.612160287 7.350121937 235 235 235
2.085288467 -1.466370666 7.222856668 235 235 235
2.340126228 -0.089405879 6.379445137 235 235 235
1.797310476 -1.427235093 7.281097196 235 235 235
1.725426753 -1.434398228 7.313669187 235 235 235
1.837121229 -1.414148697 7.261460899 235 235 235
1.685319027 -1.420930574 7.314392378 235 235 235
1.908087444 -1.384898925 7.232018201 235 235 235
1.997603172 -1.331232591 7.187750448 235 235 235
2.025934017 -1.307655668 7.166268413 235 235 235
1.602625881 -1.364653112 7.338749279 235 235 235
0.278065307 -1.492546399 7.686078819 235 235 235
0.278065307 -1.492546399 7.686078819 235 235 235
2.674192938 0.166339213 6.631180520 235 235 235
0.231935968 -1.491158121 7.697816216 235 235 235
1.279728845 -1.365097639 7.430368656 235 235 235
-0.304734580 -1.444925291 7.798359723 235 235 235
1.840688402 -1.203455630 7.324582133 235 235 235
0.815349733 -1.289841658 7.497548631 235 235 235
-0.201532134 -1.379288259 7.772856325 235 235 235
-0.448321869 -1.384555760 7.718636480 235 235 235
-0.425632242 -1.372950167 7.659821188 235 235 235
0.240917247 -1.275805677 7.747142545 235 235 235
2.330523189 -0.964612837 6.741146179 235 235 235
0.966423536 0.325988581 6.609668290 235 235 235
0.337062901 -1.187157026 7.795604401 235 235 235
0.337062901 -1.187157026 7.795604401 235 235 235
0.218699979 -1.149875241 7.812760932 235 235 235
1.273905021 -1.031198756 7.331587817 235 235 235
-0.375870064 -1.155079182 7.680324723 235 235 235
0.107444874 -1.131869783 7.800556624 235 235 235
-1.100858439 -1.218505817 7.950863837 235 235 235
0.431815972 -0.993747192 7.712056215 235 235 235
1.271915404 -0.883912185 7.291420914 235 235 235
0.729228550 0.362311601 6.715636159 235 235 235
0.618960102 -0.923481928 7.662692295 235 235 235
-1.139047533 -1.049758255 8.009872973 235 235 235
2.358530623 -0.730935365 6.649312553 235 235 235
0.272293898 -0.937120030 7.745083420 235 235 235
-1.309500983 -1.034267402 8.004675672 235 235 235
-1.675671475 -1.052923228 8.014506122 235 235 235
-1.287428558 -0.996004140 8.039775307 235 235 235
0.375979338 -0.827267666 7.685797034 235 235 235
0.120832949 -0.835510389 7.736608496 235 235 235
-1.193835094 -0.895723067 7.996208974 235 235 235
-0.931784718 0.456490725 7.186202848 235 235 235
-1.296793388 -0.864999425 7.943149426 235 235 235
-1.505268418 -0.866068720 7.984356587 235 235 235
-0.321908322 -0.773342186 7.553381652 235 235 235
0.684001609 -0.725243105 7.583718051 235 235 235
0.120560615 -0.719315571 7.708178230 235 235 235
-1.540077571 -0.801344111 7.972117755 235 235 235
-1.111243741 -0.759463640 7.885727665 235 235 235
-1.580551091 -0.730556406 7.999982968 235 235 235
-1.568032752 -0.730334541 7.965852773 235 235 235
-0.990694466 0.522523864 7.165805527 235 235 235
-1.716879882 -0.717821051 7.803416530 235 235 235
-1.591824832 -0.661041878 7.950343544 235 235 235
0.551629269 -0.484824807 7.538794695 235 235 235
0.601602118 -0.480458655 7.542849036 235 235 235
-1.050759692 -0.542770063 7.850820498 235 235 235
-0.337956016 -0.484955977 7.403562786 235 235 235
0.678281274 -0.346689924 7.478448200 235 235 235
-4.008668135 -0.853324843 25.913187824 235 235 235
2.372618395 -0.230859851 6.393038497 235 235 235
1.401210041 -0.243154992 6.802038279 235 235 235
2.841122218 1.174185448 6.330794558 235 235 235
1.300129706 0.411559673 6.568498768 235 235 235
-5.988316365 -0.549229624 28.022989106 235 235 235
0.754038107 -0.062400905 6.775522182 235 235 235
0.719188291 -0.063315034 6.868319243 235 235 235
0.339054969 -0.001727382 6.941413873 235 235 235
-1.423323225 -0.028174870 7.840993292 235 235 235
-1.423323225 -0.028174870 7.840993292 235 235 235
-0.434581056 0.059324281 7.085718060 235 235 235
-0.434581056 0.059324281 7.085718060 235 235 235
0.559139063 0.092935369 6.886807182 235 235 235
2.674192938 0.166339213 6.631180520 235 235 235
0.217117017 0.475145277 6.831062505 235 235 235
0.926353897 0.234490000 6.737603661 235 235 235
1.046039390 0.246756041 6.634141168 235 235 235
2.088504178 0.266751703 6.370662649 235 235 235
1.639147550 0.283929919 6.490265237 235 235 235
1.639147550 0.283929919 6.490265237 235 235 235
-1.503742680 0.259611020 7.390957074 235 235 235
1.502322607 0.321768726 6.525587952 235 235 235
1.003135964 0.322945690 6.602246294 235 235 235
0.826836416 0.353570677 6.699266380 235 235 235
-0.931617867 0.348479977 7.221509878 235 235 235
-0.939960481 0.538805791 7.160002807 235 235 235
0.390242115 0.394274897 6.801229827 235 235 235
-0.952453017 0.425716022 7.215298704 235 235 235
1.708422994 0.467823819 6.446915502 235 235 235
-1.165658530 0.482008075 7.225135493 235 235 235
0.645686934 0.494024529 6.726011630 235 235 235
-0.918297646 0.516459445 7.149418295 235 235 235
-0.944561106 0.518422854 7.149756606 235 235 235
-0.439734223 0.510440944 6.951375820 235 235 235
0.034817129 0.522508593 6.874992333 235 235 235
0.315826644 0.528218657 6.862469252 235 235 235
-0.973488049 0.562489513 7.150115871 235 235 235
-0.228580180 0.562697222 6.938541136 235 235 235
0.708697975 0.562873406 6.695718571 235 235 235
-0.702381675 0.613610974 7.076734330 235 235 235
-0.239808334 0.634502813 6.924300327 235 235 235
1.559356108 0.624069446 6.499364877 235 235 235
-0.328974953 0.642941952 6.937729975 235 235 235
-0.293105695 0.653308732 6.912978855 235 235 235
1.409163491 0.648325899 6.453474060 235 235 235
1.531517530 0.647886134 6.500814357 235 235 235
-0.730077278 0.605493475 7.089460956 235 235 235
-1.060851915 0.682481292 7.151095423 235 235 235
-0.958292790 0.703020011 7.128631091 235 235 235
-0.878407419 0.693726526 7.055471769 235 235 235
0.249978707 0.714541811 6.935271036 235 235 235
1.643126763 0.694036460 6.551066379 235 235 235
1.601786085 0.699551887 6.541572845 235 235 235
-0.969640951 0.725797588 7.131656156 235 235 235
-1.253490903 0.823078749 7.159612097 235 235 235
-1.442218968 0.882441659 7.189167737 235 235 235
2.274388803 0.437762985 6.221778614 235 235 235
1.104998785 0.813131073 6.450625525 235 235 235
-0.189274163 0.900001426 6.839959201 235 235 235
0.266447863 0.933754559 7.048671167 235 235 235
0.189067593 0.968703805 7.022700047 235 235 235
0.145214137 0.978009636 6.998666886 235 235 235
0.251987501 0.991352702 7.046276989 235 235 235
-1.153296620 1.038198635 7.274589855 235 235 235
-1.361277852 1.063737845 7.518141234 235 235 235
0.223300341 1.030680071 7.041842832 235 235 235
-0.329810428 0.998205119 6.844001994 235 235 235
-0.956208413 0.623357481 7.145681642 235 235 235
-1.288772878 1.053552548 7.234929186 235 235 235
1.107140476 0.999415120 6.295733711 235 235 235
-0.443439970 1.064616586 6.776516423 235 235 235
2.424572897 1.023573489 6.061818683 235 235 235
2.249333303 1.034076827 6.052040165 235 235 235
2.697410575 1.197725779 6.349137198 235 235 235
2.759860836 1.420868085 6.287175066 235 235 235
1.079477315 1.685538282 6.183264736 235 235 235
1.846349704 -4.731564122 8.345219254 235 235 235
0.261882123 0.608099750 6.885213811 235 235 235
1.669459453 -4.613379396 8.393653667 235 235 235
1.179758610 -4.662917504 8.503950690 235 235 235
2.532842903 -4.227347462 8.073922499 235 235 235
1.587848177 -4.479852791 8.356962649 235 235 235
1.273758575 -4.575567564 8.480101649 235 235 235
1.726016757 -4.247094648 8.272099997 235 235 235
1.444999131 -4.328141193 8.475262823 235 235 235
1.198581879 -4.183175355 8.368474853 235 235 235
-0.843277991 -4.652993434 8.969617838 235 235 235
0.093061048 0.625033902 6.876622013 235 235 235
-1.893646049 -4.408698804 9.151376738 235 235 235
-0.317764154 -4.053084174 8.720709661 235 235 235
-1.165202990 -4.139869742 8.959851501 235 235 235
2.765914075 -3.526176559 9.021284327 235 235 235
-1.619016109 -3.754034717 8.994357721 235 235 235
1.728276703 -2.988022048 7.909932958 235 235 235
2.379561739 -2.659181071 7.307063799 235 235 235
-1.084159286 -3.501917063 8.814326923 235 235 235
-1.570263229 -3.257903378 8.878206492 235 235 235
-1.075287196 -3.127693868 8.700631124 235 235 235
-0.719293686 0.696708192 7.064828924 235 235 235
1.139233590 -2.544999749 7.601890665 235 235 235
2.311510790 -2.330489646 7.266910739 235 235 235
0.777846973 -2.399877748 7.842707042 235 235 235
-1.610422046 -2.785788073 8.717973877 235 235 235
-0.591719140 -2.408725902 8.022524707 235 235 235
-1.512719882 -2.619136640 8.703334194 235 235 235
-0.164846641 -2.308822581 8.044847160 235 235 235
-1.700124776 -2.495734808 8.327930182 235 235 235
-0.521037114 -2.182506084 7.940698020 235 235 235
2.548660615 -1.738488933 7.162265956 235 235 235
1.090819560 1.699307413 6.177092409 235 235 235
-1.849999018 0.760420914 7.274307794 235 235 235
2.598891894 -1.691890681 7.221988897 235 235 235
2.041450270 -1.653625520 7.279717262 235 235 235
1.736913927 -1.626396113 7.357976623 235 235 235
-1.779152581 -2.066702769 8.271011243 235 235 235
2.827688105 -1.728308046 8.562264574 235 235 235
-1.676100797 -2.040102545 8.365384718 235 235 235
-1.676100797 -2.040102545 8.365384718 235 235 235
2.007981266 -1.528994084 7.247415223 235 235 235
-1.712418846 -1.971551993 8.313025907 235 235 235
1.297191947 -1.584712140 7.472843934 235 235 235
-1.849999018 0.760420914 7.274307794 235 235 235
1.735181884 -1.459636759 7.314431024 235 235 235
1.332544212 -1.481390754 7.433975882 235 235 235
1.902105558 -1.414045794 7.253500565 235 235 235
0.842406081 -1.500303798 7.567740356 235 235 235
2.025773312 -1.335062501 7.179279494 235 235 235
-0.381071319 -1.560157754 7.697282988 235 235 235
2.108435466 -1.230348189 7.123132549 235 235 235
2.671361505 -1.155574398 7.019130874 235 235 235
1.449609490 -1.221469698 7.299548860 235 235 235
0.112681455 -1.348049276 7.711010165 235 235 235
-1.215802280 0.773296792 7.171097463 235 235 235
2.501701403 -1.048522675 6.970924142 235 235 235
0.099134594 -1.215202819 7.756250388 235 235 235
0.099083539 -1.215350589 7.756575754 235 235 235
1.936170580 -0.969888324 7.216173817 235 235 235
-0.975765699 -1.200287424 7.907830684 235 235 235
1.953088136 -0.950331573 7.230294981 235 235 235
1.918330406 -0.931195537 7.228986858 235 235 235
1.503041574 -0.909018256 7.351996015 235 235 235
-0.104098852 -1.032900643 7.774995737 235 235 235
-0.104143723 -1.032487161 7.773455181 235 235 235
2.749319337 0.631098029 6.484884679 235 235 235
0.587692010 -0.962430167 7.684520421 235 235 235
-0.908322999 -1.055685335 7.901839761 235 235 235
0.256564037 -0.969358285 7.749679220 235 235 235
-0.812124991 -1.034896211 7.849329095 235 235 235
1.370140938 -0.842261796 7.325463497 235 235 235
0.239555726 -0.933114939 7.762022561 235 235 235
1.404812736 -0.820780661 7.357780816 235 235 235
-0.007468908 -0.934582743 7.822253773 235 235 235
-1.675598998 -1.028865361 7.969197963 235 235 235
0.000845275 -0.894099231 7.796993370 235 235 235
2.426338923 0.671123631 6.119587828 235 235 235
0.649497575 -0.844970125 7.614367024 235 235 235
0.191651093 -0.862811321 7.721649731 235 235 235
-0.982671220 -0.931394941 7.936572791 235 235 235
0.522043728 -0.731417370 7.623558377 235 235 235
0.711920677 -0.726651859 7.601264730 235 235 235
0.665941224 -0.711846265 7.582736531 235 235 235
0.173009777 -0.740439028 7.712637233 235 235 235
0.143733097 -0.737090969 7.704312866 235 235 235
0.508548122 -0.675869946 7.617259704 235 235 235
0.325991737 -0.633843317 7.573590184 235 235 235
0.262422471 0.897493082 7.017009487 235 235 235
0.649883201 -0.637698563 7.565503859 235 235 235
-1.413064561 -0.639102794 8.006838191 235 235 235
-1.413064561 -0.639102794 8.006838191 235 235 235
0.596535674 -0.516556478 7.544785433 235 235 235
-1.594229262 -0.631687586 7.942744383 235 235 235
-0.994496963 -0.589687753 7.869058899 235 235 235
1.067353381 -0.453247247 6.924854901 235 235 235
2.013057987 -0.383679197 6.618515987 235 235 235
1.661337989 -0.445300939 9.297918036 235 235 235
1.661337989 -0.445300939 9.297918036 235 235 235
0.223287532 0.933536930 7.025270972 235 235 235
1.753880199 -0.358313698 6.663432142 235 235 235
2.635110320 -0.321808447 6.802418180 235 235 235
-1.713993215 -0.491299716 7.739516582 235 235 235
-0.526869527 -0.419202634 7.350983405 235 235 235
-0.428884857 -0.398741801 7.323566893 235 235 235
-0.410172333 -0.368075272 7.267393126 235 235 235
-0.410172333 -0.368075272 7.267393126 235 235 235
-0.472709787 -0.335923467 7.323596096 235 235 235
0.646186862 -0.251531253 7.394280315 235 235 235
-1.199385235 1.045133504 7.275862302 235 235 235
2.030976644 -0.175248655 6.524134612 235 235 235
2.725216101 -0.145361853 6.702568610 235 235 235
-1.676281646 -0.242989476 7.685681083 235 235 235
1.537659823 -0.116445324 6.668736166 235 235 235
1.167789319 -0.101730156 6.767741806 235 235 235
1.015816851 -0.096131037 6.691509038 235 235 235
1.933219371 -0.047862451 6.549560208 235 235 235
0.757008336 -0.052702770 6.862520742 235 235 235
0.418773372 -0.038065408 6.929098694 235 235 235
-1.458176638 1.097102252 7.115520354 235 235 235
0.741808969 -0.023924172 6.828156983 235 235 235
0.270116331 -0.026885000 6.955142218 235 235 235
1.707015629 0.096069768 6.373285395 235 235 235
2.788175309 0.151352115 6.601575940 235 235 235
-0.664703981 0.090602430 7.224071519 235 235 235
-0.843560207 0.093896679 7.238314572 235 235 235
2.362807147 0.208442252 6.243700298 235 235 235
1.541407495 0.203250537 6.514864191 235 235 235
2.665099506 0.245840270 6.631746005 235 235 235
2.086338972 0.245622613 6.373660780 235 235 235
1.351734864 0.923675836 6.483722795 235 235 235
2.054199837 0.248701268 6.385086900 235 235 235
2.130935513 0.281872141 6.366598363 235 235 235
2.405335554 0.334149793 6.242456269 235 235 235
1.258940379 0.343230476 6.602410446 235 235 235
1.254566797 0.429725706 6.589785489 235 235 235
1.297005596 0.433956075 6.568369726 235 235 235
1.764516507 0.431480262 6.435240771 235 235 235
1.572255134 0.458539995 6.486047328 235 235 235
0.542323839 0.498475886 6.753064535 235 235 235
0.756088256 0.525509494 6.685632126 235 235 235
-0.648154231 0.900301683 3.115821342 255 64 64
0.033166441 -0.420505392 -1.923203689 255 64 64
3.413950014 0.060356543 0.296352241 255 64 64
-3.939066955 -1.225212398 -3.086555838 255 64 64
-3.633721817 -1.093453797 -2.851758019 255 64 64
1.393566945 0.096546832 -0.349405014 255 64 64
3.330401230 -0.087069628 -0.362052605 255 64 64
1.372676799 0.103596308 -0.318220301 255 64 64
-0.783767518 0.648190152 2.169914724 255 64 64
-0.539050908 1.017249697 3.309107161 255 64 64
